5857 4876 1
0 0
0.00390625 0
0.00390625 0.00390625
0 0.00390625
0.0078125 0
0.0078125 0.00390625
0.00390625 0.0078125
0 0.0078125
0.01171875 0
0.01171875 0.00390625
0.015625 0
0.015625 0.00390625
0.00390625 0.01171875
0 0.01171875
0.00390625 0.015625
0 0.015625
0.01953125 0
0.01953125 0.00390625
0.0234375 0
0.0234375 0.00390625
0.02734375 0
0.02734375 0.00390625
0.03125 0
0.03125 0.00390625
0.00390625 0.01953125
0 0.01953125
0.00390625 0.0234375
0 0.0234375
0.00390625 0.02734375
0 0.02734375
0.00390625 0.03125
0 0.03125
0.03515625 0
0.03515625 0.00390625
0.0390625 0
0.0390625 0.00390625
0.04296875 0
0.04296875 0.00390625
0.046875 0
0.046875 0.00390625
0.05078125 0
0.05078125 0.00390625
0.0546875 0
0.0546875 0.00390625
0.05859375 0
0.05859375 0.00390625
0.0625 0
0.0625 0.00390625
0.00390625 0.03515625
0 0.03515625
0.00390625 0.0390625
0 0.0390625
0.00390625 0.04296875
0 0.04296875
0.00390625 0.046875
0 0.046875
0.00390625 0.05078125
0 0.05078125
0.00390625 0.0546875
0 0.0546875
0.00390625 0.05859375
0 0.05859375
0.00390625 0.0625
0 0.0625
0.06640625 0
0.06640625 0.00390625
0.0703125 0
0.0703125 0.00390625
0.07421875 0
0.07421875 0.00390625
0.078125 0
0.078125 0.00390625
0.08203125 0
0.08203125 0.00390625
0.0859375 0
0.0859375 0.00390625
0.08984375 0
0.08984375 0.00390625
0.09375 0
0.09375 0.00390625
0.09765625 0
0.09765625 0.00390625
0.1015625 0
0.1015625 0.00390625
0.10546875 0
0.10546875 0.00390625
0.109375 0
0.109375 0.00390625
0.11328125 0
0.11328125 0.00390625
0.1171875 0
0.1171875 0.00390625
0.12109375 0
0.12109375 0.00390625
0.125 0
0.125 0.00390625
0.00390625 0.06640625
0 0.06640625
0.00390625 0.0703125
0 0.0703125
0.00390625 0.07421875
0 0.07421875
0.00390625 0.078125
0 0.078125
0.00390625 0.08203125
0 0.08203125
0.00390625 0.0859375
0 0.0859375
0.00390625 0.08984375
0 0.08984375
0.00390625 0.09375
0 0.09375
0.00390625 0.09765625
0 0.09765625
0.00390625 0.1015625
0 0.1015625
0.00390625 0.10546875
0 0.10546875
0.00390625 0.109375
0 0.109375
0.00390625 0.11328125
0 0.11328125
0.00390625 0.1171875
0 0.1171875
0.00390625 0.12109375
0 0.12109375
0.00390625 0.125
0 0.125
0.12890625 0
0.12890625 0.00390625
0.1328125 0
0.1328125 0.00390625
0.13671875 0
0.13671875 0.00390625
0.140625 0
0.140625 0.00390625
0.14453125 0
0.14453125 0.00390625
0.1484375 0
0.1484375 0.00390625
0.15234375 0
0.15234375 0.00390625
0.15625 0
0.15625 0.00390625
0.16015625 0
0.16015625 0.00390625
0.1640625 0
0.1640625 0.00390625
0.16796875 0
0.16796875 0.00390625
0.171875 0
0.171875 0.00390625
0.17578125 0
0.17578125 0.00390625
0.1796875 0
0.1796875 0.00390625
0.18359375 0
0.18359375 0.00390625
0.1875 0
0.1875 0.00390625
0.19140625 0
0.19140625 0.00390625
0.1953125 0
0.1953125 0.00390625
0.19921875 0
0.19921875 0.00390625
0.203125 0
0.203125 0.00390625
0.20703125 0
0.20703125 0.00390625
0.2109375 0
0.2109375 0.00390625
0.21484375 0
0.21484375 0.00390625
0.21875 0
0.21875 0.00390625
0.22265625 0
0.22265625 0.00390625
0.2265625 0
0.2265625 0.00390625
0.23046875 0
0.23046875 0.00390625
0.234375 0
0.234375 0.00390625
0.23828125 0
0.23828125 0.00390625
0.2421875 0
0.2421875 0.00390625
0.24609375 0
0.24609375 0.00390625
0.25 0
0.25 0.00390625
0.00390625 0.12890625
0 0.12890625
0.00390625 0.1328125
0 0.1328125
0.00390625 0.13671875
0 0.13671875
0.00390625 0.140625
0 0.140625
0.00390625 0.14453125
0 0.14453125
0.00390625 0.1484375
0 0.1484375
0.00390625 0.15234375
0 0.15234375
0.00390625 0.15625
0 0.15625
0.00390625 0.16015625
0 0.16015625
0.00390625 0.1640625
0 0.1640625
0.00390625 0.16796875
0 0.16796875
0.00390625 0.171875
0 0.171875
0.00390625 0.17578125
0 0.17578125
0.00390625 0.1796875
0 0.1796875
0.00390625 0.18359375
0 0.18359375
0.00390625 0.1875
0 0.1875
0.00390625 0.19140625
0 0.19140625
0.00390625 0.1953125
0 0.1953125
0.00390625 0.19921875
0 0.19921875
0.00390625 0.203125
0 0.203125
0.00390625 0.20703125
0 0.20703125
0.00390625 0.2109375
0 0.2109375
0.00390625 0.21484375
0 0.21484375
0.00390625 0.21875
0 0.21875
0.00390625 0.22265625
0 0.22265625
0.00390625 0.2265625
0 0.2265625
0.00390625 0.23046875
0 0.23046875
0.00390625 0.234375
0 0.234375
0.00390625 0.23828125
0 0.23828125
0.00390625 0.2421875
0 0.2421875
0.00390625 0.24609375
0 0.24609375
0.00390625 0.25
0 0.25
0.00390625 0.25390625
0 0.25390625
0.00390625 0.2578125
0 0.2578125
0.00390625 0.26171875
0 0.26171875
0.00390625 0.265625
0 0.265625
0.00390625 0.26953125
0 0.26953125
0.00390625 0.2734375
0 0.2734375
0.00390625 0.27734375
0 0.27734375
0.00390625 0.28125
0 0.28125
0.00390625 0.28515625
0 0.28515625
0.00390625 0.2890625
0 0.2890625
0.00390625 0.29296875
0 0.29296875
0.00390625 0.296875
0 0.296875
0.00390625 0.30078125
0 0.30078125
0.00390625 0.3046875
0 0.3046875
0.00390625 0.30859375
0 0.30859375
0.00390625 0.3125
0 0.3125
0.00390625 0.31640625
0 0.31640625
0.00390625 0.3203125
0 0.3203125
0.00390625 0.32421875
0 0.32421875
0.00390625 0.328125
0 0.328125
0.00390625 0.33203125
0 0.33203125
0.00390625 0.3359375
0 0.3359375
0.00390625 0.33984375
0 0.33984375
0.00390625 0.34375
0 0.34375
0.00390625 0.34765625
0 0.34765625
0.00390625 0.3515625
0 0.3515625
0.00390625 0.35546875
0 0.35546875
0.00390625 0.359375
0 0.359375
0.00390625 0.36328125
0 0.36328125
0.00390625 0.3671875
0 0.3671875
0.00390625 0.37109375
0 0.37109375
0.00390625 0.375
0 0.375
0.00390625 0.37890625
0 0.37890625
0.00390625 0.3828125
0 0.3828125
0.00390625 0.38671875
0 0.38671875
0.00390625 0.390625
0 0.390625
0.00390625 0.39453125
0 0.39453125
0.00390625 0.3984375
0 0.3984375
0.00390625 0.40234375
0 0.40234375
0.00390625 0.40625
0 0.40625
0.00390625 0.41015625
0 0.41015625
0.00390625 0.4140625
0 0.4140625
0.00390625 0.41796875
0 0.41796875
0.00390625 0.421875
0 0.421875
0.00390625 0.42578125
0 0.42578125
0.00390625 0.4296875
0 0.4296875
0.00390625 0.43359375
0 0.43359375
0.00390625 0.4375
0 0.4375
0.00390625 0.44140625
0 0.44140625
0.00390625 0.4453125
0 0.4453125
0.00390625 0.44921875
0 0.44921875
0.00390625 0.453125
0 0.453125
0.00390625 0.45703125
0 0.45703125
0.00390625 0.4609375
0 0.4609375
0.00390625 0.46484375
0 0.46484375
0.00390625 0.46875
0 0.46875
0.00390625 0.47265625
0 0.47265625
0.00390625 0.4765625
0 0.4765625
0.00390625 0.48046875
0 0.48046875
0.00390625 0.484375
0 0.484375
0.00390625 0.48828125
0 0.48828125
0.00390625 0.4921875
0 0.4921875
0.00390625 0.49609375
0 0.49609375
0.00390625 0.5
0 0.5
0.00390625 0.50390625
0 0.50390625
0.00390625 0.5078125
0 0.5078125
0.00390625 0.51171875
0 0.51171875
0.00390625 0.515625
0 0.515625
0.00390625 0.51953125
0 0.51953125
0.00390625 0.5234375
0 0.5234375
0.00390625 0.52734375
0 0.52734375
0.00390625 0.53125
0 0.53125
0.00390625 0.53515625
0 0.53515625
0.00390625 0.5390625
0 0.5390625
0.00390625 0.54296875
0 0.54296875
0.00390625 0.546875
0 0.546875
0.00390625 0.55078125
0 0.55078125
0.00390625 0.5546875
0 0.5546875
0.00390625 0.55859375
0 0.55859375
0.00390625 0.5625
0 0.5625
0.00390625 0.56640625
0 0.56640625
0.00390625 0.5703125
0 0.5703125
0.00390625 0.57421875
0 0.57421875
0.00390625 0.578125
0 0.578125
0.00390625 0.58203125
0 0.58203125
0.00390625 0.5859375
0 0.5859375
0.00390625 0.58984375
0 0.58984375
0.00390625 0.59375
0 0.59375
0.00390625 0.59765625
0 0.59765625
0.00390625 0.6015625
0 0.6015625
0.00390625 0.60546875
0 0.60546875
0.00390625 0.609375
0 0.609375
0.00390625 0.61328125
0 0.61328125
0.00390625 0.6171875
0 0.6171875
0.00390625 0.62109375
0 0.62109375
0.00390625 0.625
0 0.625
0.00390625 0.62890625
0 0.62890625
0.00390625 0.6328125
0 0.6328125
0.00390625 0.63671875
0 0.63671875
0.00390625 0.640625
0 0.640625
0.00390625 0.64453125
0 0.64453125
0.00390625 0.6484375
0 0.6484375
0.00390625 0.65234375
0 0.65234375
0.00390625 0.65625
0 0.65625
0.00390625 0.66015625
0 0.66015625
0.00390625 0.6640625
0 0.6640625
0.00390625 0.66796875
0 0.66796875
0.00390625 0.671875
0 0.671875
0.00390625 0.67578125
0 0.67578125
0.00390625 0.6796875
0 0.6796875
0.00390625 0.68359375
0 0.68359375
0.00390625 0.6875
0 0.6875
0.00390625 0.69140625
0 0.69140625
0.00390625 0.6953125
0 0.6953125
0.00390625 0.69921875
0 0.69921875
0.00390625 0.703125
0 0.703125
0.00390625 0.70703125
0 0.70703125
0.00390625 0.7109375
0 0.7109375
0.00390625 0.71484375
0 0.71484375
0.00390625 0.71875
0 0.71875
0.00390625 0.72265625
0 0.72265625
0.00390625 0.7265625
0 0.7265625
0.00390625 0.73046875
0 0.73046875
0.00390625 0.734375
0 0.734375
0.00390625 0.73828125
0 0.73828125
0.00390625 0.7421875
0 0.7421875
0.00390625 0.74609375
0 0.74609375
0.00390625 0.75
0 0.75
0.00390625 0.75390625
0 0.75390625
0.00390625 0.7578125
0 0.7578125
0.00390625 0.76171875
0 0.76171875
0.00390625 0.765625
0 0.765625
0.00390625 0.76953125
0 0.76953125
0.00390625 0.7734375
0 0.7734375
0.00390625 0.77734375
0 0.77734375
0.00390625 0.78125
0 0.78125
0.00390625 0.78515625
0 0.78515625
0.00390625 0.7890625
0 0.7890625
0.00390625 0.79296875
0 0.79296875
0.00390625 0.796875
0 0.796875
0.00390625 0.80078125
0 0.80078125
0.00390625 0.8046875
0 0.8046875
0.00390625 0.80859375
0 0.80859375
0.00390625 0.8125
0 0.8125
0.00390625 0.81640625
0 0.81640625
0.00390625 0.8203125
0 0.8203125
0.00390625 0.82421875
0 0.82421875
0.00390625 0.828125
0 0.828125
0.00390625 0.83203125
0 0.83203125
0.00390625 0.8359375
0 0.8359375
0.00390625 0.83984375
0 0.83984375
0.00390625 0.84375
0 0.84375
0.00390625 0.84765625
0 0.84765625
0.00390625 0.8515625
0 0.8515625
0.00390625 0.85546875
0 0.85546875
0.00390625 0.859375
0 0.859375
0.00390625 0.86328125
0 0.86328125
0.00390625 0.8671875
0 0.8671875
0.00390625 0.87109375
0 0.87109375
0.00390625 0.875
0 0.875
0.00390625 0.87890625
0 0.87890625
0.00390625 0.8828125
0 0.8828125
0.00390625 0.88671875
0 0.88671875
0.00390625 0.890625
0 0.890625
0.00390625 0.89453125
0 0.89453125
0.00390625 0.8984375
0 0.8984375
0.00390625 0.90234375
0 0.90234375
0.00390625 0.90625
0 0.90625
0.00390625 0.91015625
0 0.91015625
0.00390625 0.9140625
0 0.9140625
0.00390625 0.91796875
0 0.91796875
0.00390625 0.921875
0 0.921875
0.00390625 0.92578125
0 0.92578125
0.00390625 0.9296875
0 0.9296875
0.00390625 0.93359375
0 0.93359375
0.00390625 0.9375
0 0.9375
0.00390625 0.94140625
0 0.94140625
0.00390625 0.9453125
0 0.9453125
0.00390625 0.94921875
0 0.94921875
0.00390625 0.953125
0 0.953125
0.00390625 0.95703125
0 0.95703125
0.00390625 0.9609375
0 0.9609375
0.00390625 0.96484375
0 0.96484375
0.00390625 0.96875
0 0.96875
0.00390625 0.97265625
0 0.97265625
0.00390625 0.9765625
0 0.9765625
0.00390625 0.98046875
0 0.98046875
0.00390625 0.984375
0 0.984375
0.00390625 0.98828125
0 0.98828125
0.00390625 0.9921875
0 0.9921875
0.00390625 0.99609375
0 0.99609375
0.00390625 1
0 1
0.0078125 0.99609375
0.0078125 1
0.01171875 0.99609375
0.01171875 1
0.015625 0.99609375
0.015625 1
0.01953125 0.99609375
0.01953125 1
0.0234375 0.99609375
0.0234375 1
0.02734375 0.99609375
0.02734375 1
0.03125 0.99609375
0.03125 1
0.03515625 0.99609375
0.03515625 1
0.0390625 0.99609375
0.0390625 1
0.04296875 0.99609375
0.04296875 1
0.046875 0.99609375
0.046875 1
0.05078125 0.99609375
0.05078125 1
0.0546875 0.99609375
0.0546875 1
0.05859375 0.99609375
0.05859375 1
0.0625 0.99609375
0.0625 1
0.06640625 0.99609375
0.06640625 1
0.0703125 0.99609375
0.0703125 1
0.07421875 0.99609375
0.07421875 1
0.078125 0.99609375
0.078125 1
0.08203125 0.99609375
0.08203125 1
0.0859375 0.99609375
0.0859375 1
0.08984375 0.99609375
0.08984375 1
0.09375 0.99609375
0.09375 1
0.09765625 0.99609375
0.09765625 1
0.1015625 0.99609375
0.1015625 1
0.10546875 0.99609375
0.10546875 1
0.109375 0.99609375
0.109375 1
0.11328125 0.99609375
0.11328125 1
0.1171875 0.99609375
0.1171875 1
0.12109375 0.99609375
0.12109375 1
0.125 0.99609375
0.125 1
0.12890625 0.99609375
0.12890625 1
0.1328125 0.99609375
0.1328125 1
0.13671875 0.99609375
0.13671875 1
0.140625 0.99609375
0.140625 1
0.14453125 0.99609375
0.14453125 1
0.1484375 0.99609375
0.1484375 1
0.15234375 0.99609375
0.15234375 1
0.15625 0.99609375
0.15625 1
0.16015625 0.99609375
0.16015625 1
0.1640625 0.99609375
0.1640625 1
0.16796875 0.99609375
0.16796875 1
0.171875 0.99609375
0.171875 1
0.17578125 0.99609375
0.17578125 1
0.1796875 0.99609375
0.1796875 1
0.18359375 0.99609375
0.18359375 1
0.1875 0.99609375
0.1875 1
0.19140625 0.99609375
0.19140625 1
0.1953125 0.99609375
0.1953125 1
0.19921875 0.99609375
0.19921875 1
0.203125 0.99609375
0.203125 1
0.20703125 0.99609375
0.20703125 1
0.2109375 0.99609375
0.2109375 1
0.21484375 0.99609375
0.21484375 1
0.21875 0.99609375
0.21875 1
0.22265625 0.99609375
0.22265625 1
0.2265625 0.99609375
0.2265625 1
0.23046875 0.99609375
0.23046875 1
0.234375 0.99609375
0.234375 1
0.23828125 0.99609375
0.23828125 1
0.2421875 0.99609375
0.2421875 1
0.24609375 0.99609375
0.24609375 1
0.25 0.99609375
0.25 1
0.25390625 0
0.25390625 0.00390625
0.2578125 0
0.2578125 0.00390625
0.26171875 0
0.26171875 0.00390625
0.265625 0
0.265625 0.00390625
0.26953125 0
0.26953125 0.00390625
0.2734375 0
0.2734375 0.00390625
0.27734375 0
0.27734375 0.00390625
0.28125 0
0.28125 0.00390625
0.28515625 0
0.28515625 0.00390625
0.2890625 0
0.2890625 0.00390625
0.29296875 0
0.29296875 0.00390625
0.296875 0
0.296875 0.00390625
0.30078125 0
0.30078125 0.00390625
0.3046875 0
0.3046875 0.00390625
0.30859375 0
0.30859375 0.00390625
0.3125 0
0.3125 0.00390625
0.31640625 0
0.31640625 0.00390625
0.3203125 0
0.3203125 0.00390625
0.32421875 0
0.32421875 0.00390625
0.328125 0
0.328125 0.00390625
0.33203125 0
0.33203125 0.00390625
0.3359375 0
0.3359375 0.00390625
0.33984375 0
0.33984375 0.00390625
0.34375 0
0.34375 0.00390625
0.34765625 0
0.34765625 0.00390625
0.3515625 0
0.3515625 0.00390625
0.35546875 0
0.35546875 0.00390625
0.359375 0
0.359375 0.00390625
0.36328125 0
0.36328125 0.00390625
0.3671875 0
0.3671875 0.00390625
0.37109375 0
0.37109375 0.00390625
0.375 0
0.375 0.00390625
0.37890625 0
0.37890625 0.00390625
0.3828125 0
0.3828125 0.00390625
0.38671875 0
0.38671875 0.00390625
0.390625 0
0.390625 0.00390625
0.39453125 0
0.39453125 0.00390625
0.3984375 0
0.3984375 0.00390625
0.40234375 0
0.40234375 0.00390625
0.40625 0
0.40625 0.00390625
0.41015625 0
0.41015625 0.00390625
0.4140625 0
0.4140625 0.00390625
0.41796875 0
0.41796875 0.00390625
0.421875 0
0.421875 0.00390625
0.42578125 0
0.42578125 0.00390625
0.4296875 0
0.4296875 0.00390625
0.43359375 0
0.43359375 0.00390625
0.4375 0
0.4375 0.00390625
0.44140625 0
0.44140625 0.00390625
0.4453125 0
0.4453125 0.00390625
0.44921875 0
0.44921875 0.00390625
0.453125 0
0.453125 0.00390625
0.45703125 0
0.45703125 0.00390625
0.4609375 0
0.4609375 0.00390625
0.46484375 0
0.46484375 0.00390625
0.46875 0
0.46875 0.00390625
0.47265625 0
0.47265625 0.00390625
0.4765625 0
0.4765625 0.00390625
0.48046875 0
0.48046875 0.00390625
0.484375 0
0.484375 0.00390625
0.48828125 0
0.48828125 0.00390625
0.4921875 0
0.4921875 0.00390625
0.49609375 0
0.49609375 0.00390625
0.5 0
0.5 0.00390625
0.25390625 0.99609375
0.25390625 1
0.2578125 0.99609375
0.2578125 1
0.26171875 0.99609375
0.26171875 1
0.265625 0.99609375
0.265625 1
0.26953125 0.99609375
0.26953125 1
0.2734375 0.99609375
0.2734375 1
0.27734375 0.99609375
0.27734375 1
0.28125 0.99609375
0.28125 1
0.28515625 0.99609375
0.28515625 1
0.2890625 0.99609375
0.2890625 1
0.29296875 0.99609375
0.29296875 1
0.296875 0.99609375
0.296875 1
0.30078125 0.99609375
0.30078125 1
0.3046875 0.99609375
0.3046875 1
0.30859375 0.99609375
0.30859375 1
0.3125 0.99609375
0.3125 1
0.31640625 0.99609375
0.31640625 1
0.3203125 0.99609375
0.3203125 1
0.32421875 0.99609375
0.32421875 1
0.328125 0.99609375
0.328125 1
0.33203125 0.99609375
0.33203125 1
0.3359375 0.99609375
0.3359375 1
0.33984375 0.99609375
0.33984375 1
0.34375 0.99609375
0.34375 1
0.34765625 0.99609375
0.34765625 1
0.3515625 0.99609375
0.3515625 1
0.35546875 0.99609375
0.35546875 1
0.359375 0.99609375
0.359375 1
0.36328125 0.99609375
0.36328125 1
0.3671875 0.99609375
0.3671875 1
0.37109375 0.99609375
0.37109375 1
0.375 0.99609375
0.375 1
0.37890625 0.99609375
0.37890625 1
0.3828125 0.99609375
0.3828125 1
0.38671875 0.99609375
0.38671875 1
0.390625 0.99609375
0.390625 1
0.39453125 0.99609375
0.39453125 1
0.3984375 0.99609375
0.3984375 1
0.40234375 0.99609375
0.40234375 1
0.40625 0.99609375
0.40625 1
0.41015625 0.99609375
0.41015625 1
0.4140625 0.99609375
0.4140625 1
0.41796875 0.99609375
0.41796875 1
0.421875 0.99609375
0.421875 1
0.42578125 0.99609375
0.42578125 1
0.4296875 0.99609375
0.4296875 1
0.43359375 0.99609375
0.43359375 1
0.4375 0.99609375
0.4375 1
0.44140625 0.99609375
0.44140625 1
0.4453125 0.99609375
0.4453125 1
0.44921875 0.99609375
0.44921875 1
0.453125 0.99609375
0.453125 1
0.45703125 0.99609375
0.45703125 1
0.4609375 0.99609375
0.4609375 1
0.46484375 0.99609375
0.46484375 1
0.46875 0.99609375
0.46875 1
0.47265625 0.99609375
0.47265625 1
0.4765625 0.99609375
0.4765625 1
0.48046875 0.99609375
0.48046875 1
0.484375 0.99609375
0.484375 1
0.48828125 0.99609375
0.48828125 1
0.4921875 0.99609375
0.4921875 1
0.49609375 0.99609375
0.49609375 1
0.5 0.99609375
0.5 1
0.50390625 0
0.50390625 0.00390625
0.5078125 0
0.5078125 0.00390625
0.51171875 0
0.51171875 0.00390625
0.515625 0
0.515625 0.00390625
0.51953125 0
0.51953125 0.00390625
0.5234375 0
0.5234375 0.00390625
0.52734375 0
0.52734375 0.00390625
0.53125 0
0.53125 0.00390625
0.53515625 0
0.53515625 0.00390625
0.5390625 0
0.5390625 0.00390625
0.54296875 0
0.54296875 0.00390625
0.546875 0
0.546875 0.00390625
0.55078125 0
0.55078125 0.00390625
0.5546875 0
0.5546875 0.00390625
0.55859375 0
0.55859375 0.00390625
0.5625 0
0.5625 0.00390625
0.56640625 0
0.56640625 0.00390625
0.5703125 0
0.5703125 0.00390625
0.57421875 0
0.57421875 0.00390625
0.578125 0
0.578125 0.00390625
0.58203125 0
0.58203125 0.00390625
0.5859375 0
0.5859375 0.00390625
0.58984375 0
0.58984375 0.00390625
0.59375 0
0.59375 0.00390625
0.59765625 0
0.59765625 0.00390625
0.6015625 0
0.6015625 0.00390625
0.60546875 0
0.60546875 0.00390625
0.609375 0
0.609375 0.00390625
0.61328125 0
0.61328125 0.00390625
0.6171875 0
0.6171875 0.00390625
0.62109375 0
0.62109375 0.00390625
0.625 0
0.625 0.00390625
0.62890625 0
0.62890625 0.00390625
0.6328125 0
0.6328125 0.00390625
0.63671875 0
0.63671875 0.00390625
0.640625 0
0.640625 0.00390625
0.64453125 0
0.64453125 0.00390625
0.6484375 0
0.6484375 0.00390625
0.65234375 0
0.65234375 0.00390625
0.65625 0
0.65625 0.00390625
0.66015625 0
0.66015625 0.00390625
0.6640625 0
0.6640625 0.00390625
0.66796875 0
0.66796875 0.00390625
0.671875 0
0.671875 0.00390625
0.67578125 0
0.67578125 0.00390625
0.6796875 0
0.6796875 0.00390625
0.68359375 0
0.68359375 0.00390625
0.6875 0
0.6875 0.00390625
0.69140625 0
0.69140625 0.00390625
0.6953125 0
0.6953125 0.00390625
0.69921875 0
0.69921875 0.00390625
0.703125 0
0.703125 0.00390625
0.70703125 0
0.70703125 0.00390625
0.7109375 0
0.7109375 0.00390625
0.71484375 0
0.71484375 0.00390625
0.71875 0
0.71875 0.00390625
0.72265625 0
0.72265625 0.00390625
0.7265625 0
0.7265625 0.00390625
0.73046875 0
0.73046875 0.00390625
0.734375 0
0.734375 0.00390625
0.73828125 0
0.73828125 0.00390625
0.7421875 0
0.7421875 0.00390625
0.74609375 0
0.74609375 0.00390625
0.75 0
0.75 0.00390625
0.50390625 0.99609375
0.50390625 1
0.5078125 0.99609375
0.5078125 1
0.51171875 0.99609375
0.51171875 1
0.515625 0.99609375
0.515625 1
0.51953125 0.99609375
0.51953125 1
0.5234375 0.99609375
0.5234375 1
0.52734375 0.99609375
0.52734375 1
0.53125 0.99609375
0.53125 1
0.53515625 0.99609375
0.53515625 1
0.5390625 0.99609375
0.5390625 1
0.54296875 0.99609375
0.54296875 1
0.546875 0.99609375
0.546875 1
0.55078125 0.99609375
0.55078125 1
0.5546875 0.99609375
0.5546875 1
0.55859375 0.99609375
0.55859375 1
0.5625 0.99609375
0.5625 1
0.56640625 0.99609375
0.56640625 1
0.5703125 0.99609375
0.5703125 1
0.57421875 0.99609375
0.57421875 1
0.578125 0.99609375
0.578125 1
0.58203125 0.99609375
0.58203125 1
0.5859375 0.99609375
0.5859375 1
0.58984375 0.99609375
0.58984375 1
0.59375 0.99609375
0.59375 1
0.59765625 0.99609375
0.59765625 1
0.6015625 0.99609375
0.6015625 1
0.60546875 0.99609375
0.60546875 1
0.609375 0.99609375
0.609375 1
0.61328125 0.99609375
0.61328125 1
0.6171875 0.99609375
0.6171875 1
0.62109375 0.99609375
0.62109375 1
0.625 0.99609375
0.625 1
0.62890625 0.99609375
0.62890625 1
0.6328125 0.99609375
0.6328125 1
0.63671875 0.99609375
0.63671875 1
0.640625 0.99609375
0.640625 1
0.64453125 0.99609375
0.64453125 1
0.6484375 0.99609375
0.6484375 1
0.65234375 0.99609375
0.65234375 1
0.65625 0.99609375
0.65625 1
0.66015625 0.99609375
0.66015625 1
0.6640625 0.99609375
0.6640625 1
0.66796875 0.99609375
0.66796875 1
0.671875 0.99609375
0.671875 1
0.67578125 0.99609375
0.67578125 1
0.6796875 0.99609375
0.6796875 1
0.68359375 0.99609375
0.68359375 1
0.6875 0.99609375
0.6875 1
0.69140625 0.99609375
0.69140625 1
0.6953125 0.99609375
0.6953125 1
0.69921875 0.99609375
0.69921875 1
0.703125 0.99609375
0.703125 1
0.70703125 0.99609375
0.70703125 1
0.7109375 0.99609375
0.7109375 1
0.71484375 0.99609375
0.71484375 1
0.71875 0.99609375
0.71875 1
0.72265625 0.99609375
0.72265625 1
0.7265625 0.99609375
0.7265625 1
0.73046875 0.99609375
0.73046875 1
0.734375 0.99609375
0.734375 1
0.73828125 0.99609375
0.73828125 1
0.7421875 0.99609375
0.7421875 1
0.74609375 0.99609375
0.74609375 1
0.75 0.99609375
0.75 1
0.75390625 0
0.75390625 0.00390625
0.7578125 0
0.7578125 0.00390625
0.76171875 0
0.76171875 0.00390625
0.765625 0
0.765625 0.00390625
0.76953125 0
0.76953125 0.00390625
0.7734375 0
0.7734375 0.00390625
0.77734375 0
0.77734375 0.00390625
0.78125 0
0.78125 0.00390625
0.78515625 0
0.78515625 0.00390625
0.7890625 0
0.7890625 0.00390625
0.79296875 0
0.79296875 0.00390625
0.796875 0
0.796875 0.00390625
0.80078125 0
0.80078125 0.00390625
0.8046875 0
0.8046875 0.00390625
0.80859375 0
0.80859375 0.00390625
0.8125 0
0.8125 0.00390625
0.81640625 0
0.81640625 0.00390625
0.8203125 0
0.8203125 0.00390625
0.82421875 0
0.82421875 0.00390625
0.828125 0
0.828125 0.00390625
0.83203125 0
0.83203125 0.00390625
0.8359375 0
0.8359375 0.00390625
0.83984375 0
0.83984375 0.00390625
0.84375 0
0.84375 0.00390625
0.84765625 0
0.84765625 0.00390625
0.8515625 0
0.8515625 0.00390625
0.85546875 0
0.85546875 0.00390625
0.859375 0
0.859375 0.00390625
0.86328125 0
0.86328125 0.00390625
0.8671875 0
0.8671875 0.00390625
0.87109375 0
0.87109375 0.00390625
0.875 0
0.875 0.00390625
0.87890625 0
0.87890625 0.00390625
0.8828125 0
0.8828125 0.00390625
0.88671875 0
0.88671875 0.00390625
0.890625 0
0.890625 0.00390625
0.89453125 0
0.89453125 0.00390625
0.8984375 0
0.8984375 0.00390625
0.90234375 0
0.90234375 0.00390625
0.90625 0
0.90625 0.00390625
0.91015625 0
0.91015625 0.00390625
0.9140625 0
0.9140625 0.00390625
0.91796875 0
0.91796875 0.00390625
0.921875 0
0.921875 0.00390625
0.92578125 0
0.92578125 0.00390625
0.9296875 0
0.9296875 0.00390625
0.93359375 0
0.93359375 0.00390625
0.9375 0
0.9375 0.00390625
0.94140625 0
0.94140625 0.00390625
0.9453125 0
0.9453125 0.00390625
0.94921875 0
0.94921875 0.00390625
0.953125 0
0.953125 0.00390625
0.95703125 0
0.95703125 0.00390625
0.9609375 0
0.9609375 0.00390625
0.96484375 0
0.96484375 0.00390625
0.96875 0
0.96875 0.00390625
0.97265625 0
0.97265625 0.00390625
0.9765625 0
0.9765625 0.00390625
0.98046875 0
0.98046875 0.00390625
0.984375 0
0.984375 0.00390625
0.98828125 0
0.98828125 0.00390625
0.9921875 0
0.9921875 0.00390625
0.99609375 0
0.99609375 0.00390625
1 0
1 0.00390625
1 0.0078125
0.99609375 0.0078125
1 0.01171875
0.99609375 0.01171875
1 0.015625
0.99609375 0.015625
1 0.01953125
0.99609375 0.01953125
1 0.0234375
0.99609375 0.0234375
1 0.02734375
0.99609375 0.02734375
1 0.03125
0.99609375 0.03125
1 0.03515625
0.99609375 0.03515625
1 0.0390625
0.99609375 0.0390625
1 0.04296875
0.99609375 0.04296875
1 0.046875
0.99609375 0.046875
1 0.05078125
0.99609375 0.05078125
1 0.0546875
0.99609375 0.0546875
1 0.05859375
0.99609375 0.05859375
1 0.0625
0.99609375 0.0625
1 0.06640625
0.99609375 0.06640625
1 0.0703125
0.99609375 0.0703125
1 0.07421875
0.99609375 0.07421875
1 0.078125
0.99609375 0.078125
1 0.08203125
0.99609375 0.08203125
1 0.0859375
0.99609375 0.0859375
1 0.08984375
0.99609375 0.08984375
1 0.09375
0.99609375 0.09375
1 0.09765625
0.99609375 0.09765625
1 0.1015625
0.99609375 0.1015625
1 0.10546875
0.99609375 0.10546875
1 0.109375
0.99609375 0.109375
1 0.11328125
0.99609375 0.11328125
1 0.1171875
0.99609375 0.1171875
1 0.12109375
0.99609375 0.12109375
1 0.125
0.99609375 0.125
1 0.12890625
0.99609375 0.12890625
1 0.1328125
0.99609375 0.1328125
1 0.13671875
0.99609375 0.13671875
1 0.140625
0.99609375 0.140625
1 0.14453125
0.99609375 0.14453125
1 0.1484375
0.99609375 0.1484375
1 0.15234375
0.99609375 0.15234375
1 0.15625
0.99609375 0.15625
1 0.16015625
0.99609375 0.16015625
1 0.1640625
0.99609375 0.1640625
1 0.16796875
0.99609375 0.16796875
1 0.171875
0.99609375 0.171875
1 0.17578125
0.99609375 0.17578125
1 0.1796875
0.99609375 0.1796875
1 0.18359375
0.99609375 0.18359375
1 0.1875
0.99609375 0.1875
1 0.19140625
0.99609375 0.19140625
1 0.1953125
0.99609375 0.1953125
1 0.19921875
0.99609375 0.19921875
1 0.203125
0.99609375 0.203125
1 0.20703125
0.99609375 0.20703125
1 0.2109375
0.99609375 0.2109375
1 0.21484375
0.99609375 0.21484375
1 0.21875
0.99609375 0.21875
1 0.22265625
0.99609375 0.22265625
1 0.2265625
0.99609375 0.2265625
1 0.23046875
0.99609375 0.23046875
1 0.234375
0.99609375 0.234375
1 0.23828125
0.99609375 0.23828125
1 0.2421875
0.99609375 0.2421875
1 0.24609375
0.99609375 0.24609375
1 0.25
0.99609375 0.25
1 0.25390625
0.99609375 0.25390625
1 0.2578125
0.99609375 0.2578125
1 0.26171875
0.99609375 0.26171875
1 0.265625
0.99609375 0.265625
1 0.26953125
0.99609375 0.26953125
1 0.2734375
0.99609375 0.2734375
1 0.27734375
0.99609375 0.27734375
1 0.28125
0.99609375 0.28125
1 0.28515625
0.99609375 0.28515625
1 0.2890625
0.99609375 0.2890625
1 0.29296875
0.99609375 0.29296875
1 0.296875
0.99609375 0.296875
1 0.30078125
0.99609375 0.30078125
1 0.3046875
0.99609375 0.3046875
1 0.30859375
0.99609375 0.30859375
1 0.3125
0.99609375 0.3125
1 0.31640625
0.99609375 0.31640625
1 0.3203125
0.99609375 0.3203125
1 0.32421875
0.99609375 0.32421875
1 0.328125
0.99609375 0.328125
1 0.33203125
0.99609375 0.33203125
1 0.3359375
0.99609375 0.3359375
1 0.33984375
0.99609375 0.33984375
1 0.34375
0.99609375 0.34375
1 0.34765625
0.99609375 0.34765625
1 0.3515625
0.99609375 0.3515625
1 0.35546875
0.99609375 0.35546875
1 0.359375
0.99609375 0.359375
1 0.36328125
0.99609375 0.36328125
1 0.3671875
0.99609375 0.3671875
1 0.37109375
0.99609375 0.37109375
1 0.375
0.99609375 0.375
1 0.37890625
0.99609375 0.37890625
1 0.3828125
0.99609375 0.3828125
1 0.38671875
0.99609375 0.38671875
1 0.390625
0.99609375 0.390625
1 0.39453125
0.99609375 0.39453125
1 0.3984375
0.99609375 0.3984375
1 0.40234375
0.99609375 0.40234375
1 0.40625
0.99609375 0.40625
1 0.41015625
0.99609375 0.41015625
1 0.4140625
0.99609375 0.4140625
1 0.41796875
0.99609375 0.41796875
1 0.421875
0.99609375 0.421875
1 0.42578125
0.99609375 0.42578125
1 0.4296875
0.99609375 0.4296875
1 0.43359375
0.99609375 0.43359375
1 0.4375
0.99609375 0.4375
1 0.44140625
0.99609375 0.44140625
1 0.4453125
0.99609375 0.4453125
1 0.44921875
0.99609375 0.44921875
1 0.453125
0.99609375 0.453125
1 0.45703125
0.99609375 0.45703125
1 0.4609375
0.99609375 0.4609375
1 0.46484375
0.99609375 0.46484375
1 0.46875
0.99609375 0.46875
1 0.47265625
0.99609375 0.47265625
1 0.4765625
0.99609375 0.4765625
1 0.48046875
0.99609375 0.48046875
1 0.484375
0.99609375 0.484375
1 0.48828125
0.99609375 0.48828125
1 0.4921875
0.99609375 0.4921875
1 0.49609375
0.99609375 0.49609375
1 0.5
0.99609375 0.5
1 0.50390625
0.99609375 0.50390625
1 0.5078125
0.99609375 0.5078125
1 0.51171875
0.99609375 0.51171875
1 0.515625
0.99609375 0.515625
1 0.51953125
0.99609375 0.51953125
1 0.5234375
0.99609375 0.5234375
1 0.52734375
0.99609375 0.52734375
1 0.53125
0.99609375 0.53125
1 0.53515625
0.99609375 0.53515625
1 0.5390625
0.99609375 0.5390625
1 0.54296875
0.99609375 0.54296875
1 0.546875
0.99609375 0.546875
1 0.55078125
0.99609375 0.55078125
1 0.5546875
0.99609375 0.5546875
1 0.55859375
0.99609375 0.55859375
1 0.5625
0.99609375 0.5625
1 0.56640625
0.99609375 0.56640625
1 0.5703125
0.99609375 0.5703125
1 0.57421875
0.99609375 0.57421875
1 0.578125
0.99609375 0.578125
1 0.58203125
0.99609375 0.58203125
1 0.5859375
0.99609375 0.5859375
1 0.58984375
0.99609375 0.58984375
1 0.59375
0.99609375 0.59375
1 0.59765625
0.99609375 0.59765625
1 0.6015625
0.99609375 0.6015625
1 0.60546875
0.99609375 0.60546875
1 0.609375
0.99609375 0.609375
1 0.61328125
0.99609375 0.61328125
1 0.6171875
0.99609375 0.6171875
1 0.62109375
0.99609375 0.62109375
1 0.625
0.99609375 0.625
1 0.62890625
0.99609375 0.62890625
1 0.6328125
0.99609375 0.6328125
1 0.63671875
0.99609375 0.63671875
1 0.640625
0.99609375 0.640625
1 0.64453125
0.99609375 0.64453125
1 0.6484375
0.99609375 0.6484375
1 0.65234375
0.99609375 0.65234375
1 0.65625
0.99609375 0.65625
1 0.66015625
0.99609375 0.66015625
1 0.6640625
0.99609375 0.6640625
1 0.66796875
0.99609375 0.66796875
1 0.671875
0.99609375 0.671875
1 0.67578125
0.99609375 0.67578125
1 0.6796875
0.99609375 0.6796875
1 0.68359375
0.99609375 0.68359375
1 0.6875
0.99609375 0.6875
1 0.69140625
0.99609375 0.69140625
1 0.6953125
0.99609375 0.6953125
1 0.69921875
0.99609375 0.69921875
1 0.703125
0.99609375 0.703125
1 0.70703125
0.99609375 0.70703125
1 0.7109375
0.99609375 0.7109375
1 0.71484375
0.99609375 0.71484375
1 0.71875
0.99609375 0.71875
1 0.72265625
0.99609375 0.72265625
1 0.7265625
0.99609375 0.7265625
1 0.73046875
0.99609375 0.73046875
1 0.734375
0.99609375 0.734375
1 0.73828125
0.99609375 0.73828125
1 0.7421875
0.99609375 0.7421875
1 0.74609375
0.99609375 0.74609375
1 0.75
0.99609375 0.75
1 0.75390625
0.99609375 0.75390625
1 0.7578125
0.99609375 0.7578125
1 0.76171875
0.99609375 0.76171875
1 0.765625
0.99609375 0.765625
1 0.76953125
0.99609375 0.76953125
1 0.7734375
0.99609375 0.7734375
1 0.77734375
0.99609375 0.77734375
1 0.78125
0.99609375 0.78125
1 0.78515625
0.99609375 0.78515625
1 0.7890625
0.99609375 0.7890625
1 0.79296875
0.99609375 0.79296875
1 0.796875
0.99609375 0.796875
1 0.80078125
0.99609375 0.80078125
1 0.8046875
0.99609375 0.8046875
1 0.80859375
0.99609375 0.80859375
1 0.8125
0.99609375 0.8125
1 0.81640625
0.99609375 0.81640625
1 0.8203125
0.99609375 0.8203125
1 0.82421875
0.99609375 0.82421875
1 0.828125
0.99609375 0.828125
1 0.83203125
0.99609375 0.83203125
1 0.8359375
0.99609375 0.8359375
1 0.83984375
0.99609375 0.83984375
1 0.84375
0.99609375 0.84375
1 0.84765625
0.99609375 0.84765625
1 0.8515625
0.99609375 0.8515625
1 0.85546875
0.99609375 0.85546875
1 0.859375
0.99609375 0.859375
1 0.86328125
0.99609375 0.86328125
1 0.8671875
0.99609375 0.8671875
1 0.87109375
0.99609375 0.87109375
1 0.875
0.99609375 0.875
0.75390625 0.99609375
0.75390625 1
0.7578125 0.99609375
0.7578125 1
0.76171875 0.99609375
0.76171875 1
0.765625 0.99609375
0.765625 1
0.76953125 0.99609375
0.76953125 1
0.7734375 0.99609375
0.7734375 1
0.77734375 0.99609375
0.77734375 1
0.78125 0.99609375
0.78125 1
0.78515625 0.99609375
0.78515625 1
0.7890625 0.99609375
0.7890625 1
0.79296875 0.99609375
0.79296875 1
0.796875 0.99609375
0.796875 1
0.80078125 0.99609375
0.80078125 1
0.8046875 0.99609375
0.8046875 1
0.80859375 0.99609375
0.80859375 1
0.8125 0.99609375
0.8125 1
0.81640625 0.99609375
0.81640625 1
0.8203125 0.99609375
0.8203125 1
0.82421875 0.99609375
0.82421875 1
0.828125 0.99609375
0.828125 1
0.83203125 0.99609375
0.83203125 1
0.8359375 0.99609375
0.8359375 1
0.83984375 0.99609375
0.83984375 1
0.84375 0.99609375
0.84375 1
0.84765625 0.99609375
0.84765625 1
0.8515625 0.99609375
0.8515625 1
0.85546875 0.99609375
0.85546875 1
0.859375 0.99609375
0.859375 1
0.86328125 0.99609375
0.86328125 1
0.8671875 0.99609375
0.8671875 1
0.87109375 0.99609375
0.87109375 1
0.875 0.99609375
0.875 1
1 0.87890625
0.99609375 0.87890625
1 0.8828125
0.99609375 0.8828125
1 0.88671875
0.99609375 0.88671875
1 0.890625
0.99609375 0.890625
1 0.89453125
0.99609375 0.89453125
1 0.8984375
0.99609375 0.8984375
1 0.90234375
0.99609375 0.90234375
1 0.90625
0.99609375 0.90625
1 0.91015625
0.99609375 0.91015625
1 0.9140625
0.99609375 0.9140625
1 0.91796875
0.99609375 0.91796875
1 0.921875
0.99609375 0.921875
1 0.92578125
0.99609375 0.92578125
1 0.9296875
0.99609375 0.9296875
1 0.93359375
0.99609375 0.93359375
1 0.9375
0.99609375 0.9375
0.87890625 0.99609375
0.87890625 1
0.8828125 0.99609375
0.8828125 1
0.88671875 0.99609375
0.88671875 1
0.890625 0.99609375
0.890625 1
0.89453125 0.99609375
0.89453125 1
0.8984375 0.99609375
0.8984375 1
0.90234375 0.99609375
0.90234375 1
0.90625 0.99609375
0.90625 1
0.91015625 0.99609375
0.91015625 1
0.9140625 0.99609375
0.9140625 1
0.91796875 0.99609375
0.91796875 1
0.921875 0.99609375
0.921875 1
0.92578125 0.99609375
0.92578125 1
0.9296875 0.99609375
0.9296875 1
0.93359375 0.99609375
0.93359375 1
0.9375 0.99609375
0.9375 1
1 0.94140625
0.99609375 0.94140625
1 0.9453125
0.99609375 0.9453125
1 0.94921875
0.99609375 0.94921875
1 0.953125
0.99609375 0.953125
1 0.95703125
0.99609375 0.95703125
1 0.9609375
0.99609375 0.9609375
1 0.96484375
0.99609375 0.96484375
1 0.96875
0.99609375 0.96875
0.94140625 0.99609375
0.94140625 1
0.9453125 0.99609375
0.9453125 1
0.94921875 0.99609375
0.94921875 1
0.953125 0.99609375
0.953125 1
0.95703125 0.99609375
0.95703125 1
0.9609375 0.99609375
0.9609375 1
0.96484375 0.99609375
0.96484375 1
0.96875 0.99609375
0.96875 1
1 0.97265625
0.99609375 0.97265625
1 0.9765625
0.99609375 0.9765625
1 0.98046875
0.99609375 0.98046875
1 0.984375
0.99609375 0.984375
0.97265625 0.99609375
0.97265625 1
0.9765625 0.99609375
0.9765625 1
0.98046875 0.99609375
0.98046875 1
0.984375 0.99609375
0.984375 1
1 0.98828125
0.99609375 0.98828125
1 0.9921875
0.99609375 0.9921875
0.98828125 0.99609375
0.98828125 1
0.9921875 0.99609375
0.9921875 1
1 0.99609375
0.99609375 0.99609375
0.99609375 1
1 1
0.0078125 0.0078125
0.01171875 0.0078125
0.015625 0.0078125
0.0078125 0.01171875
0.0078125 0.015625
0.01171875 0.01171875
0.015625 0.01171875
0.01171875 0.015625
0.015625 0.015625
0.01953125 0.0078125
0.0234375 0.0078125
0.02734375 0.0078125
0.03125 0.0078125
0.01953125 0.01171875
0.0234375 0.01171875
0.01953125 0.015625
0.0234375 0.015625
0.02734375 0.01171875
0.03125 0.01171875
0.02734375 0.015625
0.03125 0.015625
0.0078125 0.01953125
0.0078125 0.0234375
0.01171875 0.01953125
0.015625 0.01953125
0.01171875 0.0234375
0.015625 0.0234375
0.0078125 0.02734375
0.0078125 0.03125
0.01171875 0.02734375
0.015625 0.02734375
0.01171875 0.03125
0.015625 0.03125
0.03515625 0.0078125
0.0390625 0.0078125
0.04296875 0.0078125
0.046875 0.0078125
0.03515625 0.01171875
0.0390625 0.01171875
0.03515625 0.015625
0.0390625 0.015625
0.04296875 0.01171875
0.046875 0.01171875
0.04296875 0.015625
0.046875 0.015625
0.05078125 0.0078125
0.0546875 0.0078125
0.05859375 0.0078125
0.0625 0.0078125
0.05078125 0.01171875
0.0546875 0.01171875
0.05078125 0.015625
0.0546875 0.015625
0.05859375 0.01171875
0.0625 0.01171875
0.05859375 0.015625
0.0625 0.015625
0.0078125 0.03515625
0.0078125 0.0390625
0.01171875 0.03515625
0.015625 0.03515625
0.01171875 0.0390625
0.015625 0.0390625
0.0078125 0.04296875
0.0078125 0.046875
0.01171875 0.04296875
0.015625 0.04296875
0.01171875 0.046875
0.015625 0.046875
0.0078125 0.05078125
0.0078125 0.0546875
0.01171875 0.05078125
0.015625 0.05078125
0.01171875 0.0546875
0.015625 0.0546875
0.0078125 0.05859375
0.0078125 0.0625
0.01171875 0.05859375
0.015625 0.05859375
0.01171875 0.0625
0.015625 0.0625
0.06640625 0.0078125
0.0703125 0.0078125
0.07421875 0.0078125
0.078125 0.0078125
0.06640625 0.01171875
0.0703125 0.01171875
0.06640625 0.015625
0.0703125 0.015625
0.07421875 0.01171875
0.078125 0.01171875
0.07421875 0.015625
0.078125 0.015625
0.08203125 0.0078125
0.0859375 0.0078125
0.08984375 0.0078125
0.09375 0.0078125
0.08203125 0.01171875
0.0859375 0.01171875
0.08203125 0.015625
0.0859375 0.015625
0.08984375 0.01171875
0.09375 0.01171875
0.08984375 0.015625
0.09375 0.015625
0.09765625 0.0078125
0.1015625 0.0078125
0.10546875 0.0078125
0.109375 0.0078125
0.09765625 0.01171875
0.1015625 0.01171875
0.09765625 0.015625
0.1015625 0.015625
0.10546875 0.01171875
0.109375 0.01171875
0.10546875 0.015625
0.109375 0.015625
0.11328125 0.0078125
0.1171875 0.0078125
0.12109375 0.0078125
0.125 0.0078125
0.11328125 0.01171875
0.1171875 0.01171875
0.11328125 0.015625
0.1171875 0.015625
0.12109375 0.01171875
0.125 0.01171875
0.12109375 0.015625
0.125 0.015625
0.0078125 0.06640625
0.0078125 0.0703125
0.01171875 0.06640625
0.015625 0.06640625
0.01171875 0.0703125
0.015625 0.0703125
0.0078125 0.07421875
0.0078125 0.078125
0.01171875 0.07421875
0.015625 0.07421875
0.01171875 0.078125
0.015625 0.078125
0.0078125 0.08203125
0.0078125 0.0859375
0.01171875 0.08203125
0.015625 0.08203125
0.01171875 0.0859375
0.015625 0.0859375
0.0078125 0.08984375
0.0078125 0.09375
0.01171875 0.08984375
0.015625 0.08984375
0.01171875 0.09375
0.015625 0.09375
0.0078125 0.09765625
0.0078125 0.1015625
0.01171875 0.09765625
0.015625 0.09765625
0.01171875 0.1015625
0.015625 0.1015625
0.0078125 0.10546875
0.0078125 0.109375
0.01171875 0.10546875
0.015625 0.10546875
0.01171875 0.109375
0.015625 0.109375
0.0078125 0.11328125
0.0078125 0.1171875
0.01171875 0.11328125
0.015625 0.11328125
0.01171875 0.1171875
0.015625 0.1171875
0.0078125 0.12109375
0.0078125 0.125
0.01171875 0.12109375
0.015625 0.12109375
0.01171875 0.125
0.015625 0.125
0.12890625 0.0078125
0.1328125 0.0078125
0.13671875 0.0078125
0.140625 0.0078125
0.12890625 0.01171875
0.1328125 0.01171875
0.12890625 0.015625
0.1328125 0.015625
0.13671875 0.01171875
0.140625 0.01171875
0.13671875 0.015625
0.140625 0.015625
0.14453125 0.0078125
0.1484375 0.0078125
0.15234375 0.0078125
0.15625 0.0078125
0.14453125 0.01171875
0.1484375 0.01171875
0.14453125 0.015625
0.1484375 0.015625
0.15234375 0.01171875
0.15625 0.01171875
0.15234375 0.015625
0.15625 0.015625
0.16015625 0.0078125
0.1640625 0.0078125
0.16796875 0.0078125
0.171875 0.0078125
0.16015625 0.01171875
0.1640625 0.01171875
0.16015625 0.015625
0.1640625 0.015625
0.16796875 0.01171875
0.171875 0.01171875
0.16796875 0.015625
0.171875 0.015625
0.17578125 0.0078125
0.1796875 0.0078125
0.18359375 0.0078125
0.1875 0.0078125
0.17578125 0.01171875
0.1796875 0.01171875
0.17578125 0.015625
0.1796875 0.015625
0.18359375 0.01171875
0.1875 0.01171875
0.18359375 0.015625
0.1875 0.015625
0.19140625 0.0078125
0.1953125 0.0078125
0.19921875 0.0078125
0.203125 0.0078125
0.19140625 0.01171875
0.1953125 0.01171875
0.19140625 0.015625
0.1953125 0.015625
0.19921875 0.01171875
0.203125 0.01171875
0.19921875 0.015625
0.203125 0.015625
0.20703125 0.0078125
0.2109375 0.0078125
0.21484375 0.0078125
0.21875 0.0078125
0.20703125 0.01171875
0.2109375 0.01171875
0.20703125 0.015625
0.2109375 0.015625
0.21484375 0.01171875
0.21875 0.01171875
0.21484375 0.015625
0.21875 0.015625
0.22265625 0.0078125
0.2265625 0.0078125
0.23046875 0.0078125
0.234375 0.0078125
0.22265625 0.01171875
0.2265625 0.01171875
0.22265625 0.015625
0.2265625 0.015625
0.23046875 0.01171875
0.234375 0.01171875
0.23046875 0.015625
0.234375 0.015625
0.23828125 0.0078125
0.2421875 0.0078125
0.24609375 0.0078125
0.25 0.0078125
0.23828125 0.01171875
0.2421875 0.01171875
0.23828125 0.015625
0.2421875 0.015625
0.24609375 0.01171875
0.25 0.01171875
0.24609375 0.015625
0.25 0.015625
0.0078125 0.12890625
0.0078125 0.1328125
0.01171875 0.12890625
0.015625 0.12890625
0.01171875 0.1328125
0.015625 0.1328125
0.0078125 0.13671875
0.0078125 0.140625
0.01171875 0.13671875
0.015625 0.13671875
0.01171875 0.140625
0.015625 0.140625
0.0078125 0.14453125
0.0078125 0.1484375
0.01171875 0.14453125
0.015625 0.14453125
0.01171875 0.1484375
0.015625 0.1484375
0.0078125 0.15234375
0.0078125 0.15625
0.01171875 0.15234375
0.015625 0.15234375
0.01171875 0.15625
0.015625 0.15625
0.0078125 0.16015625
0.0078125 0.1640625
0.01171875 0.16015625
0.015625 0.16015625
0.01171875 0.1640625
0.015625 0.1640625
0.0078125 0.16796875
0.0078125 0.171875
0.01171875 0.16796875
0.015625 0.16796875
0.01171875 0.171875
0.015625 0.171875
0.0078125 0.17578125
0.0078125 0.1796875
0.01171875 0.17578125
0.015625 0.17578125
0.01171875 0.1796875
0.015625 0.1796875
0.0078125 0.18359375
0.0078125 0.1875
0.01171875 0.18359375
0.015625 0.18359375
0.01171875 0.1875
0.015625 0.1875
0.0078125 0.19140625
0.0078125 0.1953125
0.01171875 0.19140625
0.015625 0.19140625
0.01171875 0.1953125
0.015625 0.1953125
0.0078125 0.19921875
0.0078125 0.203125
0.01171875 0.19921875
0.015625 0.19921875
0.01171875 0.203125
0.015625 0.203125
0.0078125 0.20703125
0.0078125 0.2109375
0.01171875 0.20703125
0.015625 0.20703125
0.01171875 0.2109375
0.015625 0.2109375
0.0078125 0.21484375
0.0078125 0.21875
0.01171875 0.21484375
0.015625 0.21484375
0.01171875 0.21875
0.015625 0.21875
0.0078125 0.22265625
0.0078125 0.2265625
0.01171875 0.22265625
0.015625 0.22265625
0.01171875 0.2265625
0.015625 0.2265625
0.0078125 0.23046875
0.0078125 0.234375
0.01171875 0.23046875
0.015625 0.23046875
0.01171875 0.234375
0.015625 0.234375
0.0078125 0.23828125
0.0078125 0.2421875
0.01171875 0.23828125
0.015625 0.23828125
0.01171875 0.2421875
0.015625 0.2421875
0.0078125 0.24609375
0.0078125 0.25
0.01171875 0.24609375
0.015625 0.24609375
0.01171875 0.25
0.015625 0.25
0.0078125 0.25390625
0.0078125 0.2578125
0.01171875 0.25390625
0.015625 0.25390625
0.01171875 0.2578125
0.015625 0.2578125
0.0078125 0.26171875
0.0078125 0.265625
0.01171875 0.26171875
0.015625 0.26171875
0.01171875 0.265625
0.015625 0.265625
0.0078125 0.26953125
0.0078125 0.2734375
0.01171875 0.26953125
0.015625 0.26953125
0.01171875 0.2734375
0.015625 0.2734375
0.0078125 0.27734375
0.0078125 0.28125
0.01171875 0.27734375
0.015625 0.27734375
0.01171875 0.28125
0.015625 0.28125
0.0078125 0.28515625
0.0078125 0.2890625
0.01171875 0.28515625
0.015625 0.28515625
0.01171875 0.2890625
0.015625 0.2890625
0.0078125 0.29296875
0.0078125 0.296875
0.01171875 0.29296875
0.015625 0.29296875
0.01171875 0.296875
0.015625 0.296875
0.0078125 0.30078125
0.0078125 0.3046875
0.01171875 0.30078125
0.015625 0.30078125
0.01171875 0.3046875
0.015625 0.3046875
0.0078125 0.30859375
0.0078125 0.3125
0.01171875 0.30859375
0.015625 0.30859375
0.01171875 0.3125
0.015625 0.3125
0.0078125 0.31640625
0.0078125 0.3203125
0.01171875 0.31640625
0.015625 0.31640625
0.01171875 0.3203125
0.015625 0.3203125
0.0078125 0.32421875
0.0078125 0.328125
0.01171875 0.32421875
0.015625 0.32421875
0.01171875 0.328125
0.015625 0.328125
0.0078125 0.33203125
0.0078125 0.3359375
0.01171875 0.33203125
0.015625 0.33203125
0.01171875 0.3359375
0.015625 0.3359375
0.0078125 0.33984375
0.0078125 0.34375
0.01171875 0.33984375
0.015625 0.33984375
0.01171875 0.34375
0.015625 0.34375
0.0078125 0.34765625
0.0078125 0.3515625
0.01171875 0.34765625
0.015625 0.34765625
0.01171875 0.3515625
0.015625 0.3515625
0.0078125 0.35546875
0.0078125 0.359375
0.01171875 0.35546875
0.015625 0.35546875
0.01171875 0.359375
0.015625 0.359375
0.0078125 0.36328125
0.0078125 0.3671875
0.01171875 0.36328125
0.015625 0.36328125
0.01171875 0.3671875
0.015625 0.3671875
0.0078125 0.37109375
0.0078125 0.375
0.01171875 0.37109375
0.015625 0.37109375
0.01171875 0.375
0.015625 0.375
0.0078125 0.37890625
0.0078125 0.3828125
0.01171875 0.37890625
0.015625 0.37890625
0.01171875 0.3828125
0.015625 0.3828125
0.0078125 0.38671875
0.0078125 0.390625
0.01171875 0.38671875
0.015625 0.38671875
0.01171875 0.390625
0.015625 0.390625
0.0078125 0.39453125
0.0078125 0.3984375
0.01171875 0.39453125
0.015625 0.39453125
0.01171875 0.3984375
0.015625 0.3984375
0.0078125 0.40234375
0.0078125 0.40625
0.01171875 0.40234375
0.015625 0.40234375
0.01171875 0.40625
0.015625 0.40625
0.0078125 0.41015625
0.0078125 0.4140625
0.01171875 0.41015625
0.015625 0.41015625
0.01171875 0.4140625
0.015625 0.4140625
0.0078125 0.41796875
0.0078125 0.421875
0.01171875 0.41796875
0.015625 0.41796875
0.01171875 0.421875
0.015625 0.421875
0.0078125 0.42578125
0.0078125 0.4296875
0.01171875 0.42578125
0.015625 0.42578125
0.01171875 0.4296875
0.015625 0.4296875
0.0078125 0.43359375
0.0078125 0.4375
0.01171875 0.43359375
0.015625 0.43359375
0.01171875 0.4375
0.015625 0.4375
0.0078125 0.44140625
0.0078125 0.4453125
0.01171875 0.44140625
0.015625 0.44140625
0.01171875 0.4453125
0.015625 0.4453125
0.0078125 0.44921875
0.0078125 0.453125
0.01171875 0.44921875
0.015625 0.44921875
0.01171875 0.453125
0.015625 0.453125
0.0078125 0.45703125
0.0078125 0.4609375
0.01171875 0.45703125
0.015625 0.45703125
0.01171875 0.4609375
0.015625 0.4609375
0.0078125 0.46484375
0.0078125 0.46875
0.01171875 0.46484375
0.015625 0.46484375
0.01171875 0.46875
0.015625 0.46875
0.0078125 0.47265625
0.0078125 0.4765625
0.01171875 0.47265625
0.015625 0.47265625
0.01171875 0.4765625
0.015625 0.4765625
0.0078125 0.48046875
0.0078125 0.484375
0.01171875 0.48046875
0.015625 0.48046875
0.01171875 0.484375
0.015625 0.484375
0.0078125 0.48828125
0.0078125 0.4921875
0.01171875 0.48828125
0.015625 0.48828125
0.01171875 0.4921875
0.015625 0.4921875
0.0078125 0.49609375
0.0078125 0.5
0.01171875 0.49609375
0.015625 0.49609375
0.01171875 0.5
0.015625 0.5
0.0078125 0.50390625
0.0078125 0.5078125
0.01171875 0.50390625
0.015625 0.50390625
0.01171875 0.5078125
0.015625 0.5078125
0.0078125 0.51171875
0.0078125 0.515625
0.01171875 0.51171875
0.015625 0.51171875
0.01171875 0.515625
0.015625 0.515625
0.0078125 0.51953125
0.0078125 0.5234375
0.01171875 0.51953125
0.015625 0.51953125
0.01171875 0.5234375
0.015625 0.5234375
0.0078125 0.52734375
0.0078125 0.53125
0.01171875 0.52734375
0.015625 0.52734375
0.01171875 0.53125
0.015625 0.53125
0.0078125 0.53515625
0.0078125 0.5390625
0.01171875 0.53515625
0.015625 0.53515625
0.01171875 0.5390625
0.015625 0.5390625
0.0078125 0.54296875
0.0078125 0.546875
0.01171875 0.54296875
0.015625 0.54296875
0.01171875 0.546875
0.015625 0.546875
0.0078125 0.55078125
0.0078125 0.5546875
0.01171875 0.55078125
0.015625 0.55078125
0.01171875 0.5546875
0.015625 0.5546875
0.0078125 0.55859375
0.0078125 0.5625
0.01171875 0.55859375
0.015625 0.55859375
0.01171875 0.5625
0.015625 0.5625
0.0078125 0.56640625
0.0078125 0.5703125
0.01171875 0.56640625
0.015625 0.56640625
0.01171875 0.5703125
0.015625 0.5703125
0.0078125 0.57421875
0.0078125 0.578125
0.01171875 0.57421875
0.015625 0.57421875
0.01171875 0.578125
0.015625 0.578125
0.0078125 0.58203125
0.0078125 0.5859375
0.01171875 0.58203125
0.015625 0.58203125
0.01171875 0.5859375
0.015625 0.5859375
0.0078125 0.58984375
0.0078125 0.59375
0.01171875 0.58984375
0.015625 0.58984375
0.01171875 0.59375
0.015625 0.59375
0.0078125 0.59765625
0.0078125 0.6015625
0.01171875 0.59765625
0.015625 0.59765625
0.01171875 0.6015625
0.015625 0.6015625
0.0078125 0.60546875
0.0078125 0.609375
0.01171875 0.60546875
0.015625 0.60546875
0.01171875 0.609375
0.015625 0.609375
0.0078125 0.61328125
0.0078125 0.6171875
0.01171875 0.61328125
0.015625 0.61328125
0.01171875 0.6171875
0.015625 0.6171875
0.0078125 0.62109375
0.0078125 0.625
0.01171875 0.62109375
0.015625 0.62109375
0.01171875 0.625
0.015625 0.625
0.0078125 0.62890625
0.0078125 0.6328125
0.01171875 0.62890625
0.015625 0.62890625
0.01171875 0.6328125
0.015625 0.6328125
0.0078125 0.63671875
0.0078125 0.640625
0.01171875 0.63671875
0.015625 0.63671875
0.01171875 0.640625
0.015625 0.640625
0.0078125 0.64453125
0.0078125 0.6484375
0.01171875 0.64453125
0.015625 0.64453125
0.01171875 0.6484375
0.015625 0.6484375
0.0078125 0.65234375
0.0078125 0.65625
0.01171875 0.65234375
0.015625 0.65234375
0.01171875 0.65625
0.015625 0.65625
0.0078125 0.66015625
0.0078125 0.6640625
0.01171875 0.66015625
0.015625 0.66015625
0.01171875 0.6640625
0.015625 0.6640625
0.0078125 0.66796875
0.0078125 0.671875
0.01171875 0.66796875
0.015625 0.66796875
0.01171875 0.671875
0.015625 0.671875
0.0078125 0.67578125
0.0078125 0.6796875
0.01171875 0.67578125
0.015625 0.67578125
0.01171875 0.6796875
0.015625 0.6796875
0.0078125 0.68359375
0.0078125 0.6875
0.01171875 0.68359375
0.015625 0.68359375
0.01171875 0.6875
0.015625 0.6875
0.0078125 0.69140625
0.0078125 0.6953125
0.01171875 0.69140625
0.015625 0.69140625
0.01171875 0.6953125
0.015625 0.6953125
0.0078125 0.69921875
0.0078125 0.703125
0.01171875 0.69921875
0.015625 0.69921875
0.01171875 0.703125
0.015625 0.703125
0.0078125 0.70703125
0.0078125 0.7109375
0.01171875 0.70703125
0.015625 0.70703125
0.01171875 0.7109375
0.015625 0.7109375
0.0078125 0.71484375
0.0078125 0.71875
0.01171875 0.71484375
0.015625 0.71484375
0.01171875 0.71875
0.015625 0.71875
0.0078125 0.72265625
0.0078125 0.7265625
0.01171875 0.72265625
0.015625 0.72265625
0.01171875 0.7265625
0.015625 0.7265625
0.0078125 0.73046875
0.0078125 0.734375
0.01171875 0.73046875
0.015625 0.73046875
0.01171875 0.734375
0.015625 0.734375
0.0078125 0.73828125
0.0078125 0.7421875
0.01171875 0.73828125
0.015625 0.73828125
0.01171875 0.7421875
0.015625 0.7421875
0.0078125 0.74609375
0.0078125 0.75
0.01171875 0.74609375
0.015625 0.74609375
0.01171875 0.75
0.015625 0.75
0.0078125 0.75390625
0.0078125 0.7578125
0.01171875 0.75390625
0.015625 0.75390625
0.01171875 0.7578125
0.015625 0.7578125
0.0078125 0.76171875
0.0078125 0.765625
0.01171875 0.76171875
0.015625 0.76171875
0.01171875 0.765625
0.015625 0.765625
0.0078125 0.76953125
0.0078125 0.7734375
0.01171875 0.76953125
0.015625 0.76953125
0.01171875 0.7734375
0.015625 0.7734375
0.0078125 0.77734375
0.0078125 0.78125
0.01171875 0.77734375
0.015625 0.77734375
0.01171875 0.78125
0.015625 0.78125
0.0078125 0.78515625
0.0078125 0.7890625
0.01171875 0.78515625
0.015625 0.78515625
0.01171875 0.7890625
0.015625 0.7890625
0.0078125 0.79296875
0.0078125 0.796875
0.01171875 0.79296875
0.015625 0.79296875
0.01171875 0.796875
0.015625 0.796875
0.0078125 0.80078125
0.0078125 0.8046875
0.01171875 0.80078125
0.015625 0.80078125
0.01171875 0.8046875
0.015625 0.8046875
0.0078125 0.80859375
0.0078125 0.8125
0.01171875 0.80859375
0.015625 0.80859375
0.01171875 0.8125
0.015625 0.8125
0.0078125 0.81640625
0.0078125 0.8203125
0.01171875 0.81640625
0.015625 0.81640625
0.01171875 0.8203125
0.015625 0.8203125
0.0078125 0.82421875
0.0078125 0.828125
0.01171875 0.82421875
0.015625 0.82421875
0.01171875 0.828125
0.015625 0.828125
0.0078125 0.83203125
0.0078125 0.8359375
0.01171875 0.83203125
0.015625 0.83203125
0.01171875 0.8359375
0.015625 0.8359375
0.0078125 0.83984375
0.0078125 0.84375
0.01171875 0.83984375
0.015625 0.83984375
0.01171875 0.84375
0.015625 0.84375
0.0078125 0.84765625
0.0078125 0.8515625
0.01171875 0.84765625
0.015625 0.84765625
0.01171875 0.8515625
0.015625 0.8515625
0.0078125 0.85546875
0.0078125 0.859375
0.01171875 0.85546875
0.015625 0.85546875
0.01171875 0.859375
0.015625 0.859375
0.0078125 0.86328125
0.0078125 0.8671875
0.01171875 0.86328125
0.015625 0.86328125
0.01171875 0.8671875
0.015625 0.8671875
0.0078125 0.87109375
0.0078125 0.875
0.01171875 0.87109375
0.015625 0.87109375
0.01171875 0.875
0.015625 0.875
0.0078125 0.87890625
0.0078125 0.8828125
0.01171875 0.87890625
0.015625 0.87890625
0.01171875 0.8828125
0.015625 0.8828125
0.0078125 0.88671875
0.0078125 0.890625
0.01171875 0.88671875
0.015625 0.88671875
0.01171875 0.890625
0.015625 0.890625
0.0078125 0.89453125
0.0078125 0.8984375
0.01171875 0.89453125
0.015625 0.89453125
0.01171875 0.8984375
0.015625 0.8984375
0.0078125 0.90234375
0.0078125 0.90625
0.01171875 0.90234375
0.015625 0.90234375
0.01171875 0.90625
0.015625 0.90625
0.0078125 0.91015625
0.0078125 0.9140625
0.01171875 0.91015625
0.015625 0.91015625
0.01171875 0.9140625
0.015625 0.9140625
0.0078125 0.91796875
0.0078125 0.921875
0.01171875 0.91796875
0.015625 0.91796875
0.01171875 0.921875
0.015625 0.921875
0.0078125 0.92578125
0.0078125 0.9296875
0.01171875 0.92578125
0.015625 0.92578125
0.01171875 0.9296875
0.015625 0.9296875
0.0078125 0.93359375
0.0078125 0.9375
0.01171875 0.93359375
0.015625 0.93359375
0.01171875 0.9375
0.015625 0.9375
0.0078125 0.94140625
0.0078125 0.9453125
0.01171875 0.94140625
0.015625 0.94140625
0.01171875 0.9453125
0.015625 0.9453125
0.0078125 0.94921875
0.0078125 0.953125
0.01171875 0.94921875
0.015625 0.94921875
0.01171875 0.953125
0.015625 0.953125
0.0078125 0.95703125
0.0078125 0.9609375
0.01171875 0.95703125
0.015625 0.95703125
0.01171875 0.9609375
0.015625 0.9609375
0.0078125 0.96484375
0.0078125 0.96875
0.01171875 0.96484375
0.015625 0.96484375
0.01171875 0.96875
0.015625 0.96875
0.0078125 0.97265625
0.0078125 0.9765625
0.01171875 0.97265625
0.015625 0.97265625
0.01171875 0.9765625
0.015625 0.9765625
0.0078125 0.98046875
0.0078125 0.984375
0.01171875 0.98046875
0.015625 0.98046875
0.01171875 0.984375
0.015625 0.984375
0.0078125 0.98828125
0.0078125 0.9921875
0.01171875 0.98828125
0.015625 0.98828125
0.01171875 0.9921875
0.015625 0.9921875
0.01953125 0.984375
0.01953125 0.98828125
0.0234375 0.984375
0.0234375 0.98828125
0.01953125 0.9921875
0.0234375 0.9921875
0.02734375 0.984375
0.02734375 0.98828125
0.03125 0.984375
0.03125 0.98828125
0.02734375 0.9921875
0.03125 0.9921875
0.03515625 0.984375
0.03515625 0.98828125
0.0390625 0.984375
0.0390625 0.98828125
0.03515625 0.9921875
0.0390625 0.9921875
0.04296875 0.984375
0.04296875 0.98828125
0.046875 0.984375
0.046875 0.98828125
0.04296875 0.9921875
0.046875 0.9921875
0.05078125 0.984375
0.05078125 0.98828125
0.0546875 0.984375
0.0546875 0.98828125
0.05078125 0.9921875
0.0546875 0.9921875
0.05859375 0.984375
0.05859375 0.98828125
0.0625 0.984375
0.0625 0.98828125
0.05859375 0.9921875
0.0625 0.9921875
0.06640625 0.984375
0.06640625 0.98828125
0.0703125 0.984375
0.0703125 0.98828125
0.06640625 0.9921875
0.0703125 0.9921875
0.07421875 0.984375
0.07421875 0.98828125
0.078125 0.984375
0.078125 0.98828125
0.07421875 0.9921875
0.078125 0.9921875
0.08203125 0.984375
0.08203125 0.98828125
0.0859375 0.984375
0.0859375 0.98828125
0.08203125 0.9921875
0.0859375 0.9921875
0.08984375 0.984375
0.08984375 0.98828125
0.09375 0.984375
0.09375 0.98828125
0.08984375 0.9921875
0.09375 0.9921875
0.09765625 0.984375
0.09765625 0.98828125
0.1015625 0.984375
0.1015625 0.98828125
0.09765625 0.9921875
0.1015625 0.9921875
0.10546875 0.984375
0.10546875 0.98828125
0.109375 0.984375
0.109375 0.98828125
0.10546875 0.9921875
0.109375 0.9921875
0.11328125 0.984375
0.11328125 0.98828125
0.1171875 0.984375
0.1171875 0.98828125
0.11328125 0.9921875
0.1171875 0.9921875
0.12109375 0.984375
0.12109375 0.98828125
0.125 0.984375
0.125 0.98828125
0.12109375 0.9921875
0.125 0.9921875
0.12890625 0.984375
0.12890625 0.98828125
0.1328125 0.984375
0.1328125 0.98828125
0.12890625 0.9921875
0.1328125 0.9921875
0.13671875 0.984375
0.13671875 0.98828125
0.140625 0.984375
0.140625 0.98828125
0.13671875 0.9921875
0.140625 0.9921875
0.14453125 0.984375
0.14453125 0.98828125
0.1484375 0.984375
0.1484375 0.98828125
0.14453125 0.9921875
0.1484375 0.9921875
0.15234375 0.984375
0.15234375 0.98828125
0.15625 0.984375
0.15625 0.98828125
0.15234375 0.9921875
0.15625 0.9921875
0.16015625 0.984375
0.16015625 0.98828125
0.1640625 0.984375
0.1640625 0.98828125
0.16015625 0.9921875
0.1640625 0.9921875
0.16796875 0.984375
0.16796875 0.98828125
0.171875 0.984375
0.171875 0.98828125
0.16796875 0.9921875
0.171875 0.9921875
0.17578125 0.984375
0.17578125 0.98828125
0.1796875 0.984375
0.1796875 0.98828125
0.17578125 0.9921875
0.1796875 0.9921875
0.18359375 0.984375
0.18359375 0.98828125
0.1875 0.984375
0.1875 0.98828125
0.18359375 0.9921875
0.1875 0.9921875
0.19140625 0.984375
0.19140625 0.98828125
0.1953125 0.984375
0.1953125 0.98828125
0.19140625 0.9921875
0.1953125 0.9921875
0.19921875 0.984375
0.19921875 0.98828125
0.203125 0.984375
0.203125 0.98828125
0.19921875 0.9921875
0.203125 0.9921875
0.20703125 0.984375
0.20703125 0.98828125
0.2109375 0.984375
0.2109375 0.98828125
0.20703125 0.9921875
0.2109375 0.9921875
0.21484375 0.984375
0.21484375 0.98828125
0.21875 0.984375
0.21875 0.98828125
0.21484375 0.9921875
0.21875 0.9921875
0.22265625 0.984375
0.22265625 0.98828125
0.2265625 0.984375
0.2265625 0.98828125
0.22265625 0.9921875
0.2265625 0.9921875
0.23046875 0.984375
0.23046875 0.98828125
0.234375 0.984375
0.234375 0.98828125
0.23046875 0.9921875
0.234375 0.9921875
0.23828125 0.984375
0.23828125 0.98828125
0.2421875 0.984375
0.2421875 0.98828125
0.23828125 0.9921875
0.2421875 0.9921875
0.24609375 0.984375
0.24609375 0.98828125
0.25 0.984375
0.25 0.98828125
0.24609375 0.9921875
0.25 0.9921875
0.25390625 0.0078125
0.2578125 0.0078125
0.26171875 0.0078125
0.265625 0.0078125
0.25390625 0.01171875
0.2578125 0.01171875
0.25390625 0.015625
0.2578125 0.015625
0.26171875 0.01171875
0.265625 0.01171875
0.26171875 0.015625
0.265625 0.015625
0.26953125 0.0078125
0.2734375 0.0078125
0.27734375 0.0078125
0.28125 0.0078125
0.26953125 0.01171875
0.2734375 0.01171875
0.26953125 0.015625
0.2734375 0.015625
0.27734375 0.01171875
0.28125 0.01171875
0.27734375 0.015625
0.28125 0.015625
0.28515625 0.0078125
0.2890625 0.0078125
0.29296875 0.0078125
0.296875 0.0078125
0.28515625 0.01171875
0.2890625 0.01171875
0.28515625 0.015625
0.2890625 0.015625
0.29296875 0.01171875
0.296875 0.01171875
0.29296875 0.015625
0.296875 0.015625
0.30078125 0.0078125
0.3046875 0.0078125
0.30859375 0.0078125
0.3125 0.0078125
0.30078125 0.01171875
0.3046875 0.01171875
0.30078125 0.015625
0.3046875 0.015625
0.30859375 0.01171875
0.3125 0.01171875
0.30859375 0.015625
0.3125 0.015625
0.31640625 0.0078125
0.3203125 0.0078125
0.32421875 0.0078125
0.328125 0.0078125
0.31640625 0.01171875
0.3203125 0.01171875
0.31640625 0.015625
0.3203125 0.015625
0.32421875 0.01171875
0.328125 0.01171875
0.32421875 0.015625
0.328125 0.015625
0.33203125 0.0078125
0.3359375 0.0078125
0.33984375 0.0078125
0.34375 0.0078125
0.33203125 0.01171875
0.3359375 0.01171875
0.33203125 0.015625
0.3359375 0.015625
0.33984375 0.01171875
0.34375 0.01171875
0.33984375 0.015625
0.34375 0.015625
0.34765625 0.0078125
0.3515625 0.0078125
0.35546875 0.0078125
0.359375 0.0078125
0.34765625 0.01171875
0.3515625 0.01171875
0.34765625 0.015625
0.3515625 0.015625
0.35546875 0.01171875
0.359375 0.01171875
0.35546875 0.015625
0.359375 0.015625
0.36328125 0.0078125
0.3671875 0.0078125
0.37109375 0.0078125
0.375 0.0078125
0.36328125 0.01171875
0.3671875 0.01171875
0.36328125 0.015625
0.3671875 0.015625
0.37109375 0.01171875
0.375 0.01171875
0.37109375 0.015625
0.375 0.015625
0.37890625 0.0078125
0.3828125 0.0078125
0.38671875 0.0078125
0.390625 0.0078125
0.37890625 0.01171875
0.3828125 0.01171875
0.37890625 0.015625
0.3828125 0.015625
0.38671875 0.01171875
0.390625 0.01171875
0.38671875 0.015625
0.390625 0.015625
0.39453125 0.0078125
0.3984375 0.0078125
0.40234375 0.0078125
0.40625 0.0078125
0.39453125 0.01171875
0.3984375 0.01171875
0.39453125 0.015625
0.3984375 0.015625
0.40234375 0.01171875
0.40625 0.01171875
0.40234375 0.015625
0.40625 0.015625
0.41015625 0.0078125
0.4140625 0.0078125
0.41796875 0.0078125
0.421875 0.0078125
0.41015625 0.01171875
0.4140625 0.01171875
0.41015625 0.015625
0.4140625 0.015625
0.41796875 0.01171875
0.421875 0.01171875
0.41796875 0.015625
0.421875 0.015625
0.42578125 0.0078125
0.4296875 0.0078125
0.43359375 0.0078125
0.4375 0.0078125
0.42578125 0.01171875
0.4296875 0.01171875
0.42578125 0.015625
0.4296875 0.015625
0.43359375 0.01171875
0.4375 0.01171875
0.43359375 0.015625
0.4375 0.015625
0.44140625 0.0078125
0.4453125 0.0078125
0.44921875 0.0078125
0.453125 0.0078125
0.44140625 0.01171875
0.4453125 0.01171875
0.44140625 0.015625
0.4453125 0.015625
0.44921875 0.01171875
0.453125 0.01171875
0.44921875 0.015625
0.453125 0.015625
0.45703125 0.0078125
0.4609375 0.0078125
0.46484375 0.0078125
0.46875 0.0078125
0.45703125 0.01171875
0.4609375 0.01171875
0.45703125 0.015625
0.4609375 0.015625
0.46484375 0.01171875
0.46875 0.01171875
0.46484375 0.015625
0.46875 0.015625
0.47265625 0.0078125
0.4765625 0.0078125
0.48046875 0.0078125
0.484375 0.0078125
0.47265625 0.01171875
0.4765625 0.01171875
0.47265625 0.015625
0.4765625 0.015625
0.48046875 0.01171875
0.484375 0.01171875
0.48046875 0.015625
0.484375 0.015625
0.48828125 0.0078125
0.4921875 0.0078125
0.49609375 0.0078125
0.5 0.0078125
0.48828125 0.01171875
0.4921875 0.01171875
0.48828125 0.015625
0.4921875 0.015625
0.49609375 0.01171875
0.5 0.01171875
0.49609375 0.015625
0.5 0.015625
0.25390625 0.984375
0.25390625 0.98828125
0.2578125 0.984375
0.2578125 0.98828125
0.25390625 0.9921875
0.2578125 0.9921875
0.26171875 0.984375
0.26171875 0.98828125
0.265625 0.984375
0.265625 0.98828125
0.26171875 0.9921875
0.265625 0.9921875
0.26953125 0.984375
0.26953125 0.98828125
0.2734375 0.984375
0.2734375 0.98828125
0.26953125 0.9921875
0.2734375 0.9921875
0.27734375 0.984375
0.27734375 0.98828125
0.28125 0.984375
0.28125 0.98828125
0.27734375 0.9921875
0.28125 0.9921875
0.28515625 0.984375
0.28515625 0.98828125
0.2890625 0.984375
0.2890625 0.98828125
0.28515625 0.9921875
0.2890625 0.9921875
0.29296875 0.984375
0.29296875 0.98828125
0.296875 0.984375
0.296875 0.98828125
0.29296875 0.9921875
0.296875 0.9921875
0.30078125 0.984375
0.30078125 0.98828125
0.3046875 0.984375
0.3046875 0.98828125
0.30078125 0.9921875
0.3046875 0.9921875
0.30859375 0.984375
0.30859375 0.98828125
0.3125 0.984375
0.3125 0.98828125
0.30859375 0.9921875
0.3125 0.9921875
0.31640625 0.984375
0.31640625 0.98828125
0.3203125 0.984375
0.3203125 0.98828125
0.31640625 0.9921875
0.3203125 0.9921875
0.32421875 0.984375
0.32421875 0.98828125
0.328125 0.984375
0.328125 0.98828125
0.32421875 0.9921875
0.328125 0.9921875
0.33203125 0.984375
0.33203125 0.98828125
0.3359375 0.984375
0.3359375 0.98828125
0.33203125 0.9921875
0.3359375 0.9921875
0.33984375 0.984375
0.33984375 0.98828125
0.34375 0.984375
0.34375 0.98828125
0.33984375 0.9921875
0.34375 0.9921875
0.34765625 0.984375
0.34765625 0.98828125
0.3515625 0.984375
0.3515625 0.98828125
0.34765625 0.9921875
0.3515625 0.9921875
0.35546875 0.984375
0.35546875 0.98828125
0.359375 0.984375
0.359375 0.98828125
0.35546875 0.9921875
0.359375 0.9921875
0.36328125 0.984375
0.36328125 0.98828125
0.3671875 0.984375
0.3671875 0.98828125
0.36328125 0.9921875
0.3671875 0.9921875
0.37109375 0.984375
0.37109375 0.98828125
0.375 0.984375
0.375 0.98828125
0.37109375 0.9921875
0.375 0.9921875
0.37890625 0.984375
0.37890625 0.98828125
0.3828125 0.984375
0.3828125 0.98828125
0.37890625 0.9921875
0.3828125 0.9921875
0.38671875 0.984375
0.38671875 0.98828125
0.390625 0.984375
0.390625 0.98828125
0.38671875 0.9921875
0.390625 0.9921875
0.39453125 0.984375
0.39453125 0.98828125
0.3984375 0.984375
0.3984375 0.98828125
0.39453125 0.9921875
0.3984375 0.9921875
0.40234375 0.984375
0.40234375 0.98828125
0.40625 0.984375
0.40625 0.98828125
0.40234375 0.9921875
0.40625 0.9921875
0.41015625 0.984375
0.41015625 0.98828125
0.4140625 0.984375
0.4140625 0.98828125
0.41015625 0.9921875
0.4140625 0.9921875
0.41796875 0.984375
0.41796875 0.98828125
0.421875 0.984375
0.421875 0.98828125
0.41796875 0.9921875
0.421875 0.9921875
0.42578125 0.984375
0.42578125 0.98828125
0.4296875 0.984375
0.4296875 0.98828125
0.42578125 0.9921875
0.4296875 0.9921875
0.43359375 0.984375
0.43359375 0.98828125
0.4375 0.984375
0.4375 0.98828125
0.43359375 0.9921875
0.4375 0.9921875
0.44140625 0.984375
0.44140625 0.98828125
0.4453125 0.984375
0.4453125 0.98828125
0.44140625 0.9921875
0.4453125 0.9921875
0.44921875 0.984375
0.44921875 0.98828125
0.453125 0.984375
0.453125 0.98828125
0.44921875 0.9921875
0.453125 0.9921875
0.45703125 0.984375
0.45703125 0.98828125
0.4609375 0.984375
0.4609375 0.98828125
0.45703125 0.9921875
0.4609375 0.9921875
0.46484375 0.984375
0.46484375 0.98828125
0.46875 0.984375
0.46875 0.98828125
0.46484375 0.9921875
0.46875 0.9921875
0.47265625 0.984375
0.47265625 0.98828125
0.4765625 0.984375
0.4765625 0.98828125
0.47265625 0.9921875
0.4765625 0.9921875
0.48046875 0.984375
0.48046875 0.98828125
0.484375 0.984375
0.484375 0.98828125
0.48046875 0.9921875
0.484375 0.9921875
0.48828125 0.984375
0.48828125 0.98828125
0.4921875 0.984375
0.4921875 0.98828125
0.48828125 0.9921875
0.4921875 0.9921875
0.49609375 0.984375
0.49609375 0.98828125
0.5 0.984375
0.5 0.98828125
0.49609375 0.9921875
0.5 0.9921875
0.50390625 0.0078125
0.5078125 0.0078125
0.51171875 0.0078125
0.515625 0.0078125
0.50390625 0.01171875
0.5078125 0.01171875
0.50390625 0.015625
0.5078125 0.015625
0.51171875 0.01171875
0.515625 0.01171875
0.51171875 0.015625
0.515625 0.015625
0.51953125 0.0078125
0.5234375 0.0078125
0.52734375 0.0078125
0.53125 0.0078125
0.51953125 0.01171875
0.5234375 0.01171875
0.51953125 0.015625
0.5234375 0.015625
0.52734375 0.01171875
0.53125 0.01171875
0.52734375 0.015625
0.53125 0.015625
0.53515625 0.0078125
0.5390625 0.0078125
0.54296875 0.0078125
0.546875 0.0078125
0.53515625 0.01171875
0.5390625 0.01171875
0.53515625 0.015625
0.5390625 0.015625
0.54296875 0.01171875
0.546875 0.01171875
0.54296875 0.015625
0.546875 0.015625
0.55078125 0.0078125
0.5546875 0.0078125
0.55859375 0.0078125
0.5625 0.0078125
0.55078125 0.01171875
0.5546875 0.01171875
0.55078125 0.015625
0.5546875 0.015625
0.55859375 0.01171875
0.5625 0.01171875
0.55859375 0.015625
0.5625 0.015625
0.56640625 0.0078125
0.5703125 0.0078125
0.57421875 0.0078125
0.578125 0.0078125
0.56640625 0.01171875
0.5703125 0.01171875
0.56640625 0.015625
0.5703125 0.015625
0.57421875 0.01171875
0.578125 0.01171875
0.57421875 0.015625
0.578125 0.015625
0.58203125 0.0078125
0.5859375 0.0078125
0.58984375 0.0078125
0.59375 0.0078125
0.58203125 0.01171875
0.5859375 0.01171875
0.58203125 0.015625
0.5859375 0.015625
0.58984375 0.01171875
0.59375 0.01171875
0.58984375 0.015625
0.59375 0.015625
0.59765625 0.0078125
0.6015625 0.0078125
0.60546875 0.0078125
0.609375 0.0078125
0.59765625 0.01171875
0.6015625 0.01171875
0.59765625 0.015625
0.6015625 0.015625
0.60546875 0.01171875
0.609375 0.01171875
0.60546875 0.015625
0.609375 0.015625
0.61328125 0.0078125
0.6171875 0.0078125
0.62109375 0.0078125
0.625 0.0078125
0.61328125 0.01171875
0.6171875 0.01171875
0.61328125 0.015625
0.6171875 0.015625
0.62109375 0.01171875
0.625 0.01171875
0.62109375 0.015625
0.625 0.015625
0.62890625 0.0078125
0.6328125 0.0078125
0.63671875 0.0078125
0.640625 0.0078125
0.62890625 0.01171875
0.6328125 0.01171875
0.62890625 0.015625
0.6328125 0.015625
0.63671875 0.01171875
0.640625 0.01171875
0.63671875 0.015625
0.640625 0.015625
0.64453125 0.0078125
0.6484375 0.0078125
0.65234375 0.0078125
0.65625 0.0078125
0.64453125 0.01171875
0.6484375 0.01171875
0.64453125 0.015625
0.6484375 0.015625
0.65234375 0.01171875
0.65625 0.01171875
0.65234375 0.015625
0.65625 0.015625
0.66015625 0.0078125
0.6640625 0.0078125
0.66796875 0.0078125
0.671875 0.0078125
0.66015625 0.01171875
0.6640625 0.01171875
0.66015625 0.015625
0.6640625 0.015625
0.66796875 0.01171875
0.671875 0.01171875
0.66796875 0.015625
0.671875 0.015625
0.67578125 0.0078125
0.6796875 0.0078125
0.68359375 0.0078125
0.6875 0.0078125
0.67578125 0.01171875
0.6796875 0.01171875
0.67578125 0.015625
0.6796875 0.015625
0.68359375 0.01171875
0.6875 0.01171875
0.68359375 0.015625
0.6875 0.015625
0.69140625 0.0078125
0.6953125 0.0078125
0.69921875 0.0078125
0.703125 0.0078125
0.69140625 0.01171875
0.6953125 0.01171875
0.69140625 0.015625
0.6953125 0.015625
0.69921875 0.01171875
0.703125 0.01171875
0.69921875 0.015625
0.703125 0.015625
0.70703125 0.0078125
0.7109375 0.0078125
0.71484375 0.0078125
0.71875 0.0078125
0.70703125 0.01171875
0.7109375 0.01171875
0.70703125 0.015625
0.7109375 0.015625
0.71484375 0.01171875
0.71875 0.01171875
0.71484375 0.015625
0.71875 0.015625
0.72265625 0.0078125
0.7265625 0.0078125
0.73046875 0.0078125
0.734375 0.0078125
0.72265625 0.01171875
0.7265625 0.01171875
0.72265625 0.015625
0.7265625 0.015625
0.73046875 0.01171875
0.734375 0.01171875
0.73046875 0.015625
0.734375 0.015625
0.73828125 0.0078125
0.7421875 0.0078125
0.74609375 0.0078125
0.75 0.0078125
0.73828125 0.01171875
0.7421875 0.01171875
0.73828125 0.015625
0.7421875 0.015625
0.74609375 0.01171875
0.75 0.01171875
0.74609375 0.015625
0.75 0.015625
0.50390625 0.984375
0.50390625 0.98828125
0.5078125 0.984375
0.5078125 0.98828125
0.50390625 0.9921875
0.5078125 0.9921875
0.51171875 0.984375
0.51171875 0.98828125
0.515625 0.984375
0.515625 0.98828125
0.51171875 0.9921875
0.515625 0.9921875
0.51953125 0.984375
0.51953125 0.98828125
0.5234375 0.984375
0.5234375 0.98828125
0.51953125 0.9921875
0.5234375 0.9921875
0.52734375 0.984375
0.52734375 0.98828125
0.53125 0.984375
0.53125 0.98828125
0.52734375 0.9921875
0.53125 0.9921875
0.53515625 0.984375
0.53515625 0.98828125
0.5390625 0.984375
0.5390625 0.98828125
0.53515625 0.9921875
0.5390625 0.9921875
0.54296875 0.984375
0.54296875 0.98828125
0.546875 0.984375
0.546875 0.98828125
0.54296875 0.9921875
0.546875 0.9921875
0.55078125 0.984375
0.55078125 0.98828125
0.5546875 0.984375
0.5546875 0.98828125
0.55078125 0.9921875
0.5546875 0.9921875
0.55859375 0.984375
0.55859375 0.98828125
0.5625 0.984375
0.5625 0.98828125
0.55859375 0.9921875
0.5625 0.9921875
0.56640625 0.984375
0.56640625 0.98828125
0.5703125 0.984375
0.5703125 0.98828125
0.56640625 0.9921875
0.5703125 0.9921875
0.57421875 0.984375
0.57421875 0.98828125
0.578125 0.984375
0.578125 0.98828125
0.57421875 0.9921875
0.578125 0.9921875
0.58203125 0.984375
0.58203125 0.98828125
0.5859375 0.984375
0.5859375 0.98828125
0.58203125 0.9921875
0.5859375 0.9921875
0.58984375 0.984375
0.58984375 0.98828125
0.59375 0.984375
0.59375 0.98828125
0.58984375 0.9921875
0.59375 0.9921875
0.59765625 0.984375
0.59765625 0.98828125
0.6015625 0.984375
0.6015625 0.98828125
0.59765625 0.9921875
0.6015625 0.9921875
0.60546875 0.984375
0.60546875 0.98828125
0.609375 0.984375
0.609375 0.98828125
0.60546875 0.9921875
0.609375 0.9921875
0.61328125 0.984375
0.61328125 0.98828125
0.6171875 0.984375
0.6171875 0.98828125
0.61328125 0.9921875
0.6171875 0.9921875
0.62109375 0.984375
0.62109375 0.98828125
0.625 0.984375
0.625 0.98828125
0.62109375 0.9921875
0.625 0.9921875
0.62890625 0.984375
0.62890625 0.98828125
0.6328125 0.984375
0.6328125 0.98828125
0.62890625 0.9921875
0.6328125 0.9921875
0.63671875 0.984375
0.63671875 0.98828125
0.640625 0.984375
0.640625 0.98828125
0.63671875 0.9921875
0.640625 0.9921875
0.64453125 0.984375
0.64453125 0.98828125
0.6484375 0.984375
0.6484375 0.98828125
0.64453125 0.9921875
0.6484375 0.9921875
0.65234375 0.984375
0.65234375 0.98828125
0.65625 0.984375
0.65625 0.98828125
0.65234375 0.9921875
0.65625 0.9921875
0.66015625 0.984375
0.66015625 0.98828125
0.6640625 0.984375
0.6640625 0.98828125
0.66015625 0.9921875
0.6640625 0.9921875
0.66796875 0.984375
0.66796875 0.98828125
0.671875 0.984375
0.671875 0.98828125
0.66796875 0.9921875
0.671875 0.9921875
0.67578125 0.984375
0.67578125 0.98828125
0.6796875 0.984375
0.6796875 0.98828125
0.67578125 0.9921875
0.6796875 0.9921875
0.68359375 0.984375
0.68359375 0.98828125
0.6875 0.984375
0.6875 0.98828125
0.68359375 0.9921875
0.6875 0.9921875
0.69140625 0.984375
0.69140625 0.98828125
0.6953125 0.984375
0.6953125 0.98828125
0.69140625 0.9921875
0.6953125 0.9921875
0.69921875 0.984375
0.69921875 0.98828125
0.703125 0.984375
0.703125 0.98828125
0.69921875 0.9921875
0.703125 0.9921875
0.70703125 0.984375
0.70703125 0.98828125
0.7109375 0.984375
0.7109375 0.98828125
0.70703125 0.9921875
0.7109375 0.9921875
0.71484375 0.984375
0.71484375 0.98828125
0.71875 0.984375
0.71875 0.98828125
0.71484375 0.9921875
0.71875 0.9921875
0.72265625 0.984375
0.72265625 0.98828125
0.7265625 0.984375
0.7265625 0.98828125
0.72265625 0.9921875
0.7265625 0.9921875
0.73046875 0.984375
0.73046875 0.98828125
0.734375 0.984375
0.734375 0.98828125
0.73046875 0.9921875
0.734375 0.9921875
0.73828125 0.984375
0.73828125 0.98828125
0.7421875 0.984375
0.7421875 0.98828125
0.73828125 0.9921875
0.7421875 0.9921875
0.74609375 0.984375
0.74609375 0.98828125
0.75 0.984375
0.75 0.98828125
0.74609375 0.9921875
0.75 0.9921875
0.75390625 0.0078125
0.7578125 0.0078125
0.76171875 0.0078125
0.765625 0.0078125
0.75390625 0.01171875
0.7578125 0.01171875
0.75390625 0.015625
0.7578125 0.015625
0.76171875 0.01171875
0.765625 0.01171875
0.76171875 0.015625
0.765625 0.015625
0.76953125 0.0078125
0.7734375 0.0078125
0.77734375 0.0078125
0.78125 0.0078125
0.76953125 0.01171875
0.7734375 0.01171875
0.76953125 0.015625
0.7734375 0.015625
0.77734375 0.01171875
0.78125 0.01171875
0.77734375 0.015625
0.78125 0.015625
0.78515625 0.0078125
0.7890625 0.0078125
0.79296875 0.0078125
0.796875 0.0078125
0.78515625 0.01171875
0.7890625 0.01171875
0.78515625 0.015625
0.7890625 0.015625
0.79296875 0.01171875
0.796875 0.01171875
0.79296875 0.015625
0.796875 0.015625
0.80078125 0.0078125
0.8046875 0.0078125
0.80859375 0.0078125
0.8125 0.0078125
0.80078125 0.01171875
0.8046875 0.01171875
0.80078125 0.015625
0.8046875 0.015625
0.80859375 0.01171875
0.8125 0.01171875
0.80859375 0.015625
0.8125 0.015625
0.81640625 0.0078125
0.8203125 0.0078125
0.82421875 0.0078125
0.828125 0.0078125
0.81640625 0.01171875
0.8203125 0.01171875
0.81640625 0.015625
0.8203125 0.015625
0.82421875 0.01171875
0.828125 0.01171875
0.82421875 0.015625
0.828125 0.015625
0.83203125 0.0078125
0.8359375 0.0078125
0.83984375 0.0078125
0.84375 0.0078125
0.83203125 0.01171875
0.8359375 0.01171875
0.83203125 0.015625
0.8359375 0.015625
0.83984375 0.01171875
0.84375 0.01171875
0.83984375 0.015625
0.84375 0.015625
0.84765625 0.0078125
0.8515625 0.0078125
0.85546875 0.0078125
0.859375 0.0078125
0.84765625 0.01171875
0.8515625 0.01171875
0.84765625 0.015625
0.8515625 0.015625
0.85546875 0.01171875
0.859375 0.01171875
0.85546875 0.015625
0.859375 0.015625
0.86328125 0.0078125
0.8671875 0.0078125
0.87109375 0.0078125
0.875 0.0078125
0.86328125 0.01171875
0.8671875 0.01171875
0.86328125 0.015625
0.8671875 0.015625
0.87109375 0.01171875
0.875 0.01171875
0.87109375 0.015625
0.875 0.015625
0.87890625 0.0078125
0.8828125 0.0078125
0.88671875 0.0078125
0.890625 0.0078125
0.87890625 0.01171875
0.8828125 0.01171875
0.87890625 0.015625
0.8828125 0.015625
0.88671875 0.01171875
0.890625 0.01171875
0.88671875 0.015625
0.890625 0.015625
0.89453125 0.0078125
0.8984375 0.0078125
0.90234375 0.0078125
0.90625 0.0078125
0.89453125 0.01171875
0.8984375 0.01171875
0.89453125 0.015625
0.8984375 0.015625
0.90234375 0.01171875
0.90625 0.01171875
0.90234375 0.015625
0.90625 0.015625
0.91015625 0.0078125
0.9140625 0.0078125
0.91796875 0.0078125
0.921875 0.0078125
0.91015625 0.01171875
0.9140625 0.01171875
0.91015625 0.015625
0.9140625 0.015625
0.91796875 0.01171875
0.921875 0.01171875
0.91796875 0.015625
0.921875 0.015625
0.92578125 0.0078125
0.9296875 0.0078125
0.93359375 0.0078125
0.9375 0.0078125
0.92578125 0.01171875
0.9296875 0.01171875
0.92578125 0.015625
0.9296875 0.015625
0.93359375 0.01171875
0.9375 0.01171875
0.93359375 0.015625
0.9375 0.015625
0.94140625 0.0078125
0.9453125 0.0078125
0.94921875 0.0078125
0.953125 0.0078125
0.94140625 0.01171875
0.9453125 0.01171875
0.94140625 0.015625
0.9453125 0.015625
0.94921875 0.01171875
0.953125 0.01171875
0.94921875 0.015625
0.953125 0.015625
0.95703125 0.0078125
0.9609375 0.0078125
0.96484375 0.0078125
0.96875 0.0078125
0.95703125 0.01171875
0.9609375 0.01171875
0.95703125 0.015625
0.9609375 0.015625
0.96484375 0.01171875
0.96875 0.01171875
0.96484375 0.015625
0.96875 0.015625
0.97265625 0.0078125
0.9765625 0.0078125
0.98046875 0.0078125
0.984375 0.0078125
0.97265625 0.01171875
0.9765625 0.01171875
0.97265625 0.015625
0.9765625 0.015625
0.98046875 0.01171875
0.984375 0.01171875
0.98046875 0.015625
0.984375 0.015625
0.98828125 0.0078125
0.9921875 0.0078125
0.98828125 0.01171875
0.9921875 0.01171875
0.98828125 0.015625
0.9921875 0.015625
0.98828125 0.01953125
0.984375 0.01953125
0.9921875 0.01953125
0.98828125 0.0234375
0.984375 0.0234375
0.9921875 0.0234375
0.98828125 0.02734375
0.984375 0.02734375
0.9921875 0.02734375
0.98828125 0.03125
0.984375 0.03125
0.9921875 0.03125
0.98828125 0.03515625
0.984375 0.03515625
0.9921875 0.03515625
0.98828125 0.0390625
0.984375 0.0390625
0.9921875 0.0390625
0.98828125 0.04296875
0.984375 0.04296875
0.9921875 0.04296875
0.98828125 0.046875
0.984375 0.046875
0.9921875 0.046875
0.98828125 0.05078125
0.984375 0.05078125
0.9921875 0.05078125
0.98828125 0.0546875
0.984375 0.0546875
0.9921875 0.0546875
0.98828125 0.05859375
0.984375 0.05859375
0.9921875 0.05859375
0.98828125 0.0625
0.984375 0.0625
0.9921875 0.0625
0.98828125 0.06640625
0.984375 0.06640625
0.9921875 0.06640625
0.98828125 0.0703125
0.984375 0.0703125
0.9921875 0.0703125
0.98828125 0.07421875
0.984375 0.07421875
0.9921875 0.07421875
0.98828125 0.078125
0.984375 0.078125
0.9921875 0.078125
0.98828125 0.08203125
0.984375 0.08203125
0.9921875 0.08203125
0.98828125 0.0859375
0.984375 0.0859375
0.9921875 0.0859375
0.98828125 0.08984375
0.984375 0.08984375
0.9921875 0.08984375
0.98828125 0.09375
0.984375 0.09375
0.9921875 0.09375
0.98828125 0.09765625
0.984375 0.09765625
0.9921875 0.09765625
0.98828125 0.1015625
0.984375 0.1015625
0.9921875 0.1015625
0.98828125 0.10546875
0.984375 0.10546875
0.9921875 0.10546875
0.98828125 0.109375
0.984375 0.109375
0.9921875 0.109375
0.98828125 0.11328125
0.984375 0.11328125
0.9921875 0.11328125
0.98828125 0.1171875
0.984375 0.1171875
0.9921875 0.1171875
0.98828125 0.12109375
0.984375 0.12109375
0.9921875 0.12109375
0.98828125 0.125
0.984375 0.125
0.9921875 0.125
0.98828125 0.12890625
0.984375 0.12890625
0.9921875 0.12890625
0.98828125 0.1328125
0.984375 0.1328125
0.9921875 0.1328125
0.98828125 0.13671875
0.984375 0.13671875
0.9921875 0.13671875
0.98828125 0.140625
0.984375 0.140625
0.9921875 0.140625
0.98828125 0.14453125
0.984375 0.14453125
0.9921875 0.14453125
0.98828125 0.1484375
0.984375 0.1484375
0.9921875 0.1484375
0.98828125 0.15234375
0.984375 0.15234375
0.9921875 0.15234375
0.98828125 0.15625
0.984375 0.15625
0.9921875 0.15625
0.98828125 0.16015625
0.984375 0.16015625
0.9921875 0.16015625
0.98828125 0.1640625
0.984375 0.1640625
0.9921875 0.1640625
0.98828125 0.16796875
0.984375 0.16796875
0.9921875 0.16796875
0.98828125 0.171875
0.984375 0.171875
0.9921875 0.171875
0.98828125 0.17578125
0.984375 0.17578125
0.9921875 0.17578125
0.98828125 0.1796875
0.984375 0.1796875
0.9921875 0.1796875
0.98828125 0.18359375
0.984375 0.18359375
0.9921875 0.18359375
0.98828125 0.1875
0.984375 0.1875
0.9921875 0.1875
0.98828125 0.19140625
0.984375 0.19140625
0.9921875 0.19140625
0.98828125 0.1953125
0.984375 0.1953125
0.9921875 0.1953125
0.98828125 0.19921875
0.984375 0.19921875
0.9921875 0.19921875
0.98828125 0.203125
0.984375 0.203125
0.9921875 0.203125
0.98828125 0.20703125
0.984375 0.20703125
0.9921875 0.20703125
0.98828125 0.2109375
0.984375 0.2109375
0.9921875 0.2109375
0.98828125 0.21484375
0.984375 0.21484375
0.9921875 0.21484375
0.98828125 0.21875
0.984375 0.21875
0.9921875 0.21875
0.98828125 0.22265625
0.984375 0.22265625
0.9921875 0.22265625
0.98828125 0.2265625
0.984375 0.2265625
0.9921875 0.2265625
0.98828125 0.23046875
0.984375 0.23046875
0.9921875 0.23046875
0.98828125 0.234375
0.984375 0.234375
0.9921875 0.234375
0.98828125 0.23828125
0.984375 0.23828125
0.9921875 0.23828125
0.98828125 0.2421875
0.984375 0.2421875
0.9921875 0.2421875
0.98828125 0.24609375
0.984375 0.24609375
0.9921875 0.24609375
0.98828125 0.25
0.984375 0.25
0.9921875 0.25
0.98828125 0.25390625
0.984375 0.25390625
0.9921875 0.25390625
0.98828125 0.2578125
0.984375 0.2578125
0.9921875 0.2578125
0.98828125 0.26171875
0.984375 0.26171875
0.9921875 0.26171875
0.98828125 0.265625
0.984375 0.265625
0.9921875 0.265625
0.98828125 0.26953125
0.984375 0.26953125
0.9921875 0.26953125
0.98828125 0.2734375
0.984375 0.2734375
0.9921875 0.2734375
0.98828125 0.27734375
0.984375 0.27734375
0.9921875 0.27734375
0.98828125 0.28125
0.984375 0.28125
0.9921875 0.28125
0.98828125 0.28515625
0.984375 0.28515625
0.9921875 0.28515625
0.98828125 0.2890625
0.984375 0.2890625
0.9921875 0.2890625
0.98828125 0.29296875
0.984375 0.29296875
0.9921875 0.29296875
0.98828125 0.296875
0.984375 0.296875
0.9921875 0.296875
0.98828125 0.30078125
0.984375 0.30078125
0.9921875 0.30078125
0.98828125 0.3046875
0.984375 0.3046875
0.9921875 0.3046875
0.98828125 0.30859375
0.984375 0.30859375
0.9921875 0.30859375
0.98828125 0.3125
0.984375 0.3125
0.9921875 0.3125
0.98828125 0.31640625
0.984375 0.31640625
0.9921875 0.31640625
0.98828125 0.3203125
0.984375 0.3203125
0.9921875 0.3203125
0.98828125 0.32421875
0.984375 0.32421875
0.9921875 0.32421875
0.98828125 0.328125
0.984375 0.328125
0.9921875 0.328125
0.98828125 0.33203125
0.984375 0.33203125
0.9921875 0.33203125
0.98828125 0.3359375
0.984375 0.3359375
0.9921875 0.3359375
0.98828125 0.33984375
0.984375 0.33984375
0.9921875 0.33984375
0.98828125 0.34375
0.984375 0.34375
0.9921875 0.34375
0.98828125 0.34765625
0.984375 0.34765625
0.9921875 0.34765625
0.98828125 0.3515625
0.984375 0.3515625
0.9921875 0.3515625
0.98828125 0.35546875
0.984375 0.35546875
0.9921875 0.35546875
0.98828125 0.359375
0.984375 0.359375
0.9921875 0.359375
0.98828125 0.36328125
0.984375 0.36328125
0.9921875 0.36328125
0.98828125 0.3671875
0.984375 0.3671875
0.9921875 0.3671875
0.98828125 0.37109375
0.984375 0.37109375
0.9921875 0.37109375
0.98828125 0.375
0.984375 0.375
0.9921875 0.375
0.98828125 0.37890625
0.984375 0.37890625
0.9921875 0.37890625
0.98828125 0.3828125
0.984375 0.3828125
0.9921875 0.3828125
0.98828125 0.38671875
0.984375 0.38671875
0.9921875 0.38671875
0.98828125 0.390625
0.984375 0.390625
0.9921875 0.390625
0.98828125 0.39453125
0.984375 0.39453125
0.9921875 0.39453125
0.98828125 0.3984375
0.984375 0.3984375
0.9921875 0.3984375
0.98828125 0.40234375
0.984375 0.40234375
0.9921875 0.40234375
0.98828125 0.40625
0.984375 0.40625
0.9921875 0.40625
0.98828125 0.41015625
0.984375 0.41015625
0.9921875 0.41015625
0.98828125 0.4140625
0.984375 0.4140625
0.9921875 0.4140625
0.98828125 0.41796875
0.984375 0.41796875
0.9921875 0.41796875
0.98828125 0.421875
0.984375 0.421875
0.9921875 0.421875
0.98828125 0.42578125
0.984375 0.42578125
0.9921875 0.42578125
0.98828125 0.4296875
0.984375 0.4296875
0.9921875 0.4296875
0.98828125 0.43359375
0.984375 0.43359375
0.9921875 0.43359375
0.98828125 0.4375
0.984375 0.4375
0.9921875 0.4375
0.98828125 0.44140625
0.984375 0.44140625
0.9921875 0.44140625
0.98828125 0.4453125
0.984375 0.4453125
0.9921875 0.4453125
0.98828125 0.44921875
0.984375 0.44921875
0.9921875 0.44921875
0.98828125 0.453125
0.984375 0.453125
0.9921875 0.453125
0.98828125 0.45703125
0.984375 0.45703125
0.9921875 0.45703125
0.98828125 0.4609375
0.984375 0.4609375
0.9921875 0.4609375
0.98828125 0.46484375
0.984375 0.46484375
0.9921875 0.46484375
0.98828125 0.46875
0.984375 0.46875
0.9921875 0.46875
0.98828125 0.47265625
0.984375 0.47265625
0.9921875 0.47265625
0.98828125 0.4765625
0.984375 0.4765625
0.9921875 0.4765625
0.98828125 0.48046875
0.984375 0.48046875
0.9921875 0.48046875
0.98828125 0.484375
0.984375 0.484375
0.9921875 0.484375
0.98828125 0.48828125
0.984375 0.48828125
0.9921875 0.48828125
0.98828125 0.4921875
0.984375 0.4921875
0.9921875 0.4921875
0.98828125 0.49609375
0.984375 0.49609375
0.9921875 0.49609375
0.98828125 0.5
0.984375 0.5
0.9921875 0.5
0.98828125 0.50390625
0.984375 0.50390625
0.9921875 0.50390625
0.98828125 0.5078125
0.984375 0.5078125
0.9921875 0.5078125
0.98828125 0.51171875
0.984375 0.51171875
0.9921875 0.51171875
0.98828125 0.515625
0.984375 0.515625
0.9921875 0.515625
0.98828125 0.51953125
0.984375 0.51953125
0.9921875 0.51953125
0.98828125 0.5234375
0.984375 0.5234375
0.9921875 0.5234375
0.98828125 0.52734375
0.984375 0.52734375
0.9921875 0.52734375
0.98828125 0.53125
0.984375 0.53125
0.9921875 0.53125
0.98828125 0.53515625
0.984375 0.53515625
0.9921875 0.53515625
0.98828125 0.5390625
0.984375 0.5390625
0.9921875 0.5390625
0.98828125 0.54296875
0.984375 0.54296875
0.9921875 0.54296875
0.98828125 0.546875
0.984375 0.546875
0.9921875 0.546875
0.98828125 0.55078125
0.984375 0.55078125
0.9921875 0.55078125
0.98828125 0.5546875
0.984375 0.5546875
0.9921875 0.5546875
0.98828125 0.55859375
0.984375 0.55859375
0.9921875 0.55859375
0.98828125 0.5625
0.984375 0.5625
0.9921875 0.5625
0.98828125 0.56640625
0.984375 0.56640625
0.9921875 0.56640625
0.98828125 0.5703125
0.984375 0.5703125
0.9921875 0.5703125
0.98828125 0.57421875
0.984375 0.57421875
0.9921875 0.57421875
0.98828125 0.578125
0.984375 0.578125
0.9921875 0.578125
0.98828125 0.58203125
0.984375 0.58203125
0.9921875 0.58203125
0.98828125 0.5859375
0.984375 0.5859375
0.9921875 0.5859375
0.98828125 0.58984375
0.984375 0.58984375
0.9921875 0.58984375
0.98828125 0.59375
0.984375 0.59375
0.9921875 0.59375
0.98828125 0.59765625
0.984375 0.59765625
0.9921875 0.59765625
0.98828125 0.6015625
0.984375 0.6015625
0.9921875 0.6015625
0.98828125 0.60546875
0.984375 0.60546875
0.9921875 0.60546875
0.98828125 0.609375
0.984375 0.609375
0.9921875 0.609375
0.98828125 0.61328125
0.984375 0.61328125
0.9921875 0.61328125
0.98828125 0.6171875
0.984375 0.6171875
0.9921875 0.6171875
0.98828125 0.62109375
0.984375 0.62109375
0.9921875 0.62109375
0.98828125 0.625
0.984375 0.625
0.9921875 0.625
0.98828125 0.62890625
0.984375 0.62890625
0.9921875 0.62890625
0.98828125 0.6328125
0.984375 0.6328125
0.9921875 0.6328125
0.98828125 0.63671875
0.984375 0.63671875
0.9921875 0.63671875
0.98828125 0.640625
0.984375 0.640625
0.9921875 0.640625
0.98828125 0.64453125
0.984375 0.64453125
0.9921875 0.64453125
0.98828125 0.6484375
0.984375 0.6484375
0.9921875 0.6484375
0.98828125 0.65234375
0.984375 0.65234375
0.9921875 0.65234375
0.98828125 0.65625
0.984375 0.65625
0.9921875 0.65625
0.98828125 0.66015625
0.984375 0.66015625
0.9921875 0.66015625
0.98828125 0.6640625
0.984375 0.6640625
0.9921875 0.6640625
0.98828125 0.66796875
0.984375 0.66796875
0.9921875 0.66796875
0.98828125 0.671875
0.984375 0.671875
0.9921875 0.671875
0.98828125 0.67578125
0.984375 0.67578125
0.9921875 0.67578125
0.98828125 0.6796875
0.984375 0.6796875
0.9921875 0.6796875
0.98828125 0.68359375
0.984375 0.68359375
0.9921875 0.68359375
0.98828125 0.6875
0.984375 0.6875
0.9921875 0.6875
0.98828125 0.69140625
0.984375 0.69140625
0.9921875 0.69140625
0.98828125 0.6953125
0.984375 0.6953125
0.9921875 0.6953125
0.98828125 0.69921875
0.984375 0.69921875
0.9921875 0.69921875
0.98828125 0.703125
0.984375 0.703125
0.9921875 0.703125
0.98828125 0.70703125
0.984375 0.70703125
0.9921875 0.70703125
0.98828125 0.7109375
0.984375 0.7109375
0.9921875 0.7109375
0.98828125 0.71484375
0.984375 0.71484375
0.9921875 0.71484375
0.98828125 0.71875
0.984375 0.71875
0.9921875 0.71875
0.98828125 0.72265625
0.984375 0.72265625
0.9921875 0.72265625
0.98828125 0.7265625
0.984375 0.7265625
0.9921875 0.7265625
0.98828125 0.73046875
0.984375 0.73046875
0.9921875 0.73046875
0.98828125 0.734375
0.984375 0.734375
0.9921875 0.734375
0.98828125 0.73828125
0.984375 0.73828125
0.9921875 0.73828125
0.98828125 0.7421875
0.984375 0.7421875
0.9921875 0.7421875
0.98828125 0.74609375
0.984375 0.74609375
0.9921875 0.74609375
0.98828125 0.75
0.984375 0.75
0.9921875 0.75
0.98828125 0.75390625
0.984375 0.75390625
0.9921875 0.75390625
0.98828125 0.7578125
0.984375 0.7578125
0.9921875 0.7578125
0.98828125 0.76171875
0.984375 0.76171875
0.9921875 0.76171875
0.98828125 0.765625
0.984375 0.765625
0.9921875 0.765625
0.98828125 0.76953125
0.984375 0.76953125
0.9921875 0.76953125
0.98828125 0.7734375
0.984375 0.7734375
0.9921875 0.7734375
0.98828125 0.77734375
0.984375 0.77734375
0.9921875 0.77734375
0.98828125 0.78125
0.984375 0.78125
0.9921875 0.78125
0.98828125 0.78515625
0.984375 0.78515625
0.9921875 0.78515625
0.98828125 0.7890625
0.984375 0.7890625
0.9921875 0.7890625
0.98828125 0.79296875
0.984375 0.79296875
0.9921875 0.79296875
0.98828125 0.796875
0.984375 0.796875
0.9921875 0.796875
0.98828125 0.80078125
0.984375 0.80078125
0.9921875 0.80078125
0.98828125 0.8046875
0.984375 0.8046875
0.9921875 0.8046875
0.98828125 0.80859375
0.984375 0.80859375
0.9921875 0.80859375
0.98828125 0.8125
0.984375 0.8125
0.9921875 0.8125
0.98828125 0.81640625
0.984375 0.81640625
0.9921875 0.81640625
0.98828125 0.8203125
0.984375 0.8203125
0.9921875 0.8203125
0.98828125 0.82421875
0.984375 0.82421875
0.9921875 0.82421875
0.98828125 0.828125
0.984375 0.828125
0.9921875 0.828125
0.98828125 0.83203125
0.984375 0.83203125
0.9921875 0.83203125
0.98828125 0.8359375
0.984375 0.8359375
0.9921875 0.8359375
0.98828125 0.83984375
0.984375 0.83984375
0.9921875 0.83984375
0.98828125 0.84375
0.984375 0.84375
0.9921875 0.84375
0.98828125 0.84765625
0.984375 0.84765625
0.9921875 0.84765625
0.98828125 0.8515625
0.984375 0.8515625
0.9921875 0.8515625
0.98828125 0.85546875
0.984375 0.85546875
0.9921875 0.85546875
0.98828125 0.859375
0.984375 0.859375
0.9921875 0.859375
0.98828125 0.86328125
0.984375 0.86328125
0.9921875 0.86328125
0.98828125 0.8671875
0.984375 0.8671875
0.9921875 0.8671875
0.98828125 0.87109375
0.984375 0.87109375
0.9921875 0.87109375
0.98828125 0.875
0.984375 0.875
0.9921875 0.875
0.75390625 0.984375
0.75390625 0.98828125
0.7578125 0.984375
0.7578125 0.98828125
0.75390625 0.9921875
0.7578125 0.9921875
0.76171875 0.984375
0.76171875 0.98828125
0.765625 0.984375
0.765625 0.98828125
0.76171875 0.9921875
0.765625 0.9921875
0.76953125 0.984375
0.76953125 0.98828125
0.7734375 0.984375
0.7734375 0.98828125
0.76953125 0.9921875
0.7734375 0.9921875
0.77734375 0.984375
0.77734375 0.98828125
0.78125 0.984375
0.78125 0.98828125
0.77734375 0.9921875
0.78125 0.9921875
0.78515625 0.984375
0.78515625 0.98828125
0.7890625 0.984375
0.7890625 0.98828125
0.78515625 0.9921875
0.7890625 0.9921875
0.79296875 0.984375
0.79296875 0.98828125
0.796875 0.984375
0.796875 0.98828125
0.79296875 0.9921875
0.796875 0.9921875
0.80078125 0.984375
0.80078125 0.98828125
0.8046875 0.984375
0.8046875 0.98828125
0.80078125 0.9921875
0.8046875 0.9921875
0.80859375 0.984375
0.80859375 0.98828125
0.8125 0.984375
0.8125 0.98828125
0.80859375 0.9921875
0.8125 0.9921875
0.81640625 0.984375
0.81640625 0.98828125
0.8203125 0.984375
0.8203125 0.98828125
0.81640625 0.9921875
0.8203125 0.9921875
0.82421875 0.984375
0.82421875 0.98828125
0.828125 0.984375
0.828125 0.98828125
0.82421875 0.9921875
0.828125 0.9921875
0.83203125 0.984375
0.83203125 0.98828125
0.8359375 0.984375
0.8359375 0.98828125
0.83203125 0.9921875
0.8359375 0.9921875
0.83984375 0.984375
0.83984375 0.98828125
0.84375 0.984375
0.84375 0.98828125
0.83984375 0.9921875
0.84375 0.9921875
0.84765625 0.984375
0.84765625 0.98828125
0.8515625 0.984375
0.8515625 0.98828125
0.84765625 0.9921875
0.8515625 0.9921875
0.85546875 0.984375
0.85546875 0.98828125
0.859375 0.984375
0.859375 0.98828125
0.85546875 0.9921875
0.859375 0.9921875
0.86328125 0.984375
0.86328125 0.98828125
0.8671875 0.984375
0.8671875 0.98828125
0.86328125 0.9921875
0.8671875 0.9921875
0.87109375 0.984375
0.87109375 0.98828125
0.875 0.984375
0.875 0.98828125
0.87109375 0.9921875
0.875 0.9921875
0.98828125 0.87890625
0.984375 0.87890625
0.9921875 0.87890625
0.98828125 0.8828125
0.984375 0.8828125
0.9921875 0.8828125
0.98828125 0.88671875
0.984375 0.88671875
0.9921875 0.88671875
0.98828125 0.890625
0.984375 0.890625
0.9921875 0.890625
0.98828125 0.89453125
0.984375 0.89453125
0.9921875 0.89453125
0.98828125 0.8984375
0.984375 0.8984375
0.9921875 0.8984375
0.98828125 0.90234375
0.984375 0.90234375
0.9921875 0.90234375
0.98828125 0.90625
0.984375 0.90625
0.9921875 0.90625
0.98828125 0.91015625
0.984375 0.91015625
0.9921875 0.91015625
0.98828125 0.9140625
0.984375 0.9140625
0.9921875 0.9140625
0.98828125 0.91796875
0.984375 0.91796875
0.9921875 0.91796875
0.98828125 0.921875
0.984375 0.921875
0.9921875 0.921875
0.98828125 0.92578125
0.984375 0.92578125
0.9921875 0.92578125
0.98828125 0.9296875
0.984375 0.9296875
0.9921875 0.9296875
0.98828125 0.93359375
0.984375 0.93359375
0.9921875 0.93359375
0.98828125 0.9375
0.984375 0.9375
0.9921875 0.9375
0.87890625 0.984375
0.87890625 0.98828125
0.8828125 0.984375
0.8828125 0.98828125
0.87890625 0.9921875
0.8828125 0.9921875
0.88671875 0.984375
0.88671875 0.98828125
0.890625 0.984375
0.890625 0.98828125
0.88671875 0.9921875
0.890625 0.9921875
0.89453125 0.984375
0.89453125 0.98828125
0.8984375 0.984375
0.8984375 0.98828125
0.89453125 0.9921875
0.8984375 0.9921875
0.90234375 0.984375
0.90234375 0.98828125
0.90625 0.984375
0.90625 0.98828125
0.90234375 0.9921875
0.90625 0.9921875
0.91015625 0.984375
0.91015625 0.98828125
0.9140625 0.984375
0.9140625 0.98828125
0.91015625 0.9921875
0.9140625 0.9921875
0.91796875 0.984375
0.91796875 0.98828125
0.921875 0.984375
0.921875 0.98828125
0.91796875 0.9921875
0.921875 0.9921875
0.92578125 0.984375
0.92578125 0.98828125
0.9296875 0.984375
0.9296875 0.98828125
0.92578125 0.9921875
0.9296875 0.9921875
0.93359375 0.984375
0.93359375 0.98828125
0.9375 0.984375
0.9375 0.98828125
0.93359375 0.9921875
0.9375 0.9921875
0.98828125 0.94140625
0.984375 0.94140625
0.9921875 0.94140625
0.98828125 0.9453125
0.984375 0.9453125
0.9921875 0.9453125
0.98828125 0.94921875
0.984375 0.94921875
0.9921875 0.94921875
0.98828125 0.953125
0.984375 0.953125
0.9921875 0.953125
0.98828125 0.95703125
0.984375 0.95703125
0.9921875 0.95703125
0.98828125 0.9609375
0.984375 0.9609375
0.9921875 0.9609375
0.98828125 0.96484375
0.984375 0.96484375
0.9921875 0.96484375
0.98828125 0.96875
0.984375 0.96875
0.9921875 0.96875
0.94140625 0.984375
0.94140625 0.98828125
0.9453125 0.984375
0.9453125 0.98828125
0.94140625 0.9921875
0.9453125 0.9921875
0.94921875 0.984375
0.94921875 0.98828125
0.953125 0.984375
0.953125 0.98828125
0.94921875 0.9921875
0.953125 0.9921875
0.95703125 0.984375
0.95703125 0.98828125
0.9609375 0.984375
0.9609375 0.98828125
0.95703125 0.9921875
0.9609375 0.9921875
0.96484375 0.984375
0.96484375 0.98828125
0.96875 0.984375
0.96875 0.98828125
0.96484375 0.9921875
0.96875 0.9921875
0.98828125 0.97265625
0.984375 0.97265625
0.9921875 0.97265625
0.98828125 0.9765625
0.984375 0.9765625
0.9921875 0.9765625
0.98828125 0.98046875
0.984375 0.98046875
0.9921875 0.98046875
0.98828125 0.984375
0.984375 0.984375
0.9921875 0.984375
0.97265625 0.984375
0.97265625 0.98828125
0.9765625 0.984375
0.9765625 0.98828125
0.97265625 0.9921875
0.9765625 0.9921875
0.98046875 0.984375
0.98046875 0.98828125
0.984375 0.98828125
0.98046875 0.9921875
0.984375 0.9921875
0.98828125 0.98828125
0.9921875 0.98828125
0.98828125 0.9921875
0.9921875 0.9921875
0.03125 0.03125
0.046875 0.03125
0.0625 0.03125
0.03125 0.046875
0.03125 0.0625
0.046875 0.046875
0.0625 0.046875
0.046875 0.0625
0.0625 0.0625
0.078125 0.03125
0.09375 0.03125
0.109375 0.03125
0.125 0.03125
0.078125 0.046875
0.09375 0.046875
0.078125 0.0625
0.09375 0.0625
0.109375 0.046875
0.125 0.046875
0.109375 0.0625
0.125 0.0625
0.03125 0.078125
0.03125 0.09375
0.046875 0.078125
0.0625 0.078125
0.046875 0.09375
0.0625 0.09375
0.03125 0.109375
0.03125 0.125
0.046875 0.109375
0.0625 0.109375
0.046875 0.125
0.0625 0.125
0.140625 0.03125
0.15625 0.03125
0.171875 0.03125
0.1875 0.03125
0.140625 0.046875
0.15625 0.046875
0.140625 0.0625
0.15625 0.0625
0.171875 0.046875
0.1875 0.046875
0.171875 0.0625
0.1875 0.0625
0.203125 0.03125
0.21875 0.03125
0.234375 0.03125
0.25 0.03125
0.203125 0.046875
0.21875 0.046875
0.203125 0.0625
0.21875 0.0625
0.234375 0.046875
0.25 0.046875
0.234375 0.0625
0.25 0.0625
0.03125 0.140625
0.03125 0.15625
0.046875 0.140625
0.0625 0.140625
0.046875 0.15625
0.0625 0.15625
0.03125 0.171875
0.03125 0.1875
0.046875 0.171875
0.0625 0.171875
0.046875 0.1875
0.0625 0.1875
0.03125 0.203125
0.03125 0.21875
0.046875 0.203125
0.0625 0.203125
0.046875 0.21875
0.0625 0.21875
0.03125 0.234375
0.03125 0.25
0.046875 0.234375
0.0625 0.234375
0.046875 0.25
0.0625 0.25
0.03125 0.265625
0.03125 0.28125
0.046875 0.265625
0.0625 0.265625
0.046875 0.28125
0.0625 0.28125
0.03125 0.296875
0.03125 0.3125
0.046875 0.296875
0.0625 0.296875
0.046875 0.3125
0.0625 0.3125
0.03125 0.328125
0.03125 0.34375
0.046875 0.328125
0.0625 0.328125
0.046875 0.34375
0.0625 0.34375
0.03125 0.359375
0.03125 0.375
0.046875 0.359375
0.0625 0.359375
0.046875 0.375
0.0625 0.375
0.03125 0.390625
0.03125 0.40625
0.046875 0.390625
0.0625 0.390625
0.046875 0.40625
0.0625 0.40625
0.03125 0.421875
0.03125 0.4375
0.046875 0.421875
0.0625 0.421875
0.046875 0.4375
0.0625 0.4375
0.03125 0.453125
0.03125 0.46875
0.046875 0.453125
0.0625 0.453125
0.046875 0.46875
0.0625 0.46875
0.03125 0.484375
0.03125 0.5
0.046875 0.484375
0.0625 0.484375
0.046875 0.5
0.0625 0.5
0.03125 0.515625
0.03125 0.53125
0.046875 0.515625
0.0625 0.515625
0.046875 0.53125
0.0625 0.53125
0.03125 0.546875
0.03125 0.5625
0.046875 0.546875
0.0625 0.546875
0.046875 0.5625
0.0625 0.5625
0.03125 0.578125
0.03125 0.59375
0.046875 0.578125
0.0625 0.578125
0.046875 0.59375
0.0625 0.59375
0.03125 0.609375
0.03125 0.625
0.046875 0.609375
0.0625 0.609375
0.046875 0.625
0.0625 0.625
0.03125 0.640625
0.03125 0.65625
0.046875 0.640625
0.0625 0.640625
0.046875 0.65625
0.0625 0.65625
0.03125 0.671875
0.03125 0.6875
0.046875 0.671875
0.0625 0.671875
0.046875 0.6875
0.0625 0.6875
0.03125 0.703125
0.03125 0.71875
0.046875 0.703125
0.0625 0.703125
0.046875 0.71875
0.0625 0.71875
0.03125 0.734375
0.03125 0.75
0.046875 0.734375
0.0625 0.734375
0.046875 0.75
0.0625 0.75
0.03125 0.765625
0.03125 0.78125
0.046875 0.765625
0.0625 0.765625
0.046875 0.78125
0.0625 0.78125
0.03125 0.796875
0.03125 0.8125
0.046875 0.796875
0.0625 0.796875
0.046875 0.8125
0.0625 0.8125
0.03125 0.828125
0.03125 0.84375
0.046875 0.828125
0.0625 0.828125
0.046875 0.84375
0.0625 0.84375
0.03125 0.859375
0.03125 0.875
0.046875 0.859375
0.0625 0.859375
0.046875 0.875
0.0625 0.875
0.03125 0.890625
0.03125 0.90625
0.046875 0.890625
0.0625 0.890625
0.046875 0.90625
0.0625 0.90625
0.03125 0.921875
0.03125 0.9375
0.046875 0.921875
0.0625 0.921875
0.046875 0.9375
0.0625 0.9375
0.03125 0.953125
0.03125 0.96875
0.046875 0.953125
0.0625 0.953125
0.046875 0.96875
0.0625 0.96875
0.078125 0.9375
0.078125 0.953125
0.09375 0.9375
0.09375 0.953125
0.078125 0.96875
0.09375 0.96875
0.109375 0.9375
0.109375 0.953125
0.125 0.9375
0.125 0.953125
0.109375 0.96875
0.125 0.96875
0.140625 0.9375
0.140625 0.953125
0.15625 0.9375
0.15625 0.953125
0.140625 0.96875
0.15625 0.96875
0.171875 0.9375
0.171875 0.953125
0.1875 0.9375
0.1875 0.953125
0.171875 0.96875
0.1875 0.96875
0.203125 0.9375
0.203125 0.953125
0.21875 0.9375
0.21875 0.953125
0.203125 0.96875
0.21875 0.96875
0.234375 0.9375
0.234375 0.953125
0.25 0.9375
0.25 0.953125
0.234375 0.96875
0.25 0.96875
0.265625 0.03125
0.28125 0.03125
0.296875 0.03125
0.3125 0.03125
0.265625 0.046875
0.28125 0.046875
0.265625 0.0625
0.28125 0.0625
0.296875 0.046875
0.3125 0.046875
0.296875 0.0625
0.3125 0.0625
0.328125 0.03125
0.34375 0.03125
0.359375 0.03125
0.375 0.03125
0.328125 0.046875
0.34375 0.046875
0.328125 0.0625
0.34375 0.0625
0.359375 0.046875
0.375 0.046875
0.359375 0.0625
0.375 0.0625
0.390625 0.03125
0.40625 0.03125
0.421875 0.03125
0.4375 0.03125
0.390625 0.046875
0.40625 0.046875
0.390625 0.0625
0.40625 0.0625
0.421875 0.046875
0.4375 0.046875
0.421875 0.0625
0.4375 0.0625
0.453125 0.03125
0.46875 0.03125
0.484375 0.03125
0.5 0.03125
0.453125 0.046875
0.46875 0.046875
0.453125 0.0625
0.46875 0.0625
0.484375 0.046875
0.5 0.046875
0.484375 0.0625
0.5 0.0625
0.265625 0.9375
0.265625 0.953125
0.28125 0.9375
0.28125 0.953125
0.265625 0.96875
0.28125 0.96875
0.296875 0.9375
0.296875 0.953125
0.3125 0.9375
0.3125 0.953125
0.296875 0.96875
0.3125 0.96875
0.328125 0.9375
0.328125 0.953125
0.34375 0.9375
0.34375 0.953125
0.328125 0.96875
0.34375 0.96875
0.359375 0.9375
0.359375 0.953125
0.375 0.9375
0.375 0.953125
0.359375 0.96875
0.375 0.96875
0.390625 0.9375
0.390625 0.953125
0.40625 0.9375
0.40625 0.953125
0.390625 0.96875
0.40625 0.96875
0.421875 0.9375
0.421875 0.953125
0.4375 0.9375
0.4375 0.953125
0.421875 0.96875
0.4375 0.96875
0.453125 0.9375
0.453125 0.953125
0.46875 0.9375
0.46875 0.953125
0.453125 0.96875
0.46875 0.96875
0.484375 0.9375
0.484375 0.953125
0.5 0.9375
0.5 0.953125
0.484375 0.96875
0.5 0.96875
0.515625 0.03125
0.53125 0.03125
0.546875 0.03125
0.5625 0.03125
0.515625 0.046875
0.53125 0.046875
0.515625 0.0625
0.53125 0.0625
0.546875 0.046875
0.5625 0.046875
0.546875 0.0625
0.5625 0.0625
0.578125 0.03125
0.59375 0.03125
0.609375 0.03125
0.625 0.03125
0.578125 0.046875
0.59375 0.046875
0.578125 0.0625
0.59375 0.0625
0.609375 0.046875
0.625 0.046875
0.609375 0.0625
0.625 0.0625
0.640625 0.03125
0.65625 0.03125
0.671875 0.03125
0.6875 0.03125
0.640625 0.046875
0.65625 0.046875
0.640625 0.0625
0.65625 0.0625
0.671875 0.046875
0.6875 0.046875
0.671875 0.0625
0.6875 0.0625
0.703125 0.03125
0.71875 0.03125
0.734375 0.03125
0.75 0.03125
0.703125 0.046875
0.71875 0.046875
0.703125 0.0625
0.71875 0.0625
0.734375 0.046875
0.75 0.046875
0.734375 0.0625
0.75 0.0625
0.515625 0.9375
0.515625 0.953125
0.53125 0.9375
0.53125 0.953125
0.515625 0.96875
0.53125 0.96875
0.546875 0.9375
0.546875 0.953125
0.5625 0.9375
0.5625 0.953125
0.546875 0.96875
0.5625 0.96875
0.578125 0.9375
0.578125 0.953125
0.59375 0.9375
0.59375 0.953125
0.578125 0.96875
0.59375 0.96875
0.609375 0.9375
0.609375 0.953125
0.625 0.9375
0.625 0.953125
0.609375 0.96875
0.625 0.96875
0.640625 0.9375
0.640625 0.953125
0.65625 0.9375
0.65625 0.953125
0.640625 0.96875
0.65625 0.96875
0.671875 0.9375
0.671875 0.953125
0.6875 0.9375
0.6875 0.953125
0.671875 0.96875
0.6875 0.96875
0.703125 0.9375
0.703125 0.953125
0.71875 0.9375
0.71875 0.953125
0.703125 0.96875
0.71875 0.96875
0.734375 0.9375
0.734375 0.953125
0.75 0.9375
0.75 0.953125
0.734375 0.96875
0.75 0.96875
0.765625 0.03125
0.78125 0.03125
0.796875 0.03125
0.8125 0.03125
0.765625 0.046875
0.78125 0.046875
0.765625 0.0625
0.78125 0.0625
0.796875 0.046875
0.8125 0.046875
0.796875 0.0625
0.8125 0.0625
0.828125 0.03125
0.84375 0.03125
0.859375 0.03125
0.875 0.03125
0.828125 0.046875
0.84375 0.046875
0.828125 0.0625
0.84375 0.0625
0.859375 0.046875
0.875 0.046875
0.859375 0.0625
0.875 0.0625
0.890625 0.03125
0.90625 0.03125
0.921875 0.03125
0.9375 0.03125
0.890625 0.046875
0.90625 0.046875
0.890625 0.0625
0.90625 0.0625
0.921875 0.046875
0.9375 0.046875
0.921875 0.0625
0.9375 0.0625
0.953125 0.03125
0.96875 0.03125
0.953125 0.046875
0.96875 0.046875
0.953125 0.0625
0.96875 0.0625
0.953125 0.078125
0.9375 0.078125
0.96875 0.078125
0.953125 0.09375
0.9375 0.09375
0.96875 0.09375
0.953125 0.109375
0.9375 0.109375
0.96875 0.109375
0.953125 0.125
0.9375 0.125
0.96875 0.125
0.953125 0.140625
0.9375 0.140625
0.96875 0.140625
0.953125 0.15625
0.9375 0.15625
0.96875 0.15625
0.953125 0.171875
0.9375 0.171875
0.96875 0.171875
0.953125 0.1875
0.9375 0.1875
0.96875 0.1875
0.953125 0.203125
0.9375 0.203125
0.96875 0.203125
0.953125 0.21875
0.9375 0.21875
0.96875 0.21875
0.953125 0.234375
0.9375 0.234375
0.96875 0.234375
0.953125 0.25
0.9375 0.25
0.96875 0.25
0.953125 0.265625
0.9375 0.265625
0.96875 0.265625
0.953125 0.28125
0.9375 0.28125
0.96875 0.28125
0.953125 0.296875
0.9375 0.296875
0.96875 0.296875
0.953125 0.3125
0.9375 0.3125
0.96875 0.3125
0.953125 0.328125
0.9375 0.328125
0.96875 0.328125
0.953125 0.34375
0.9375 0.34375
0.96875 0.34375
0.953125 0.359375
0.9375 0.359375
0.96875 0.359375
0.953125 0.375
0.9375 0.375
0.96875 0.375
0.953125 0.390625
0.9375 0.390625
0.96875 0.390625
0.953125 0.40625
0.9375 0.40625
0.96875 0.40625
0.953125 0.421875
0.9375 0.421875
0.96875 0.421875
0.953125 0.4375
0.9375 0.4375
0.96875 0.4375
0.953125 0.453125
0.9375 0.453125
0.96875 0.453125
0.953125 0.46875
0.9375 0.46875
0.96875 0.46875
0.953125 0.484375
0.9375 0.484375
0.96875 0.484375
0.953125 0.5
0.9375 0.5
0.96875 0.5
0.953125 0.515625
0.9375 0.515625
0.96875 0.515625
0.953125 0.53125
0.9375 0.53125
0.96875 0.53125
0.953125 0.546875
0.9375 0.546875
0.96875 0.546875
0.953125 0.5625
0.9375 0.5625
0.96875 0.5625
0.953125 0.578125
0.9375 0.578125
0.96875 0.578125
0.953125 0.59375
0.9375 0.59375
0.96875 0.59375
0.953125 0.609375
0.9375 0.609375
0.96875 0.609375
0.953125 0.625
0.9375 0.625
0.96875 0.625
0.953125 0.640625
0.9375 0.640625
0.96875 0.640625
0.953125 0.65625
0.9375 0.65625
0.96875 0.65625
0.953125 0.671875
0.9375 0.671875
0.96875 0.671875
0.953125 0.6875
0.9375 0.6875
0.96875 0.6875
0.953125 0.703125
0.9375 0.703125
0.96875 0.703125
0.953125 0.71875
0.9375 0.71875
0.96875 0.71875
0.953125 0.734375
0.9375 0.734375
0.96875 0.734375
0.953125 0.75
0.9375 0.75
0.96875 0.75
0.953125 0.765625
0.9375 0.765625
0.96875 0.765625
0.953125 0.78125
0.9375 0.78125
0.96875 0.78125
0.953125 0.796875
0.9375 0.796875
0.96875 0.796875
0.953125 0.8125
0.9375 0.8125
0.96875 0.8125
0.953125 0.828125
0.9375 0.828125
0.96875 0.828125
0.953125 0.84375
0.9375 0.84375
0.96875 0.84375
0.953125 0.859375
0.9375 0.859375
0.96875 0.859375
0.953125 0.875
0.9375 0.875
0.96875 0.875
0.765625 0.9375
0.765625 0.953125
0.78125 0.9375
0.78125 0.953125
0.765625 0.96875
0.78125 0.96875
0.796875 0.9375
0.796875 0.953125
0.8125 0.9375
0.8125 0.953125
0.796875 0.96875
0.8125 0.96875
0.828125 0.9375
0.828125 0.953125
0.84375 0.9375
0.84375 0.953125
0.828125 0.96875
0.84375 0.96875
0.859375 0.9375
0.859375 0.953125
0.875 0.9375
0.875 0.953125
0.859375 0.96875
0.875 0.96875
0.953125 0.890625
0.9375 0.890625
0.96875 0.890625
0.953125 0.90625
0.9375 0.90625
0.96875 0.90625
0.953125 0.921875
0.9375 0.921875
0.96875 0.921875
0.953125 0.9375
0.9375 0.9375
0.96875 0.9375
0.890625 0.9375
0.890625 0.953125
0.90625 0.9375
0.90625 0.953125
0.890625 0.96875
0.90625 0.96875
0.921875 0.9375
0.921875 0.953125
0.9375 0.953125
0.921875 0.96875
0.9375 0.96875
0.953125 0.953125
0.96875 0.953125
0.953125 0.96875
0.96875 0.96875
0.125 0.125
0.1875 0.125
0.25 0.125
0.125 0.1875
0.125 0.25
0.1875 0.1875
0.25 0.1875
0.1875 0.25
0.25 0.25
0.125 0.3125
0.125 0.375
0.1875 0.3125
0.25 0.3125
0.1875 0.375
0.25 0.375
0.125 0.4375
0.125 0.5
0.1875 0.4375
0.25 0.4375
0.1875 0.5
0.25 0.5
0.125 0.5625
0.125 0.625
0.1875 0.5625
0.25 0.5625
0.1875 0.625
0.25 0.625
0.125 0.6875
0.125 0.75
0.1875 0.6875
0.25 0.6875
0.1875 0.75
0.25 0.75
0.125 0.8125
0.125 0.875
0.1875 0.8125
0.25 0.8125
0.1875 0.875
0.25 0.875
0.3125 0.125
0.375 0.125
0.4375 0.125
0.5 0.125
0.3125 0.1875
0.375 0.1875
0.3125 0.25
0.375 0.25
0.4375 0.1875
0.5 0.1875
0.4375 0.25
0.5 0.25
0.3125 0.75
0.3125 0.8125
0.375 0.75
0.375 0.8125
0.3125 0.875
0.375 0.875
0.4375 0.75
0.4375 0.8125
0.5 0.75
0.5 0.8125
0.4375 0.875
0.5 0.875
0.5625 0.125
0.625 0.125
0.6875 0.125
0.75 0.125
0.5625 0.1875
0.625 0.1875
0.5625 0.25
0.625 0.25
0.6875 0.1875
0.75 0.1875
0.6875 0.25
0.75 0.25
0.5625 0.75
0.5625 0.8125
0.625 0.75
0.625 0.8125
0.5625 0.875
0.625 0.875
0.6875 0.75
0.6875 0.8125
0.75 0.75
0.75 0.8125
0.6875 0.875
0.75 0.875
0.8125 0.125
0.875 0.125
0.8125 0.1875
0.875 0.1875
0.8125 0.25
0.875 0.25
0.8125 0.3125
0.75 0.3125
0.875 0.3125
0.8125 0.375
0.75 0.375
0.875 0.375
0.8125 0.4375
0.75 0.4375
0.875 0.4375
0.8125 0.5
0.75 0.5
0.875 0.5
0.8125 0.5625
0.75 0.5625
0.875 0.5625
0.8125 0.625
0.75 0.625
0.875 0.625
0.8125 0.6875
0.75 0.6875
0.875 0.6875
0.8125 0.75
0.875 0.75
0.8125 0.8125
0.875 0.8125
0.8125 0.875
0.875 0.875
0.5 0.5
4 1 2 3 4
4 2 5 6 3
4 4 3 7 8
4 5 9 10 6
4 9 11 12 10
4 8 7 13 14
4 14 13 15 16
4 11 17 18 12
4 17 19 20 18
4 19 21 22 20
4 21 23 24 22
4 16 15 25 26
4 26 25 27 28
4 28 27 29 30
4 30 29 31 32
4 23 33 34 24
4 33 35 36 34
4 35 37 38 36
4 37 39 40 38
4 39 41 42 40
4 41 43 44 42
4 43 45 46 44
4 45 47 48 46
4 32 31 49 50
4 50 49 51 52
4 52 51 53 54
4 54 53 55 56
4 56 55 57 58
4 58 57 59 60
4 60 59 61 62
4 62 61 63 64
4 47 65 66 48
4 65 67 68 66
4 67 69 70 68
4 69 71 72 70
4 71 73 74 72
4 73 75 76 74
4 75 77 78 76
4 77 79 80 78
4 79 81 82 80
4 81 83 84 82
4 83 85 86 84
4 85 87 88 86
4 87 89 90 88
4 89 91 92 90
4 91 93 94 92
4 93 95 96 94
4 64 63 97 98
4 98 97 99 100
4 100 99 101 102
4 102 101 103 104
4 104 103 105 106
4 106 105 107 108
4 108 107 109 110
4 110 109 111 112
4 112 111 113 114
4 114 113 115 116
4 116 115 117 118
4 118 117 119 120
4 120 119 121 122
4 122 121 123 124
4 124 123 125 126
4 126 125 127 128
4 95 129 130 96
4 129 131 132 130
4 131 133 134 132
4 133 135 136 134
4 135 137 138 136
4 137 139 140 138
4 139 141 142 140
4 141 143 144 142
4 143 145 146 144
4 145 147 148 146
4 147 149 150 148
4 149 151 152 150
4 151 153 154 152
4 153 155 156 154
4 155 157 158 156
4 157 159 160 158
4 159 161 162 160
4 161 163 164 162
4 163 165 166 164
4 165 167 168 166
4 167 169 170 168
4 169 171 172 170
4 171 173 174 172
4 173 175 176 174
4 175 177 178 176
4 177 179 180 178
4 179 181 182 180
4 181 183 184 182
4 183 185 186 184
4 185 187 188 186
4 187 189 190 188
4 189 191 192 190
4 128 127 193 194
4 194 193 195 196
4 196 195 197 198
4 198 197 199 200
4 200 199 201 202
4 202 201 203 204
4 204 203 205 206
4 206 205 207 208
4 208 207 209 210
4 210 209 211 212
4 212 211 213 214
4 214 213 215 216
4 216 215 217 218
4 218 217 219 220
4 220 219 221 222
4 222 221 223 224
4 224 223 225 226
4 226 225 227 228
4 228 227 229 230
4 230 229 231 232
4 232 231 233 234
4 234 233 235 236
4 236 235 237 238
4 238 237 239 240
4 240 239 241 242
4 242 241 243 244
4 244 243 245 246
4 246 245 247 248
4 248 247 249 250
4 250 249 251 252
4 252 251 253 254
4 254 253 255 256
4 256 255 257 258
4 258 257 259 260
4 260 259 261 262
4 262 261 263 264
4 264 263 265 266
4 266 265 267 268
4 268 267 269 270
4 270 269 271 272
4 272 271 273 274
4 274 273 275 276
4 276 275 277 278
4 278 277 279 280
4 280 279 281 282
4 282 281 283 284
4 284 283 285 286
4 286 285 287 288
4 288 287 289 290
4 290 289 291 292
4 292 291 293 294
4 294 293 295 296
4 296 295 297 298
4 298 297 299 300
4 300 299 301 302
4 302 301 303 304
4 304 303 305 306
4 306 305 307 308
4 308 307 309 310
4 310 309 311 312
4 312 311 313 314
4 314 313 315 316
4 316 315 317 318
4 318 317 319 320
4 320 319 321 322
4 322 321 323 324
4 324 323 325 326
4 326 325 327 328
4 328 327 329 330
4 330 329 331 332
4 332 331 333 334
4 334 333 335 336
4 336 335 337 338
4 338 337 339 340
4 340 339 341 342
4 342 341 343 344
4 344 343 345 346
4 346 345 347 348
4 348 347 349 350
4 350 349 351 352
4 352 351 353 354
4 354 353 355 356
4 356 355 357 358
4 358 357 359 360
4 360 359 361 362
4 362 361 363 364
4 364 363 365 366
4 366 365 367 368
4 368 367 369 370
4 370 369 371 372
4 372 371 373 374
4 374 373 375 376
4 376 375 377 378
4 378 377 379 380
4 380 379 381 382
4 382 381 383 384
4 384 383 385 386
4 386 385 387 388
4 388 387 389 390
4 390 389 391 392
4 392 391 393 394
4 394 393 395 396
4 396 395 397 398
4 398 397 399 400
4 400 399 401 402
4 402 401 403 404
4 404 403 405 406
4 406 405 407 408
4 408 407 409 410
4 410 409 411 412
4 412 411 413 414
4 414 413 415 416
4 416 415 417 418
4 418 417 419 420
4 420 419 421 422
4 422 421 423 424
4 424 423 425 426
4 426 425 427 428
4 428 427 429 430
4 430 429 431 432
4 432 431 433 434
4 434 433 435 436
4 436 435 437 438
4 438 437 439 440
4 440 439 441 442
4 442 441 443 444
4 444 443 445 446
4 446 445 447 448
4 448 447 449 450
4 450 449 451 452
4 452 451 453 454
4 454 453 455 456
4 456 455 457 458
4 458 457 459 460
4 460 459 461 462
4 462 461 463 464
4 464 463 465 466
4 466 465 467 468
4 468 467 469 470
4 470 469 471 472
4 472 471 473 474
4 474 473 475 476
4 476 475 477 478
4 478 477 479 480
4 480 479 481 482
4 482 481 483 484
4 484 483 485 486
4 486 485 487 488
4 488 487 489 490
4 490 489 491 492
4 492 491 493 494
4 494 493 495 496
4 496 495 497 498
4 498 497 499 500
4 500 499 501 502
4 502 501 503 504
4 504 503 505 506
4 506 505 507 508
4 508 507 509 510
4 510 509 511 512
4 512 511 513 514
4 514 513 515 516
4 516 515 517 518
4 518 517 519 520
4 520 519 521 522
4 522 521 523 524
4 524 523 525 526
4 526 525 527 528
4 528 527 529 530
4 530 529 531 532
4 532 531 533 534
4 534 533 535 536
4 536 535 537 538
4 538 537 539 540
4 540 539 541 542
4 542 541 543 544
4 544 543 545 546
4 546 545 547 548
4 548 547 549 550
4 550 549 551 552
4 552 551 553 554
4 554 553 555 556
4 556 555 557 558
4 558 557 559 560
4 560 559 561 562
4 562 561 563 564
4 564 563 565 566
4 566 565 567 568
4 568 567 569 570
4 570 569 571 572
4 572 571 573 574
4 574 573 575 576
4 576 575 577 578
4 578 577 579 580
4 580 579 581 582
4 582 581 583 584
4 584 583 585 586
4 586 585 587 588
4 588 587 589 590
4 590 589 591 592
4 592 591 593 594
4 594 593 595 596
4 596 595 597 598
4 598 597 599 600
4 600 599 601 602
4 602 601 603 604
4 604 603 605 606
4 606 605 607 608
4 608 607 609 610
4 610 609 611 612
4 612 611 613 614
4 614 613 615 616
4 616 615 617 618
4 618 617 619 620
4 620 619 621 622
4 622 621 623 624
4 624 623 625 626
4 626 625 627 628
4 628 627 629 630
4 630 629 631 632
4 632 631 633 634
4 634 633 635 636
4 636 635 637 638
4 638 637 639 640
4 637 641 642 639
4 641 643 644 642
4 643 645 646 644
4 645 647 648 646
4 647 649 650 648
4 649 651 652 650
4 651 653 654 652
4 653 655 656 654
4 655 657 658 656
4 657 659 660 658
4 659 661 662 660
4 661 663 664 662
4 663 665 666 664
4 665 667 668 666
4 667 669 670 668
4 669 671 672 670
4 671 673 674 672
4 673 675 676 674
4 675 677 678 676
4 677 679 680 678
4 679 681 682 680
4 681 683 684 682
4 683 685 686 684
4 685 687 688 686
4 687 689 690 688
4 689 691 692 690
4 691 693 694 692
4 693 695 696 694
4 695 697 698 696
4 697 699 700 698
4 699 701 702 700
4 701 703 704 702
4 703 705 706 704
4 705 707 708 706
4 707 709 710 708
4 709 711 712 710
4 711 713 714 712
4 713 715 716 714
4 715 717 718 716
4 717 719 720 718
4 719 721 722 720
4 721 723 724 722
4 723 725 726 724
4 725 727 728 726
4 727 729 730 728
4 729 731 732 730
4 731 733 734 732
4 733 735 736 734
4 735 737 738 736
4 737 739 740 738
4 739 741 742 740
4 741 743 744 742
4 743 745 746 744
4 745 747 748 746
4 747 749 750 748
4 749 751 752 750
4 751 753 754 752
4 753 755 756 754
4 755 757 758 756
4 757 759 760 758
4 759 761 762 760
4 761 763 764 762
4 763 765 766 764
4 191 767 768 192
4 767 769 770 768
4 769 771 772 770
4 771 773 774 772
4 773 775 776 774
4 775 777 778 776
4 777 779 780 778
4 779 781 782 780
4 781 783 784 782
4 783 785 786 784
4 785 787 788 786
4 787 789 790 788
4 789 791 792 790
4 791 793 794 792
4 793 795 796 794
4 795 797 798 796
4 797 799 800 798
4 799 801 802 800
4 801 803 804 802
4 803 805 806 804
4 805 807 808 806
4 807 809 810 808
4 809 811 812 810
4 811 813 814 812
4 813 815 816 814
4 815 817 818 816
4 817 819 820 818
4 819 821 822 820
4 821 823 824 822
4 823 825 826 824
4 825 827 828 826
4 827 829 830 828
4 829 831 832 830
4 831 833 834 832
4 833 835 836 834
4 835 837 838 836
4 837 839 840 838
4 839 841 842 840
4 841 843 844 842
4 843 845 846 844
4 845 847 848 846
4 847 849 850 848
4 849 851 852 850
4 851 853 854 852
4 853 855 856 854
4 855 857 858 856
4 857 859 860 858
4 859 861 862 860
4 861 863 864 862
4 863 865 866 864
4 865 867 868 866
4 867 869 870 868
4 869 871 872 870
4 871 873 874 872
4 873 875 876 874
4 875 877 878 876
4 877 879 880 878
4 879 881 882 880
4 881 883 884 882
4 883 885 886 884
4 885 887 888 886
4 887 889 890 888
4 889 891 892 890
4 891 893 894 892
4 765 895 896 766
4 895 897 898 896
4 897 899 900 898
4 899 901 902 900
4 901 903 904 902
4 903 905 906 904
4 905 907 908 906
4 907 909 910 908
4 909 911 912 910
4 911 913 914 912
4 913 915 916 914
4 915 917 918 916
4 917 919 920 918
4 919 921 922 920
4 921 923 924 922
4 923 925 926 924
4 925 927 928 926
4 927 929 930 928
4 929 931 932 930
4 931 933 934 932
4 933 935 936 934
4 935 937 938 936
4 937 939 940 938
4 939 941 942 940
4 941 943 944 942
4 943 945 946 944
4 945 947 948 946
4 947 949 950 948
4 949 951 952 950
4 951 953 954 952
4 953 955 956 954
4 955 957 958 956
4 957 959 960 958
4 959 961 962 960
4 961 963 964 962
4 963 965 966 964
4 965 967 968 966
4 967 969 970 968
4 969 971 972 970
4 971 973 974 972
4 973 975 976 974
4 975 977 978 976
4 977 979 980 978
4 979 981 982 980
4 981 983 984 982
4 983 985 986 984
4 985 987 988 986
4 987 989 990 988
4 989 991 992 990
4 991 993 994 992
4 993 995 996 994
4 995 997 998 996
4 997 999 1000 998
4 999 1001 1002 1000
4 1001 1003 1004 1002
4 1003 1005 1006 1004
4 1005 1007 1008 1006
4 1007 1009 1010 1008
4 1009 1011 1012 1010
4 1011 1013 1014 1012
4 1013 1015 1016 1014
4 1015 1017 1018 1016
4 1017 1019 1020 1018
4 1019 1021 1022 1020
4 893 1023 1024 894
4 1023 1025 1026 1024
4 1025 1027 1028 1026
4 1027 1029 1030 1028
4 1029 1031 1032 1030
4 1031 1033 1034 1032
4 1033 1035 1036 1034
4 1035 1037 1038 1036
4 1037 1039 1040 1038
4 1039 1041 1042 1040
4 1041 1043 1044 1042
4 1043 1045 1046 1044
4 1045 1047 1048 1046
4 1047 1049 1050 1048
4 1049 1051 1052 1050
4 1051 1053 1054 1052
4 1053 1055 1056 1054
4 1055 1057 1058 1056
4 1057 1059 1060 1058
4 1059 1061 1062 1060
4 1061 1063 1064 1062
4 1063 1065 1066 1064
4 1065 1067 1068 1066
4 1067 1069 1070 1068
4 1069 1071 1072 1070
4 1071 1073 1074 1072
4 1073 1075 1076 1074
4 1075 1077 1078 1076
4 1077 1079 1080 1078
4 1079 1081 1082 1080
4 1081 1083 1084 1082
4 1083 1085 1086 1084
4 1085 1087 1088 1086
4 1087 1089 1090 1088
4 1089 1091 1092 1090
4 1091 1093 1094 1092
4 1093 1095 1096 1094
4 1095 1097 1098 1096
4 1097 1099 1100 1098
4 1099 1101 1102 1100
4 1101 1103 1104 1102
4 1103 1105 1106 1104
4 1105 1107 1108 1106
4 1107 1109 1110 1108
4 1109 1111 1112 1110
4 1111 1113 1114 1112
4 1113 1115 1116 1114
4 1115 1117 1118 1116
4 1117 1119 1120 1118
4 1119 1121 1122 1120
4 1121 1123 1124 1122
4 1123 1125 1126 1124
4 1125 1127 1128 1126
4 1127 1129 1130 1128
4 1129 1131 1132 1130
4 1131 1133 1134 1132
4 1133 1135 1136 1134
4 1135 1137 1138 1136
4 1137 1139 1140 1138
4 1139 1141 1142 1140
4 1141 1143 1144 1142
4 1143 1145 1146 1144
4 1145 1147 1148 1146
4 1147 1149 1150 1148
4 1021 1151 1152 1022
4 1151 1153 1154 1152
4 1153 1155 1156 1154
4 1155 1157 1158 1156
4 1157 1159 1160 1158
4 1159 1161 1162 1160
4 1161 1163 1164 1162
4 1163 1165 1166 1164
4 1165 1167 1168 1166
4 1167 1169 1170 1168
4 1169 1171 1172 1170
4 1171 1173 1174 1172
4 1173 1175 1176 1174
4 1175 1177 1178 1176
4 1177 1179 1180 1178
4 1179 1181 1182 1180
4 1181 1183 1184 1182
4 1183 1185 1186 1184
4 1185 1187 1188 1186
4 1187 1189 1190 1188
4 1189 1191 1192 1190
4 1191 1193 1194 1192
4 1193 1195 1196 1194
4 1195 1197 1198 1196
4 1197 1199 1200 1198
4 1199 1201 1202 1200
4 1201 1203 1204 1202
4 1203 1205 1206 1204
4 1205 1207 1208 1206
4 1207 1209 1210 1208
4 1209 1211 1212 1210
4 1211 1213 1214 1212
4 1213 1215 1216 1214
4 1215 1217 1218 1216
4 1217 1219 1220 1218
4 1219 1221 1222 1220
4 1221 1223 1224 1222
4 1223 1225 1226 1224
4 1225 1227 1228 1226
4 1227 1229 1230 1228
4 1229 1231 1232 1230
4 1231 1233 1234 1232
4 1233 1235 1236 1234
4 1235 1237 1238 1236
4 1237 1239 1240 1238
4 1239 1241 1242 1240
4 1241 1243 1244 1242
4 1243 1245 1246 1244
4 1245 1247 1248 1246
4 1247 1249 1250 1248
4 1249 1251 1252 1250
4 1251 1253 1254 1252
4 1253 1255 1256 1254
4 1255 1257 1258 1256
4 1257 1259 1260 1258
4 1259 1261 1262 1260
4 1261 1263 1264 1262
4 1263 1265 1266 1264
4 1265 1267 1268 1266
4 1267 1269 1270 1268
4 1269 1271 1272 1270
4 1271 1273 1274 1272
4 1273 1275 1276 1274
4 1275 1277 1278 1276
4 1149 1279 1280 1150
4 1279 1281 1282 1280
4 1281 1283 1284 1282
4 1283 1285 1286 1284
4 1285 1287 1288 1286
4 1287 1289 1290 1288
4 1289 1291 1292 1290
4 1291 1293 1294 1292
4 1293 1295 1296 1294
4 1295 1297 1298 1296
4 1297 1299 1300 1298
4 1299 1301 1302 1300
4 1301 1303 1304 1302
4 1303 1305 1306 1304
4 1305 1307 1308 1306
4 1307 1309 1310 1308
4 1309 1311 1312 1310
4 1311 1313 1314 1312
4 1313 1315 1316 1314
4 1315 1317 1318 1316
4 1317 1319 1320 1318
4 1319 1321 1322 1320
4 1321 1323 1324 1322
4 1323 1325 1326 1324
4 1325 1327 1328 1326
4 1327 1329 1330 1328
4 1329 1331 1332 1330
4 1331 1333 1334 1332
4 1333 1335 1336 1334
4 1335 1337 1338 1336
4 1337 1339 1340 1338
4 1339 1341 1342 1340
4 1341 1343 1344 1342
4 1343 1345 1346 1344
4 1345 1347 1348 1346
4 1347 1349 1350 1348
4 1349 1351 1352 1350
4 1351 1353 1354 1352
4 1353 1355 1356 1354
4 1355 1357 1358 1356
4 1357 1359 1360 1358
4 1359 1361 1362 1360
4 1361 1363 1364 1362
4 1363 1365 1366 1364
4 1365 1367 1368 1366
4 1367 1369 1370 1368
4 1369 1371 1372 1370
4 1371 1373 1374 1372
4 1373 1375 1376 1374
4 1375 1377 1378 1376
4 1377 1379 1380 1378
4 1379 1381 1382 1380
4 1381 1383 1384 1382
4 1383 1385 1386 1384
4 1385 1387 1388 1386
4 1387 1389 1390 1388
4 1389 1391 1392 1390
4 1391 1393 1394 1392
4 1393 1395 1396 1394
4 1395 1397 1398 1396
4 1397 1399 1400 1398
4 1399 1401 1402 1400
4 1401 1403 1404 1402
4 1403 1405 1406 1404
4 1404 1406 1407 1408
4 1408 1407 1409 1410
4 1410 1409 1411 1412
4 1412 1411 1413 1414
4 1414 1413 1415 1416
4 1416 1415 1417 1418
4 1418 1417 1419 1420
4 1420 1419 1421 1422
4 1422 1421 1423 1424
4 1424 1423 1425 1426
4 1426 1425 1427 1428
4 1428 1427 1429 1430
4 1430 1429 1431 1432
4 1432 1431 1433 1434
4 1434 1433 1435 1436
4 1436 1435 1437 1438
4 1438 1437 1439 1440
4 1440 1439 1441 1442
4 1442 1441 1443 1444
4 1444 1443 1445 1446
4 1446 1445 1447 1448
4 1448 1447 1449 1450
4 1450 1449 1451 1452
4 1452 1451 1453 1454
4 1454 1453 1455 1456
4 1456 1455 1457 1458
4 1458 1457 1459 1460
4 1460 1459 1461 1462
4 1462 1461 1463 1464
4 1464 1463 1465 1466
4 1466 1465 1467 1468
4 1468 1467 1469 1470
4 1470 1469 1471 1472
4 1472 1471 1473 1474
4 1474 1473 1475 1476
4 1476 1475 1477 1478
4 1478 1477 1479 1480
4 1480 1479 1481 1482
4 1482 1481 1483 1484
4 1484 1483 1485 1486
4 1486 1485 1487 1488
4 1488 1487 1489 1490
4 1490 1489 1491 1492
4 1492 1491 1493 1494
4 1494 1493 1495 1496
4 1496 1495 1497 1498
4 1498 1497 1499 1500
4 1500 1499 1501 1502
4 1502 1501 1503 1504
4 1504 1503 1505 1506
4 1506 1505 1507 1508
4 1508 1507 1509 1510
4 1510 1509 1511 1512
4 1512 1511 1513 1514
4 1514 1513 1515 1516
4 1516 1515 1517 1518
4 1518 1517 1519 1520
4 1520 1519 1521 1522
4 1522 1521 1523 1524
4 1524 1523 1525 1526
4 1526 1525 1527 1528
4 1528 1527 1529 1530
4 1530 1529 1531 1532
4 1532 1531 1533 1534
4 1534 1533 1535 1536
4 1536 1535 1537 1538
4 1538 1537 1539 1540
4 1540 1539 1541 1542
4 1542 1541 1543 1544
4 1544 1543 1545 1546
4 1546 1545 1547 1548
4 1548 1547 1549 1550
4 1550 1549 1551 1552
4 1552 1551 1553 1554
4 1554 1553 1555 1556
4 1556 1555 1557 1558
4 1558 1557 1559 1560
4 1560 1559 1561 1562
4 1562 1561 1563 1564
4 1564 1563 1565 1566
4 1566 1565 1567 1568
4 1568 1567 1569 1570
4 1570 1569 1571 1572
4 1572 1571 1573 1574
4 1574 1573 1575 1576
4 1576 1575 1577 1578
4 1578 1577 1579 1580
4 1580 1579 1581 1582
4 1582 1581 1583 1584
4 1584 1583 1585 1586
4 1586 1585 1587 1588
4 1588 1587 1589 1590
4 1590 1589 1591 1592
4 1592 1591 1593 1594
4 1594 1593 1595 1596
4 1596 1595 1597 1598
4 1598 1597 1599 1600
4 1600 1599 1601 1602
4 1602 1601 1603 1604
4 1604 1603 1605 1606
4 1606 1605 1607 1608
4 1608 1607 1609 1610
4 1610 1609 1611 1612
4 1612 1611 1613 1614
4 1614 1613 1615 1616
4 1616 1615 1617 1618
4 1618 1617 1619 1620
4 1620 1619 1621 1622
4 1622 1621 1623 1624
4 1624 1623 1625 1626
4 1626 1625 1627 1628
4 1628 1627 1629 1630
4 1630 1629 1631 1632
4 1632 1631 1633 1634
4 1634 1633 1635 1636
4 1636 1635 1637 1638
4 1638 1637 1639 1640
4 1640 1639 1641 1642
4 1642 1641 1643 1644
4 1644 1643 1645 1646
4 1646 1645 1647 1648
4 1648 1647 1649 1650
4 1650 1649 1651 1652
4 1652 1651 1653 1654
4 1654 1653 1655 1656
4 1656 1655 1657 1658
4 1658 1657 1659 1660
4 1660 1659 1661 1662
4 1662 1661 1663 1664
4 1664 1663 1665 1666
4 1666 1665 1667 1668
4 1668 1667 1669 1670
4 1670 1669 1671 1672
4 1672 1671 1673 1674
4 1674 1673 1675 1676
4 1676 1675 1677 1678
4 1678 1677 1679 1680
4 1680 1679 1681 1682
4 1682 1681 1683 1684
4 1684 1683 1685 1686
4 1686 1685 1687 1688
4 1688 1687 1689 1690
4 1690 1689 1691 1692
4 1692 1691 1693 1694
4 1694 1693 1695 1696
4 1696 1695 1697 1698
4 1698 1697 1699 1700
4 1700 1699 1701 1702
4 1702 1701 1703 1704
4 1704 1703 1705 1706
4 1706 1705 1707 1708
4 1708 1707 1709 1710
4 1710 1709 1711 1712
4 1712 1711 1713 1714
4 1714 1713 1715 1716
4 1716 1715 1717 1718
4 1718 1717 1719 1720
4 1720 1719 1721 1722
4 1722 1721 1723 1724
4 1724 1723 1725 1726
4 1726 1725 1727 1728
4 1728 1727 1729 1730
4 1730 1729 1731 1732
4 1732 1731 1733 1734
4 1734 1733 1735 1736
4 1736 1735 1737 1738
4 1738 1737 1739 1740
4 1740 1739 1741 1742
4 1742 1741 1743 1744
4 1744 1743 1745 1746
4 1746 1745 1747 1748
4 1748 1747 1749 1750
4 1750 1749 1751 1752
4 1752 1751 1753 1754
4 1754 1753 1755 1756
4 1756 1755 1757 1758
4 1758 1757 1759 1760
4 1760 1759 1761 1762
4 1762 1761 1763 1764
4 1764 1763 1765 1766
4 1766 1765 1767 1768
4 1768 1767 1769 1770
4 1770 1769 1771 1772
4 1772 1771 1773 1774
4 1774 1773 1775 1776
4 1776 1775 1777 1778
4 1778 1777 1779 1780
4 1780 1779 1781 1782
4 1782 1781 1783 1784
4 1784 1783 1785 1786
4 1786 1785 1787 1788
4 1788 1787 1789 1790
4 1790 1789 1791 1792
4 1792 1791 1793 1794
4 1794 1793 1795 1796
4 1796 1795 1797 1798
4 1798 1797 1799 1800
4 1800 1799 1801 1802
4 1802 1801 1803 1804
4 1804 1803 1805 1806
4 1806 1805 1807 1808
4 1808 1807 1809 1810
4 1810 1809 1811 1812
4 1812 1811 1813 1814
4 1814 1813 1815 1816
4 1816 1815 1817 1818
4 1818 1817 1819 1820
4 1820 1819 1821 1822
4 1822 1821 1823 1824
4 1824 1823 1825 1826
4 1826 1825 1827 1828
4 1828 1827 1829 1830
4 1830 1829 1831 1832
4 1832 1831 1833 1834
4 1834 1833 1835 1836
4 1836 1835 1837 1838
4 1838 1837 1839 1840
4 1840 1839 1841 1842
4 1842 1841 1843 1844
4 1844 1843 1845 1846
4 1846 1845 1847 1848
4 1848 1847 1849 1850
4 1850 1849 1851 1852
4 1277 1853 1854 1278
4 1853 1855 1856 1854
4 1855 1857 1858 1856
4 1857 1859 1860 1858
4 1859 1861 1862 1860
4 1861 1863 1864 1862
4 1863 1865 1866 1864
4 1865 1867 1868 1866
4 1867 1869 1870 1868
4 1869 1871 1872 1870
4 1871 1873 1874 1872
4 1873 1875 1876 1874
4 1875 1877 1878 1876
4 1877 1879 1880 1878
4 1879 1881 1882 1880
4 1881 1883 1884 1882
4 1883 1885 1886 1884
4 1885 1887 1888 1886
4 1887 1889 1890 1888
4 1889 1891 1892 1890
4 1891 1893 1894 1892
4 1893 1895 1896 1894
4 1895 1897 1898 1896
4 1897 1899 1900 1898
4 1899 1901 1902 1900
4 1901 1903 1904 1902
4 1903 1905 1906 1904
4 1905 1907 1908 1906
4 1907 1909 1910 1908
4 1909 1911 1912 1910
4 1911 1913 1914 1912
4 1913 1915 1916 1914
4 1852 1851 1917 1918
4 1918 1917 1919 1920
4 1920 1919 1921 1922
4 1922 1921 1923 1924
4 1924 1923 1925 1926
4 1926 1925 1927 1928
4 1928 1927 1929 1930
4 1930 1929 1931 1932
4 1932 1931 1933 1934
4 1934 1933 1935 1936
4 1936 1935 1937 1938
4 1938 1937 1939 1940
4 1940 1939 1941 1942
4 1942 1941 1943 1944
4 1944 1943 1945 1946
4 1946 1945 1947 1948
4 1915 1949 1950 1916
4 1949 1951 1952 1950
4 1951 1953 1954 1952
4 1953 1955 1956 1954
4 1955 1957 1958 1956
4 1957 1959 1960 1958
4 1959 1961 1962 1960
4 1961 1963 1964 1962
4 1963 1965 1966 1964
4 1965 1967 1968 1966
4 1967 1969 1970 1968
4 1969 1971 1972 1970
4 1971 1973 1974 1972
4 1973 1975 1976 1974
4 1975 1977 1978 1976
4 1977 1979 1980 1978
4 1948 1947 1981 1982
4 1982 1981 1983 1984
4 1984 1983 1985 1986
4 1986 1985 1987 1988
4 1988 1987 1989 1990
4 1990 1989 1991 1992
4 1992 1991 1993 1994
4 1994 1993 1995 1996
4 1979 1997 1998 1980
4 1997 1999 2000 1998
4 1999 2001 2002 2000
4 2001 2003 2004 2002
4 2003 2005 2006 2004
4 2005 2007 2008 2006
4 2007 2009 2010 2008
4 2009 2011 2012 2010
4 1996 1995 2013 2014
4 2014 2013 2015 2016
4 2016 2015 2017 2018
4 2018 2017 2019 2020
4 2011 2021 2022 2012
4 2021 2023 2024 2022
4 2023 2025 2026 2024
4 2025 2027 2028 2026
4 2020 2019 2029 2030
4 2030 2029 2031 2032
4 2027 2033 2034 2028
4 2033 2035 2036 2034
4 2032 2031 2037 2038
4 2035 2038 2039 2036
4 2038 2037 2040 2039
4 3 6 2041 7
4 6 10 2042 2041
4 10 12 2043 2042
4 7 2041 2044 13
4 13 2044 2045 15
4 2041 2042 2046 2044
4 2042 2043 2047 2046
4 2044 2046 2048 2045
4 2046 2047 2049 2048
4 12 18 2050 2043
4 18 20 2051 2050
4 20 22 2052 2051
4 22 24 2053 2052
4 2043 2050 2054 2047
4 2050 2051 2055 2054
4 2047 2054 2056 2049
4 2054 2055 2057 2056
4 2051 2052 2058 2055
4 2052 2053 2059 2058
4 2055 2058 2060 2057
4 2058 2059 2061 2060
4 15 2045 2062 25
4 25 2062 2063 27
4 2045 2048 2064 2062
4 2048 2049 2065 2064
4 2062 2064 2066 2063
4 2064 2065 2067 2066
4 27 2063 2068 29
4 29 2068 2069 31
4 2063 2066 2070 2068
4 2066 2067 2071 2070
4 2068 2070 2072 2069
4 2070 2071 2073 2072
4 24 34 2074 2053
4 34 36 2075 2074
4 36 38 2076 2075
4 38 40 2077 2076
4 2053 2074 2078 2059
4 2074 2075 2079 2078
4 2059 2078 2080 2061
4 2078 2079 2081 2080
4 2075 2076 2082 2079
4 2076 2077 2083 2082
4 2079 2082 2084 2081
4 2082 2083 2085 2084
4 40 42 2086 2077
4 42 44 2087 2086
4 44 46 2088 2087
4 46 48 2089 2088
4 2077 2086 2090 2083
4 2086 2087 2091 2090
4 2083 2090 2092 2085
4 2090 2091 2093 2092
4 2087 2088 2094 2091
4 2088 2089 2095 2094
4 2091 2094 2096 2093
4 2094 2095 2097 2096
4 31 2069 2098 49
4 49 2098 2099 51
4 2069 2072 2100 2098
4 2072 2073 2101 2100
4 2098 2100 2102 2099
4 2100 2101 2103 2102
4 51 2099 2104 53
4 53 2104 2105 55
4 2099 2102 2106 2104
4 2102 2103 2107 2106
4 2104 2106 2108 2105
4 2106 2107 2109 2108
4 55 2105 2110 57
4 57 2110 2111 59
4 2105 2108 2112 2110
4 2108 2109 2113 2112
4 2110 2112 2114 2111
4 2112 2113 2115 2114
4 59 2111 2116 61
4 61 2116 2117 63
4 2111 2114 2118 2116
4 2114 2115 2119 2118
4 2116 2118 2120 2117
4 2118 2119 2121 2120
4 48 66 2122 2089
4 66 68 2123 2122
4 68 70 2124 2123
4 70 72 2125 2124
4 2089 2122 2126 2095
4 2122 2123 2127 2126
4 2095 2126 2128 2097
4 2126 2127 2129 2128
4 2123 2124 2130 2127
4 2124 2125 2131 2130
4 2127 2130 2132 2129
4 2130 2131 2133 2132
4 72 74 2134 2125
4 74 76 2135 2134
4 76 78 2136 2135
4 78 80 2137 2136
4 2125 2134 2138 2131
4 2134 2135 2139 2138
4 2131 2138 2140 2133
4 2138 2139 2141 2140
4 2135 2136 2142 2139
4 2136 2137 2143 2142
4 2139 2142 2144 2141
4 2142 2143 2145 2144
4 80 82 2146 2137
4 82 84 2147 2146
4 84 86 2148 2147
4 86 88 2149 2148
4 2137 2146 2150 2143
4 2146 2147 2151 2150
4 2143 2150 2152 2145
4 2150 2151 2153 2152
4 2147 2148 2154 2151
4 2148 2149 2155 2154
4 2151 2154 2156 2153
4 2154 2155 2157 2156
4 88 90 2158 2149
4 90 92 2159 2158
4 92 94 2160 2159
4 94 96 2161 2160
4 2149 2158 2162 2155
4 2158 2159 2163 2162
4 2155 2162 2164 2157
4 2162 2163 2165 2164
4 2159 2160 2166 2163
4 2160 2161 2167 2166
4 2163 2166 2168 2165
4 2166 2167 2169 2168
4 63 2117 2170 97
4 97 2170 2171 99
4 2117 2120 2172 2170
4 2120 2121 2173 2172
4 2170 2172 2174 2171
4 2172 2173 2175 2174
4 99 2171 2176 101
4 101 2176 2177 103
4 2171 2174 2178 2176
4 2174 2175 2179 2178
4 2176 2178 2180 2177
4 2178 2179 2181 2180
4 103 2177 2182 105
4 105 2182 2183 107
4 2177 2180 2184 2182
4 2180 2181 2185 2184
4 2182 2184 2186 2183
4 2184 2185 2187 2186
4 107 2183 2188 109
4 109 2188 2189 111
4 2183 2186 2190 2188
4 2186 2187 2191 2190
4 2188 2190 2192 2189
4 2190 2191 2193 2192
4 111 2189 2194 113
4 113 2194 2195 115
4 2189 2192 2196 2194
4 2192 2193 2197 2196
4 2194 2196 2198 2195
4 2196 2197 2199 2198
4 115 2195 2200 117
4 117 2200 2201 119
4 2195 2198 2202 2200
4 2198 2199 2203 2202
4 2200 2202 2204 2201
4 2202 2203 2205 2204
4 119 2201 2206 121
4 121 2206 2207 123
4 2201 2204 2208 2206
4 2204 2205 2209 2208
4 2206 2208 2210 2207
4 2208 2209 2211 2210
4 123 2207 2212 125
4 125 2212 2213 127
4 2207 2210 2214 2212
4 2210 2211 2215 2214
4 2212 2214 2216 2213
4 2214 2215 2217 2216
4 96 130 2218 2161
4 130 132 2219 2218
4 132 134 2220 2219
4 134 136 2221 2220
4 2161 2218 2222 2167
4 2218 2219 2223 2222
4 2167 2222 2224 2169
4 2222 2223 2225 2224
4 2219 2220 2226 2223
4 2220 2221 2227 2226
4 2223 2226 2228 2225
4 2226 2227 2229 2228
4 136 138 2230 2221
4 138 140 2231 2230
4 140 142 2232 2231
4 142 144 2233 2232
4 2221 2230 2234 2227
4 2230 2231 2235 2234
4 2227 2234 2236 2229
4 2234 2235 2237 2236
4 2231 2232 2238 2235
4 2232 2233 2239 2238
4 2235 2238 2240 2237
4 2238 2239 2241 2240
4 144 146 2242 2233
4 146 148 2243 2242
4 148 150 2244 2243
4 150 152 2245 2244
4 2233 2242 2246 2239
4 2242 2243 2247 2246
4 2239 2246 2248 2241
4 2246 2247 2249 2248
4 2243 2244 2250 2247
4 2244 2245 2251 2250
4 2247 2250 2252 2249
4 2250 2251 2253 2252
4 152 154 2254 2245
4 154 156 2255 2254
4 156 158 2256 2255
4 158 160 2257 2256
4 2245 2254 2258 2251
4 2254 2255 2259 2258
4 2251 2258 2260 2253
4 2258 2259 2261 2260
4 2255 2256 2262 2259
4 2256 2257 2263 2262
4 2259 2262 2264 2261
4 2262 2263 2265 2264
4 160 162 2266 2257
4 162 164 2267 2266
4 164 166 2268 2267
4 166 168 2269 2268
4 2257 2266 2270 2263
4 2266 2267 2271 2270
4 2263 2270 2272 2265
4 2270 2271 2273 2272
4 2267 2268 2274 2271
4 2268 2269 2275 2274
4 2271 2274 2276 2273
4 2274 2275 2277 2276
4 168 170 2278 2269
4 170 172 2279 2278
4 172 174 2280 2279
4 174 176 2281 2280
4 2269 2278 2282 2275
4 2278 2279 2283 2282
4 2275 2282 2284 2277
4 2282 2283 2285 2284
4 2279 2280 2286 2283
4 2280 2281 2287 2286
4 2283 2286 2288 2285
4 2286 2287 2289 2288
4 176 178 2290 2281
4 178 180 2291 2290
4 180 182 2292 2291
4 182 184 2293 2292
4 2281 2290 2294 2287
4 2290 2291 2295 2294
4 2287 2294 2296 2289
4 2294 2295 2297 2296
4 2291 2292 2298 2295
4 2292 2293 2299 2298
4 2295 2298 2300 2297
4 2298 2299 2301 2300
4 184 186 2302 2293
4 186 188 2303 2302
4 188 190 2304 2303
4 190 192 2305 2304
4 2293 2302 2306 2299
4 2302 2303 2307 2306
4 2299 2306 2308 2301
4 2306 2307 2309 2308
4 2303 2304 2310 2307
4 2304 2305 2311 2310
4 2307 2310 2312 2309
4 2310 2311 2313 2312
4 127 2213 2314 193
4 193 2314 2315 195
4 2213 2216 2316 2314
4 2216 2217 2317 2316
4 2314 2316 2318 2315
4 2316 2317 2319 2318
4 195 2315 2320 197
4 197 2320 2321 199
4 2315 2318 2322 2320
4 2318 2319 2323 2322
4 2320 2322 2324 2321
4 2322 2323 2325 2324
4 199 2321 2326 201
4 201 2326 2327 203
4 2321 2324 2328 2326
4 2324 2325 2329 2328
4 2326 2328 2330 2327
4 2328 2329 2331 2330
4 203 2327 2332 205
4 205 2332 2333 207
4 2327 2330 2334 2332
4 2330 2331 2335 2334
4 2332 2334 2336 2333
4 2334 2335 2337 2336
4 207 2333 2338 209
4 209 2338 2339 211
4 2333 2336 2340 2338
4 2336 2337 2341 2340
4 2338 2340 2342 2339
4 2340 2341 2343 2342
4 211 2339 2344 213
4 213 2344 2345 215
4 2339 2342 2346 2344
4 2342 2343 2347 2346
4 2344 2346 2348 2345
4 2346 2347 2349 2348
4 215 2345 2350 217
4 217 2350 2351 219
4 2345 2348 2352 2350
4 2348 2349 2353 2352
4 2350 2352 2354 2351
4 2352 2353 2355 2354
4 219 2351 2356 221
4 221 2356 2357 223
4 2351 2354 2358 2356
4 2354 2355 2359 2358
4 2356 2358 2360 2357
4 2358 2359 2361 2360
4 223 2357 2362 225
4 225 2362 2363 227
4 2357 2360 2364 2362
4 2360 2361 2365 2364
4 2362 2364 2366 2363
4 2364 2365 2367 2366
4 227 2363 2368 229
4 229 2368 2369 231
4 2363 2366 2370 2368
4 2366 2367 2371 2370
4 2368 2370 2372 2369
4 2370 2371 2373 2372
4 231 2369 2374 233
4 233 2374 2375 235
4 2369 2372 2376 2374
4 2372 2373 2377 2376
4 2374 2376 2378 2375
4 2376 2377 2379 2378
4 235 2375 2380 237
4 237 2380 2381 239
4 2375 2378 2382 2380
4 2378 2379 2383 2382
4 2380 2382 2384 2381
4 2382 2383 2385 2384
4 239 2381 2386 241
4 241 2386 2387 243
4 2381 2384 2388 2386
4 2384 2385 2389 2388
4 2386 2388 2390 2387
4 2388 2389 2391 2390
4 243 2387 2392 245
4 245 2392 2393 247
4 2387 2390 2394 2392
4 2390 2391 2395 2394
4 2392 2394 2396 2393
4 2394 2395 2397 2396
4 247 2393 2398 249
4 249 2398 2399 251
4 2393 2396 2400 2398
4 2396 2397 2401 2400
4 2398 2400 2402 2399
4 2400 2401 2403 2402
4 251 2399 2404 253
4 253 2404 2405 255
4 2399 2402 2406 2404
4 2402 2403 2407 2406
4 2404 2406 2408 2405
4 2406 2407 2409 2408
4 255 2405 2410 257
4 257 2410 2411 259
4 2405 2408 2412 2410
4 2408 2409 2413 2412
4 2410 2412 2414 2411
4 2412 2413 2415 2414
4 259 2411 2416 261
4 261 2416 2417 263
4 2411 2414 2418 2416
4 2414 2415 2419 2418
4 2416 2418 2420 2417
4 2418 2419 2421 2420
4 263 2417 2422 265
4 265 2422 2423 267
4 2417 2420 2424 2422
4 2420 2421 2425 2424
4 2422 2424 2426 2423
4 2424 2425 2427 2426
4 267 2423 2428 269
4 269 2428 2429 271
4 2423 2426 2430 2428
4 2426 2427 2431 2430
4 2428 2430 2432 2429
4 2430 2431 2433 2432
4 271 2429 2434 273
4 273 2434 2435 275
4 2429 2432 2436 2434
4 2432 2433 2437 2436
4 2434 2436 2438 2435
4 2436 2437 2439 2438
4 275 2435 2440 277
4 277 2440 2441 279
4 2435 2438 2442 2440
4 2438 2439 2443 2442
4 2440 2442 2444 2441
4 2442 2443 2445 2444
4 279 2441 2446 281
4 281 2446 2447 283
4 2441 2444 2448 2446
4 2444 2445 2449 2448
4 2446 2448 2450 2447
4 2448 2449 2451 2450
4 283 2447 2452 285
4 285 2452 2453 287
4 2447 2450 2454 2452
4 2450 2451 2455 2454
4 2452 2454 2456 2453
4 2454 2455 2457 2456
4 287 2453 2458 289
4 289 2458 2459 291
4 2453 2456 2460 2458
4 2456 2457 2461 2460
4 2458 2460 2462 2459
4 2460 2461 2463 2462
4 291 2459 2464 293
4 293 2464 2465 295
4 2459 2462 2466 2464
4 2462 2463 2467 2466
4 2464 2466 2468 2465
4 2466 2467 2469 2468
4 295 2465 2470 297
4 297 2470 2471 299
4 2465 2468 2472 2470
4 2468 2469 2473 2472
4 2470 2472 2474 2471
4 2472 2473 2475 2474
4 299 2471 2476 301
4 301 2476 2477 303
4 2471 2474 2478 2476
4 2474 2475 2479 2478
4 2476 2478 2480 2477
4 2478 2479 2481 2480
4 303 2477 2482 305
4 305 2482 2483 307
4 2477 2480 2484 2482
4 2480 2481 2485 2484
4 2482 2484 2486 2483
4 2484 2485 2487 2486
4 307 2483 2488 309
4 309 2488 2489 311
4 2483 2486 2490 2488
4 2486 2487 2491 2490
4 2488 2490 2492 2489
4 2490 2491 2493 2492
4 311 2489 2494 313
4 313 2494 2495 315
4 2489 2492 2496 2494
4 2492 2493 2497 2496
4 2494 2496 2498 2495
4 2496 2497 2499 2498
4 315 2495 2500 317
4 317 2500 2501 319
4 2495 2498 2502 2500
4 2498 2499 2503 2502
4 2500 2502 2504 2501
4 2502 2503 2505 2504
4 319 2501 2506 321
4 321 2506 2507 323
4 2501 2504 2508 2506
4 2504 2505 2509 2508
4 2506 2508 2510 2507
4 2508 2509 2511 2510
4 323 2507 2512 325
4 325 2512 2513 327
4 2507 2510 2514 2512
4 2510 2511 2515 2514
4 2512 2514 2516 2513
4 2514 2515 2517 2516
4 327 2513 2518 329
4 329 2518 2519 331
4 2513 2516 2520 2518
4 2516 2517 2521 2520
4 2518 2520 2522 2519
4 2520 2521 2523 2522
4 331 2519 2524 333
4 333 2524 2525 335
4 2519 2522 2526 2524
4 2522 2523 2527 2526
4 2524 2526 2528 2525
4 2526 2527 2529 2528
4 335 2525 2530 337
4 337 2530 2531 339
4 2525 2528 2532 2530
4 2528 2529 2533 2532
4 2530 2532 2534 2531
4 2532 2533 2535 2534
4 339 2531 2536 341
4 341 2536 2537 343
4 2531 2534 2538 2536
4 2534 2535 2539 2538
4 2536 2538 2540 2537
4 2538 2539 2541 2540
4 343 2537 2542 345
4 345 2542 2543 347
4 2537 2540 2544 2542
4 2540 2541 2545 2544
4 2542 2544 2546 2543
4 2544 2545 2547 2546
4 347 2543 2548 349
4 349 2548 2549 351
4 2543 2546 2550 2548
4 2546 2547 2551 2550
4 2548 2550 2552 2549
4 2550 2551 2553 2552
4 351 2549 2554 353
4 353 2554 2555 355
4 2549 2552 2556 2554
4 2552 2553 2557 2556
4 2554 2556 2558 2555
4 2556 2557 2559 2558
4 355 2555 2560 357
4 357 2560 2561 359
4 2555 2558 2562 2560
4 2558 2559 2563 2562
4 2560 2562 2564 2561
4 2562 2563 2565 2564
4 359 2561 2566 361
4 361 2566 2567 363
4 2561 2564 2568 2566
4 2564 2565 2569 2568
4 2566 2568 2570 2567
4 2568 2569 2571 2570
4 363 2567 2572 365
4 365 2572 2573 367
4 2567 2570 2574 2572
4 2570 2571 2575 2574
4 2572 2574 2576 2573
4 2574 2575 2577 2576
4 367 2573 2578 369
4 369 2578 2579 371
4 2573 2576 2580 2578
4 2576 2577 2581 2580
4 2578 2580 2582 2579
4 2580 2581 2583 2582
4 371 2579 2584 373
4 373 2584 2585 375
4 2579 2582 2586 2584
4 2582 2583 2587 2586
4 2584 2586 2588 2585
4 2586 2587 2589 2588
4 375 2585 2590 377
4 377 2590 2591 379
4 2585 2588 2592 2590
4 2588 2589 2593 2592
4 2590 2592 2594 2591
4 2592 2593 2595 2594
4 379 2591 2596 381
4 381 2596 2597 383
4 2591 2594 2598 2596
4 2594 2595 2599 2598
4 2596 2598 2600 2597
4 2598 2599 2601 2600
4 383 2597 2602 385
4 385 2602 2603 387
4 2597 2600 2604 2602
4 2600 2601 2605 2604
4 2602 2604 2606 2603
4 2604 2605 2607 2606
4 387 2603 2608 389
4 389 2608 2609 391
4 2603 2606 2610 2608
4 2606 2607 2611 2610
4 2608 2610 2612 2609
4 2610 2611 2613 2612
4 391 2609 2614 393
4 393 2614 2615 395
4 2609 2612 2616 2614
4 2612 2613 2617 2616
4 2614 2616 2618 2615
4 2616 2617 2619 2618
4 395 2615 2620 397
4 397 2620 2621 399
4 2615 2618 2622 2620
4 2618 2619 2623 2622
4 2620 2622 2624 2621
4 2622 2623 2625 2624
4 399 2621 2626 401
4 401 2626 2627 403
4 2621 2624 2628 2626
4 2624 2625 2629 2628
4 2626 2628 2630 2627
4 2628 2629 2631 2630
4 403 2627 2632 405
4 405 2632 2633 407
4 2627 2630 2634 2632
4 2630 2631 2635 2634
4 2632 2634 2636 2633
4 2634 2635 2637 2636
4 407 2633 2638 409
4 409 2638 2639 411
4 2633 2636 2640 2638
4 2636 2637 2641 2640
4 2638 2640 2642 2639
4 2640 2641 2643 2642
4 411 2639 2644 413
4 413 2644 2645 415
4 2639 2642 2646 2644
4 2642 2643 2647 2646
4 2644 2646 2648 2645
4 2646 2647 2649 2648
4 415 2645 2650 417
4 417 2650 2651 419
4 2645 2648 2652 2650
4 2648 2649 2653 2652
4 2650 2652 2654 2651
4 2652 2653 2655 2654
4 419 2651 2656 421
4 421 2656 2657 423
4 2651 2654 2658 2656
4 2654 2655 2659 2658
4 2656 2658 2660 2657
4 2658 2659 2661 2660
4 423 2657 2662 425
4 425 2662 2663 427
4 2657 2660 2664 2662
4 2660 2661 2665 2664
4 2662 2664 2666 2663
4 2664 2665 2667 2666
4 427 2663 2668 429
4 429 2668 2669 431
4 2663 2666 2670 2668
4 2666 2667 2671 2670
4 2668 2670 2672 2669
4 2670 2671 2673 2672
4 431 2669 2674 433
4 433 2674 2675 435
4 2669 2672 2676 2674
4 2672 2673 2677 2676
4 2674 2676 2678 2675
4 2676 2677 2679 2678
4 435 2675 2680 437
4 437 2680 2681 439
4 2675 2678 2682 2680
4 2678 2679 2683 2682
4 2680 2682 2684 2681
4 2682 2683 2685 2684
4 439 2681 2686 441
4 441 2686 2687 443
4 2681 2684 2688 2686
4 2684 2685 2689 2688
4 2686 2688 2690 2687
4 2688 2689 2691 2690
4 443 2687 2692 445
4 445 2692 2693 447
4 2687 2690 2694 2692
4 2690 2691 2695 2694
4 2692 2694 2696 2693
4 2694 2695 2697 2696
4 447 2693 2698 449
4 449 2698 2699 451
4 2693 2696 2700 2698
4 2696 2697 2701 2700
4 2698 2700 2702 2699
4 2700 2701 2703 2702
4 451 2699 2704 453
4 453 2704 2705 455
4 2699 2702 2706 2704
4 2702 2703 2707 2706
4 2704 2706 2708 2705
4 2706 2707 2709 2708
4 455 2705 2710 457
4 457 2710 2711 459
4 2705 2708 2712 2710
4 2708 2709 2713 2712
4 2710 2712 2714 2711
4 2712 2713 2715 2714
4 459 2711 2716 461
4 461 2716 2717 463
4 2711 2714 2718 2716
4 2714 2715 2719 2718
4 2716 2718 2720 2717
4 2718 2719 2721 2720
4 463 2717 2722 465
4 465 2722 2723 467
4 2717 2720 2724 2722
4 2720 2721 2725 2724
4 2722 2724 2726 2723
4 2724 2725 2727 2726
4 467 2723 2728 469
4 469 2728 2729 471
4 2723 2726 2730 2728
4 2726 2727 2731 2730
4 2728 2730 2732 2729
4 2730 2731 2733 2732
4 471 2729 2734 473
4 473 2734 2735 475
4 2729 2732 2736 2734
4 2732 2733 2737 2736
4 2734 2736 2738 2735
4 2736 2737 2739 2738
4 475 2735 2740 477
4 477 2740 2741 479
4 2735 2738 2742 2740
4 2738 2739 2743 2742
4 2740 2742 2744 2741
4 2742 2743 2745 2744
4 479 2741 2746 481
4 481 2746 2747 483
4 2741 2744 2748 2746
4 2744 2745 2749 2748
4 2746 2748 2750 2747
4 2748 2749 2751 2750
4 483 2747 2752 485
4 485 2752 2753 487
4 2747 2750 2754 2752
4 2750 2751 2755 2754
4 2752 2754 2756 2753
4 2754 2755 2757 2756
4 487 2753 2758 489
4 489 2758 2759 491
4 2753 2756 2760 2758
4 2756 2757 2761 2760
4 2758 2760 2762 2759
4 2760 2761 2763 2762
4 491 2759 2764 493
4 493 2764 2765 495
4 2759 2762 2766 2764
4 2762 2763 2767 2766
4 2764 2766 2768 2765
4 2766 2767 2769 2768
4 495 2765 2770 497
4 497 2770 2771 499
4 2765 2768 2772 2770
4 2768 2769 2773 2772
4 2770 2772 2774 2771
4 2772 2773 2775 2774
4 499 2771 2776 501
4 501 2776 2777 503
4 2771 2774 2778 2776
4 2774 2775 2779 2778
4 2776 2778 2780 2777
4 2778 2779 2781 2780
4 503 2777 2782 505
4 505 2782 2783 507
4 2777 2780 2784 2782
4 2780 2781 2785 2784
4 2782 2784 2786 2783
4 2784 2785 2787 2786
4 507 2783 2788 509
4 509 2788 2789 511
4 2783 2786 2790 2788
4 2786 2787 2791 2790
4 2788 2790 2792 2789
4 2790 2791 2793 2792
4 511 2789 2794 513
4 513 2794 2795 515
4 2789 2792 2796 2794
4 2792 2793 2797 2796
4 2794 2796 2798 2795
4 2796 2797 2799 2798
4 515 2795 2800 517
4 517 2800 2801 519
4 2795 2798 2802 2800
4 2798 2799 2803 2802
4 2800 2802 2804 2801
4 2802 2803 2805 2804
4 519 2801 2806 521
4 521 2806 2807 523
4 2801 2804 2808 2806
4 2804 2805 2809 2808
4 2806 2808 2810 2807
4 2808 2809 2811 2810
4 523 2807 2812 525
4 525 2812 2813 527
4 2807 2810 2814 2812
4 2810 2811 2815 2814
4 2812 2814 2816 2813
4 2814 2815 2817 2816
4 527 2813 2818 529
4 529 2818 2819 531
4 2813 2816 2820 2818
4 2816 2817 2821 2820
4 2818 2820 2822 2819
4 2820 2821 2823 2822
4 531 2819 2824 533
4 533 2824 2825 535
4 2819 2822 2826 2824
4 2822 2823 2827 2826
4 2824 2826 2828 2825
4 2826 2827 2829 2828
4 535 2825 2830 537
4 537 2830 2831 539
4 2825 2828 2832 2830
4 2828 2829 2833 2832
4 2830 2832 2834 2831
4 2832 2833 2835 2834
4 539 2831 2836 541
4 541 2836 2837 543
4 2831 2834 2838 2836
4 2834 2835 2839 2838
4 2836 2838 2840 2837
4 2838 2839 2841 2840
4 543 2837 2842 545
4 545 2842 2843 547
4 2837 2840 2844 2842
4 2840 2841 2845 2844
4 2842 2844 2846 2843
4 2844 2845 2847 2846
4 547 2843 2848 549
4 549 2848 2849 551
4 2843 2846 2850 2848
4 2846 2847 2851 2850
4 2848 2850 2852 2849
4 2850 2851 2853 2852
4 551 2849 2854 553
4 553 2854 2855 555
4 2849 2852 2856 2854
4 2852 2853 2857 2856
4 2854 2856 2858 2855
4 2856 2857 2859 2858
4 555 2855 2860 557
4 557 2860 2861 559
4 2855 2858 2862 2860
4 2858 2859 2863 2862
4 2860 2862 2864 2861
4 2862 2863 2865 2864
4 559 2861 2866 561
4 561 2866 2867 563
4 2861 2864 2868 2866
4 2864 2865 2869 2868
4 2866 2868 2870 2867
4 2868 2869 2871 2870
4 563 2867 2872 565
4 565 2872 2873 567
4 2867 2870 2874 2872
4 2870 2871 2875 2874
4 2872 2874 2876 2873
4 2874 2875 2877 2876
4 567 2873 2878 569
4 569 2878 2879 571
4 2873 2876 2880 2878
4 2876 2877 2881 2880
4 2878 2880 2882 2879
4 2880 2881 2883 2882
4 571 2879 2884 573
4 573 2884 2885 575
4 2879 2882 2886 2884
4 2882 2883 2887 2886
4 2884 2886 2888 2885
4 2886 2887 2889 2888
4 575 2885 2890 577
4 577 2890 2891 579
4 2885 2888 2892 2890
4 2888 2889 2893 2892
4 2890 2892 2894 2891
4 2892 2893 2895 2894
4 579 2891 2896 581
4 581 2896 2897 583
4 2891 2894 2898 2896
4 2894 2895 2899 2898
4 2896 2898 2900 2897
4 2898 2899 2901 2900
4 583 2897 2902 585
4 585 2902 2903 587
4 2897 2900 2904 2902
4 2900 2901 2905 2904
4 2902 2904 2906 2903
4 2904 2905 2907 2906
4 587 2903 2908 589
4 589 2908 2909 591
4 2903 2906 2910 2908
4 2906 2907 2911 2910
4 2908 2910 2912 2909
4 2910 2911 2913 2912
4 591 2909 2914 593
4 593 2914 2915 595
4 2909 2912 2916 2914
4 2912 2913 2917 2916
4 2914 2916 2918 2915
4 2916 2917 2919 2918
4 595 2915 2920 597
4 597 2920 2921 599
4 2915 2918 2922 2920
4 2918 2919 2923 2922
4 2920 2922 2924 2921
4 2922 2923 2925 2924
4 599 2921 2926 601
4 601 2926 2927 603
4 2921 2924 2928 2926
4 2924 2925 2929 2928
4 2926 2928 2930 2927
4 2928 2929 2931 2930
4 603 2927 2932 605
4 605 2932 2933 607
4 2927 2930 2934 2932
4 2930 2931 2935 2934
4 2932 2934 2936 2933
4 2934 2935 2937 2936
4 607 2933 2938 609
4 609 2938 2939 611
4 2933 2936 2940 2938
4 2936 2937 2941 2940
4 2938 2940 2942 2939
4 2940 2941 2943 2942
4 611 2939 2944 613
4 613 2944 2945 615
4 2939 2942 2946 2944
4 2942 2943 2947 2946
4 2944 2946 2948 2945
4 2946 2947 2949 2948
4 615 2945 2950 617
4 617 2950 2951 619
4 2945 2948 2952 2950
4 2948 2949 2953 2952
4 2950 2952 2954 2951
4 2952 2953 2955 2954
4 619 2951 2956 621
4 621 2956 2957 623
4 2951 2954 2958 2956
4 2954 2955 2959 2958
4 2956 2958 2960 2957
4 2958 2959 2961 2960
4 623 2957 2962 625
4 625 2962 2963 627
4 2957 2960 2964 2962
4 2960 2961 2965 2964
4 2962 2964 2966 2963
4 2964 2965 2967 2966
4 627 2963 2968 629
4 629 2968 2969 631
4 2963 2966 2970 2968
4 2966 2967 2971 2970
4 2968 2970 2972 2969
4 2970 2971 2973 2972
4 631 2969 2974 633
4 633 2974 2975 635
4 2969 2972 2976 2974
4 2972 2973 2977 2976
4 2974 2976 2978 2975
4 2976 2977 2979 2978
4 635 2975 641 637
4 2975 2978 643 641
4 2978 2979 645 643
4 2973 2980 2981 2977
4 2980 2982 2983 2981
4 2977 2981 2984 2979
4 2981 2983 2985 2984
4 2982 2986 2987 2983
4 2986 2988 2989 2987
4 2983 2987 2990 2985
4 2987 2989 2991 2990
4 2979 2984 647 645
4 2984 2985 649 647
4 2985 2990 651 649
4 2990 2991 653 651
4 2988 2992 2993 2989
4 2992 2994 2995 2993
4 2989 2993 2996 2991
4 2993 2995 2997 2996
4 2994 2998 2999 2995
4 2998 3000 3001 2999
4 2995 2999 3002 2997
4 2999 3001 3003 3002
4 2991 2996 655 653
4 2996 2997 657 655
4 2997 3002 659 657
4 3002 3003 661 659
4 3000 3004 3005 3001
4 3004 3006 3007 3005
4 3001 3005 3008 3003
4 3005 3007 3009 3008
4 3006 3010 3011 3007
4 3010 3012 3013 3011
4 3007 3011 3014 3009
4 3011 3013 3015 3014
4 3003 3008 663 661
4 3008 3009 665 663
4 3009 3014 667 665
4 3014 3015 669 667
4 3012 3016 3017 3013
4 3016 3018 3019 3017
4 3013 3017 3020 3015
4 3017 3019 3021 3020
4 3018 3022 3023 3019
4 3022 3024 3025 3023
4 3019 3023 3026 3021
4 3023 3025 3027 3026
4 3015 3020 671 669
4 3020 3021 673 671
4 3021 3026 675 673
4 3026 3027 677 675
4 3024 3028 3029 3025
4 3028 3030 3031 3029
4 3025 3029 3032 3027
4 3029 3031 3033 3032
4 3030 3034 3035 3031
4 3034 3036 3037 3035
4 3031 3035 3038 3033
4 3035 3037 3039 3038
4 3027 3032 679 677
4 3032 3033 681 679
4 3033 3038 683 681
4 3038 3039 685 683
4 3036 3040 3041 3037
4 3040 3042 3043 3041
4 3037 3041 3044 3039
4 3041 3043 3045 3044
4 3042 3046 3047 3043
4 3046 3048 3049 3047
4 3043 3047 3050 3045
4 3047 3049 3051 3050
4 3039 3044 687 685
4 3044 3045 689 687
4 3045 3050 691 689
4 3050 3051 693 691
4 3048 3052 3053 3049
4 3052 3054 3055 3053
4 3049 3053 3056 3051
4 3053 3055 3057 3056
4 3054 3058 3059 3055
4 3058 3060 3061 3059
4 3055 3059 3062 3057
4 3059 3061 3063 3062
4 3051 3056 695 693
4 3056 3057 697 695
4 3057 3062 699 697
4 3062 3063 701 699
4 3060 3064 3065 3061
4 3064 3066 3067 3065
4 3061 3065 3068 3063
4 3065 3067 3069 3068
4 3066 3070 3071 3067
4 3070 3072 3073 3071
4 3067 3071 3074 3069
4 3071 3073 3075 3074
4 3063 3068 703 701
4 3068 3069 705 703
4 3069 3074 707 705
4 3074 3075 709 707
4 3072 3076 3077 3073
4 3076 3078 3079 3077
4 3073 3077 3080 3075
4 3077 3079 3081 3080
4 3078 3082 3083 3079
4 3082 3084 3085 3083
4 3079 3083 3086 3081
4 3083 3085 3087 3086
4 3075 3080 711 709
4 3080 3081 713 711
4 3081 3086 715 713
4 3086 3087 717 715
4 3084 3088 3089 3085
4 3088 3090 3091 3089
4 3085 3089 3092 3087
4 3089 3091 3093 3092
4 3090 3094 3095 3091
4 3094 3096 3097 3095
4 3091 3095 3098 3093
4 3095 3097 3099 3098
4 3087 3092 719 717
4 3092 3093 721 719
4 3093 3098 723 721
4 3098 3099 725 723
4 3096 3100 3101 3097
4 3100 3102 3103 3101
4 3097 3101 3104 3099
4 3101 3103 3105 3104
4 3102 3106 3107 3103
4 3106 3108 3109 3107
4 3103 3107 3110 3105
4 3107 3109 3111 3110
4 3099 3104 727 725
4 3104 3105 729 727
4 3105 3110 731 729
4 3110 3111 733 731
4 3108 3112 3113 3109
4 3112 3114 3115 3113
4 3109 3113 3116 3111
4 3113 3115 3117 3116
4 3114 3118 3119 3115
4 3118 3120 3121 3119
4 3115 3119 3122 3117
4 3119 3121 3123 3122
4 3111 3116 735 733
4 3116 3117 737 735
4 3117 3122 739 737
4 3122 3123 741 739
4 3120 3124 3125 3121
4 3124 3126 3127 3125
4 3121 3125 3128 3123
4 3125 3127 3129 3128
4 3126 3130 3131 3127
4 3130 3132 3133 3131
4 3127 3131 3134 3129
4 3131 3133 3135 3134
4 3123 3128 743 741
4 3128 3129 745 743
4 3129 3134 747 745
4 3134 3135 749 747
4 3132 3136 3137 3133
4 3136 3138 3139 3137
4 3133 3137 3140 3135
4 3137 3139 3141 3140
4 3138 3142 3143 3139
4 3142 3144 3145 3143
4 3139 3143 3146 3141
4 3143 3145 3147 3146
4 3135 3140 751 749
4 3140 3141 753 751
4 3141 3146 755 753
4 3146 3147 757 755
4 3144 3148 3149 3145
4 3148 3150 3151 3149
4 3145 3149 3152 3147
4 3149 3151 3153 3152
4 3150 3154 3155 3151
4 3154 3156 3157 3155
4 3151 3155 3158 3153
4 3155 3157 3159 3158
4 3147 3152 759 757
4 3152 3153 761 759
4 3153 3158 763 761
4 3158 3159 765 763
4 192 768 3160 2305
4 768 770 3161 3160
4 770 772 3162 3161
4 772 774 3163 3162
4 2305 3160 3164 2311
4 3160 3161 3165 3164
4 2311 3164 3166 2313
4 3164 3165 3167 3166
4 3161 3162 3168 3165
4 3162 3163 3169 3168
4 3165 3168 3170 3167
4 3168 3169 3171 3170
4 774 776 3172 3163
4 776 778 3173 3172
4 778 780 3174 3173
4 780 782 3175 3174
4 3163 3172 3176 3169
4 3172 3173 3177 3176
4 3169 3176 3178 3171
4 3176 3177 3179 3178
4 3173 3174 3180 3177
4 3174 3175 3181 3180
4 3177 3180 3182 3179
4 3180 3181 3183 3182
4 782 784 3184 3175
4 784 786 3185 3184
4 786 788 3186 3185
4 788 790 3187 3186
4 3175 3184 3188 3181
4 3184 3185 3189 3188
4 3181 3188 3190 3183
4 3188 3189 3191 3190
4 3185 3186 3192 3189
4 3186 3187 3193 3192
4 3189 3192 3194 3191
4 3192 3193 3195 3194
4 790 792 3196 3187
4 792 794 3197 3196
4 794 796 3198 3197
4 796 798 3199 3198
4 3187 3196 3200 3193
4 3196 3197 3201 3200
4 3193 3200 3202 3195
4 3200 3201 3203 3202
4 3197 3198 3204 3201
4 3198 3199 3205 3204
4 3201 3204 3206 3203
4 3204 3205 3207 3206
4 798 800 3208 3199
4 800 802 3209 3208
4 802 804 3210 3209
4 804 806 3211 3210
4 3199 3208 3212 3205
4 3208 3209 3213 3212
4 3205 3212 3214 3207
4 3212 3213 3215 3214
4 3209 3210 3216 3213
4 3210 3211 3217 3216
4 3213 3216 3218 3215
4 3216 3217 3219 3218
4 806 808 3220 3211
4 808 810 3221 3220
4 810 812 3222 3221
4 812 814 3223 3222
4 3211 3220 3224 3217
4 3220 3221 3225 3224
4 3217 3224 3226 3219
4 3224 3225 3227 3226
4 3221 3222 3228 3225
4 3222 3223 3229 3228
4 3225 3228 3230 3227
4 3228 3229 3231 3230
4 814 816 3232 3223
4 816 818 3233 3232
4 818 820 3234 3233
4 820 822 3235 3234
4 3223 3232 3236 3229
4 3232 3233 3237 3236
4 3229 3236 3238 3231
4 3236 3237 3239 3238
4 3233 3234 3240 3237
4 3234 3235 3241 3240
4 3237 3240 3242 3239
4 3240 3241 3243 3242
4 822 824 3244 3235
4 824 826 3245 3244
4 826 828 3246 3245
4 828 830 3247 3246
4 3235 3244 3248 3241
4 3244 3245 3249 3248
4 3241 3248 3250 3243
4 3248 3249 3251 3250
4 3245 3246 3252 3249
4 3246 3247 3253 3252
4 3249 3252 3254 3251
4 3252 3253 3255 3254
4 830 832 3256 3247
4 832 834 3257 3256
4 834 836 3258 3257
4 836 838 3259 3258
4 3247 3256 3260 3253
4 3256 3257 3261 3260
4 3253 3260 3262 3255
4 3260 3261 3263 3262
4 3257 3258 3264 3261
4 3258 3259 3265 3264
4 3261 3264 3266 3263
4 3264 3265 3267 3266
4 838 840 3268 3259
4 840 842 3269 3268
4 842 844 3270 3269
4 844 846 3271 3270
4 3259 3268 3272 3265
4 3268 3269 3273 3272
4 3265 3272 3274 3267
4 3272 3273 3275 3274
4 3269 3270 3276 3273
4 3270 3271 3277 3276
4 3273 3276 3278 3275
4 3276 3277 3279 3278
4 846 848 3280 3271
4 848 850 3281 3280
4 850 852 3282 3281
4 852 854 3283 3282
4 3271 3280 3284 3277
4 3280 3281 3285 3284
4 3277 3284 3286 3279
4 3284 3285 3287 3286
4 3281 3282 3288 3285
4 3282 3283 3289 3288
4 3285 3288 3290 3287
4 3288 3289 3291 3290
4 854 856 3292 3283
4 856 858 3293 3292
4 858 860 3294 3293
4 860 862 3295 3294
4 3283 3292 3296 3289
4 3292 3293 3297 3296
4 3289 3296 3298 3291
4 3296 3297 3299 3298
4 3293 3294 3300 3297
4 3294 3295 3301 3300
4 3297 3300 3302 3299
4 3300 3301 3303 3302
4 862 864 3304 3295
4 864 866 3305 3304
4 866 868 3306 3305
4 868 870 3307 3306
4 3295 3304 3308 3301
4 3304 3305 3309 3308
4 3301 3308 3310 3303
4 3308 3309 3311 3310
4 3305 3306 3312 3309
4 3306 3307 3313 3312
4 3309 3312 3314 3311
4 3312 3313 3315 3314
4 870 872 3316 3307
4 872 874 3317 3316
4 874 876 3318 3317
4 876 878 3319 3318
4 3307 3316 3320 3313
4 3316 3317 3321 3320
4 3313 3320 3322 3315
4 3320 3321 3323 3322
4 3317 3318 3324 3321
4 3318 3319 3325 3324
4 3321 3324 3326 3323
4 3324 3325 3327 3326
4 878 880 3328 3319
4 880 882 3329 3328
4 882 884 3330 3329
4 884 886 3331 3330
4 3319 3328 3332 3325
4 3328 3329 3333 3332
4 3325 3332 3334 3327
4 3332 3333 3335 3334
4 3329 3330 3336 3333
4 3330 3331 3337 3336
4 3333 3336 3338 3335
4 3336 3337 3339 3338
4 886 888 3340 3331
4 888 890 3341 3340
4 890 892 3342 3341
4 892 894 3343 3342
4 3331 3340 3344 3337
4 3340 3341 3345 3344
4 3337 3344 3346 3339
4 3344 3345 3347 3346
4 3341 3342 3348 3345
4 3342 3343 3349 3348
4 3345 3348 3350 3347
4 3348 3349 3351 3350
4 3156 3352 3353 3157
4 3352 3354 3355 3353
4 3157 3353 3356 3159
4 3353 3355 3357 3356
4 3354 3358 3359 3355
4 3358 3360 3361 3359
4 3355 3359 3362 3357
4 3359 3361 3363 3362
4 3159 3356 895 765
4 3356 3357 897 895
4 3357 3362 899 897
4 3362 3363 901 899
4 3360 3364 3365 3361
4 3364 3366 3367 3365
4 3361 3365 3368 3363
4 3365 3367 3369 3368
4 3366 3370 3371 3367
4 3370 3372 3373 3371
4 3367 3371 3374 3369
4 3371 3373 3375 3374
4 3363 3368 903 901
4 3368 3369 905 903
4 3369 3374 907 905
4 3374 3375 909 907
4 3372 3376 3377 3373
4 3376 3378 3379 3377
4 3373 3377 3380 3375
4 3377 3379 3381 3380
4 3378 3382 3383 3379
4 3382 3384 3385 3383
4 3379 3383 3386 3381
4 3383 3385 3387 3386
4 3375 3380 911 909
4 3380 3381 913 911
4 3381 3386 915 913
4 3386 3387 917 915
4 3384 3388 3389 3385
4 3388 3390 3391 3389
4 3385 3389 3392 3387
4 3389 3391 3393 3392
4 3390 3394 3395 3391
4 3394 3396 3397 3395
4 3391 3395 3398 3393
4 3395 3397 3399 3398
4 3387 3392 919 917
4 3392 3393 921 919
4 3393 3398 923 921
4 3398 3399 925 923
4 3396 3400 3401 3397
4 3400 3402 3403 3401
4 3397 3401 3404 3399
4 3401 3403 3405 3404
4 3402 3406 3407 3403
4 3406 3408 3409 3407
4 3403 3407 3410 3405
4 3407 3409 3411 3410
4 3399 3404 927 925
4 3404 3405 929 927
4 3405 3410 931 929
4 3410 3411 933 931
4 3408 3412 3413 3409
4 3412 3414 3415 3413
4 3409 3413 3416 3411
4 3413 3415 3417 3416
4 3414 3418 3419 3415
4 3418 3420 3421 3419
4 3415 3419 3422 3417
4 3419 3421 3423 3422
4 3411 3416 935 933
4 3416 3417 937 935
4 3417 3422 939 937
4 3422 3423 941 939
4 3420 3424 3425 3421
4 3424 3426 3427 3425
4 3421 3425 3428 3423
4 3425 3427 3429 3428
4 3426 3430 3431 3427
4 3430 3432 3433 3431
4 3427 3431 3434 3429
4 3431 3433 3435 3434
4 3423 3428 943 941
4 3428 3429 945 943
4 3429 3434 947 945
4 3434 3435 949 947
4 3432 3436 3437 3433
4 3436 3438 3439 3437
4 3433 3437 3440 3435
4 3437 3439 3441 3440
4 3438 3442 3443 3439
4 3442 3444 3445 3443
4 3439 3443 3446 3441
4 3443 3445 3447 3446
4 3435 3440 951 949
4 3440 3441 953 951
4 3441 3446 955 953
4 3446 3447 957 955
4 3444 3448 3449 3445
4 3448 3450 3451 3449
4 3445 3449 3452 3447
4 3449 3451 3453 3452
4 3450 3454 3455 3451
4 3454 3456 3457 3455
4 3451 3455 3458 3453
4 3455 3457 3459 3458
4 3447 3452 959 957
4 3452 3453 961 959
4 3453 3458 963 961
4 3458 3459 965 963
4 3456 3460 3461 3457
4 3460 3462 3463 3461
4 3457 3461 3464 3459
4 3461 3463 3465 3464
4 3462 3466 3467 3463
4 3466 3468 3469 3467
4 3463 3467 3470 3465
4 3467 3469 3471 3470
4 3459 3464 967 965
4 3464 3465 969 967
4 3465 3470 971 969
4 3470 3471 973 971
4 3468 3472 3473 3469
4 3472 3474 3475 3473
4 3469 3473 3476 3471
4 3473 3475 3477 3476
4 3474 3478 3479 3475
4 3478 3480 3481 3479
4 3475 3479 3482 3477
4 3479 3481 3483 3482
4 3471 3476 975 973
4 3476 3477 977 975
4 3477 3482 979 977
4 3482 3483 981 979
4 3480 3484 3485 3481
4 3484 3486 3487 3485
4 3481 3485 3488 3483
4 3485 3487 3489 3488
4 3486 3490 3491 3487
4 3490 3492 3493 3491
4 3487 3491 3494 3489
4 3491 3493 3495 3494
4 3483 3488 983 981
4 3488 3489 985 983
4 3489 3494 987 985
4 3494 3495 989 987
4 3492 3496 3497 3493
4 3496 3498 3499 3497
4 3493 3497 3500 3495
4 3497 3499 3501 3500
4 3498 3502 3503 3499
4 3502 3504 3505 3503
4 3499 3503 3506 3501
4 3503 3505 3507 3506
4 3495 3500 991 989
4 3500 3501 993 991
4 3501 3506 995 993
4 3506 3507 997 995
4 3504 3508 3509 3505
4 3508 3510 3511 3509
4 3505 3509 3512 3507
4 3509 3511 3513 3512
4 3510 3514 3515 3511
4 3514 3516 3517 3515
4 3511 3515 3518 3513
4 3515 3517 3519 3518
4 3507 3512 999 997
4 3512 3513 1001 999
4 3513 3518 1003 1001
4 3518 3519 1005 1003
4 3516 3520 3521 3517
4 3520 3522 3523 3521
4 3517 3521 3524 3519
4 3521 3523 3525 3524
4 3522 3526 3527 3523
4 3526 3528 3529 3527
4 3523 3527 3530 3525
4 3527 3529 3531 3530
4 3519 3524 1007 1005
4 3524 3525 1009 1007
4 3525 3530 1011 1009
4 3530 3531 1013 1011
4 3528 3532 3533 3529
4 3532 3534 3535 3533
4 3529 3533 3536 3531
4 3533 3535 3537 3536
4 3534 3538 3539 3535
4 3538 3540 3541 3539
4 3535 3539 3542 3537
4 3539 3541 3543 3542
4 3531 3536 1015 1013
4 3536 3537 1017 1015
4 3537 3542 1019 1017
4 3542 3543 1021 1019
4 894 1024 3544 3343
4 1024 1026 3545 3544
4 1026 1028 3546 3545
4 1028 1030 3547 3546
4 3343 3544 3548 3349
4 3544 3545 3549 3548
4 3349 3548 3550 3351
4 3548 3549 3551 3550
4 3545 3546 3552 3549
4 3546 3547 3553 3552
4 3549 3552 3554 3551
4 3552 3553 3555 3554
4 1030 1032 3556 3547
4 1032 1034 3557 3556
4 1034 1036 3558 3557
4 1036 1038 3559 3558
4 3547 3556 3560 3553
4 3556 3557 3561 3560
4 3553 3560 3562 3555
4 3560 3561 3563 3562
4 3557 3558 3564 3561
4 3558 3559 3565 3564
4 3561 3564 3566 3563
4 3564 3565 3567 3566
4 1038 1040 3568 3559
4 1040 1042 3569 3568
4 1042 1044 3570 3569
4 1044 1046 3571 3570
4 3559 3568 3572 3565
4 3568 3569 3573 3572
4 3565 3572 3574 3567
4 3572 3573 3575 3574
4 3569 3570 3576 3573
4 3570 3571 3577 3576
4 3573 3576 3578 3575
4 3576 3577 3579 3578
4 1046 1048 3580 3571
4 1048 1050 3581 3580
4 1050 1052 3582 3581
4 1052 1054 3583 3582
4 3571 3580 3584 3577
4 3580 3581 3585 3584
4 3577 3584 3586 3579
4 3584 3585 3587 3586
4 3581 3582 3588 3585
4 3582 3583 3589 3588
4 3585 3588 3590 3587
4 3588 3589 3591 3590
4 1054 1056 3592 3583
4 1056 1058 3593 3592
4 1058 1060 3594 3593
4 1060 1062 3595 3594
4 3583 3592 3596 3589
4 3592 3593 3597 3596
4 3589 3596 3598 3591
4 3596 3597 3599 3598
4 3593 3594 3600 3597
4 3594 3595 3601 3600
4 3597 3600 3602 3599
4 3600 3601 3603 3602
4 1062 1064 3604 3595
4 1064 1066 3605 3604
4 1066 1068 3606 3605
4 1068 1070 3607 3606
4 3595 3604 3608 3601
4 3604 3605 3609 3608
4 3601 3608 3610 3603
4 3608 3609 3611 3610
4 3605 3606 3612 3609
4 3606 3607 3613 3612
4 3609 3612 3614 3611
4 3612 3613 3615 3614
4 1070 1072 3616 3607
4 1072 1074 3617 3616
4 1074 1076 3618 3617
4 1076 1078 3619 3618
4 3607 3616 3620 3613
4 3616 3617 3621 3620
4 3613 3620 3622 3615
4 3620 3621 3623 3622
4 3617 3618 3624 3621
4 3618 3619 3625 3624
4 3621 3624 3626 3623
4 3624 3625 3627 3626
4 1078 1080 3628 3619
4 1080 1082 3629 3628
4 1082 1084 3630 3629
4 1084 1086 3631 3630
4 3619 3628 3632 3625
4 3628 3629 3633 3632
4 3625 3632 3634 3627
4 3632 3633 3635 3634
4 3629 3630 3636 3633
4 3630 3631 3637 3636
4 3633 3636 3638 3635
4 3636 3637 3639 3638
4 1086 1088 3640 3631
4 1088 1090 3641 3640
4 1090 1092 3642 3641
4 1092 1094 3643 3642
4 3631 3640 3644 3637
4 3640 3641 3645 3644
4 3637 3644 3646 3639
4 3644 3645 3647 3646
4 3641 3642 3648 3645
4 3642 3643 3649 3648
4 3645 3648 3650 3647
4 3648 3649 3651 3650
4 1094 1096 3652 3643
4 1096 1098 3653 3652
4 1098 1100 3654 3653
4 1100 1102 3655 3654
4 3643 3652 3656 3649
4 3652 3653 3657 3656
4 3649 3656 3658 3651
4 3656 3657 3659 3658
4 3653 3654 3660 3657
4 3654 3655 3661 3660
4 3657 3660 3662 3659
4 3660 3661 3663 3662
4 1102 1104 3664 3655
4 1104 1106 3665 3664
4 1106 1108 3666 3665
4 1108 1110 3667 3666
4 3655 3664 3668 3661
4 3664 3665 3669 3668
4 3661 3668 3670 3663
4 3668 3669 3671 3670
4 3665 3666 3672 3669
4 3666 3667 3673 3672
4 3669 3672 3674 3671
4 3672 3673 3675 3674
4 1110 1112 3676 3667
4 1112 1114 3677 3676
4 1114 1116 3678 3677
4 1116 1118 3679 3678
4 3667 3676 3680 3673
4 3676 3677 3681 3680
4 3673 3680 3682 3675
4 3680 3681 3683 3682
4 3677 3678 3684 3681
4 3678 3679 3685 3684
4 3681 3684 3686 3683
4 3684 3685 3687 3686
4 1118 1120 3688 3679
4 1120 1122 3689 3688
4 1122 1124 3690 3689
4 1124 1126 3691 3690
4 3679 3688 3692 3685
4 3688 3689 3693 3692
4 3685 3692 3694 3687
4 3692 3693 3695 3694
4 3689 3690 3696 3693
4 3690 3691 3697 3696
4 3693 3696 3698 3695
4 3696 3697 3699 3698
4 1126 1128 3700 3691
4 1128 1130 3701 3700
4 1130 1132 3702 3701
4 1132 1134 3703 3702
4 3691 3700 3704 3697
4 3700 3701 3705 3704
4 3697 3704 3706 3699
4 3704 3705 3707 3706
4 3701 3702 3708 3705
4 3702 3703 3709 3708
4 3705 3708 3710 3707
4 3708 3709 3711 3710
4 1134 1136 3712 3703
4 1136 1138 3713 3712
4 1138 1140 3714 3713
4 1140 1142 3715 3714
4 3703 3712 3716 3709
4 3712 3713 3717 3716
4 3709 3716 3718 3711
4 3716 3717 3719 3718
4 3713 3714 3720 3717
4 3714 3715 3721 3720
4 3717 3720 3722 3719
4 3720 3721 3723 3722
4 1142 1144 3724 3715
4 1144 1146 3725 3724
4 1146 1148 3726 3725
4 1148 1150 3727 3726
4 3715 3724 3728 3721
4 3724 3725 3729 3728
4 3721 3728 3730 3723
4 3728 3729 3731 3730
4 3725 3726 3732 3729
4 3726 3727 3733 3732
4 3729 3732 3734 3731
4 3732 3733 3735 3734
4 3540 3736 3737 3541
4 3736 3738 3739 3737
4 3541 3737 3740 3543
4 3737 3739 3741 3740
4 3738 3742 3743 3739
4 3742 3744 3745 3743
4 3739 3743 3746 3741
4 3743 3745 3747 3746
4 3543 3740 1151 1021
4 3740 3741 1153 1151
4 3741 3746 1155 1153
4 3746 3747 1157 1155
4 3744 3748 3749 3745
4 3748 3750 3751 3749
4 3745 3749 3752 3747
4 3749 3751 3753 3752
4 3750 3754 3755 3751
4 3754 3756 3757 3755
4 3751 3755 3758 3753
4 3755 3757 3759 3758
4 3747 3752 1159 1157
4 3752 3753 1161 1159
4 3753 3758 1163 1161
4 3758 3759 1165 1163
4 3756 3760 3761 3757
4 3760 3762 3763 3761
4 3757 3761 3764 3759
4 3761 3763 3765 3764
4 3762 3766 3767 3763
4 3766 3768 3769 3767
4 3763 3767 3770 3765
4 3767 3769 3771 3770
4 3759 3764 1167 1165
4 3764 3765 1169 1167
4 3765 3770 1171 1169
4 3770 3771 1173 1171
4 3768 3772 3773 3769
4 3772 3774 3775 3773
4 3769 3773 3776 3771
4 3773 3775 3777 3776
4 3774 3778 3779 3775
4 3778 3780 3781 3779
4 3775 3779 3782 3777
4 3779 3781 3783 3782
4 3771 3776 1175 1173
4 3776 3777 1177 1175
4 3777 3782 1179 1177
4 3782 3783 1181 1179
4 3780 3784 3785 3781
4 3784 3786 3787 3785
4 3781 3785 3788 3783
4 3785 3787 3789 3788
4 3786 3790 3791 3787
4 3790 3792 3793 3791
4 3787 3791 3794 3789
4 3791 3793 3795 3794
4 3783 3788 1183 1181
4 3788 3789 1185 1183
4 3789 3794 1187 1185
4 3794 3795 1189 1187
4 3792 3796 3797 3793
4 3796 3798 3799 3797
4 3793 3797 3800 3795
4 3797 3799 3801 3800
4 3798 3802 3803 3799
4 3802 3804 3805 3803
4 3799 3803 3806 3801
4 3803 3805 3807 3806
4 3795 3800 1191 1189
4 3800 3801 1193 1191
4 3801 3806 1195 1193
4 3806 3807 1197 1195
4 3804 3808 3809 3805
4 3808 3810 3811 3809
4 3805 3809 3812 3807
4 3809 3811 3813 3812
4 3810 3814 3815 3811
4 3814 3816 3817 3815
4 3811 3815 3818 3813
4 3815 3817 3819 3818
4 3807 3812 1199 1197
4 3812 3813 1201 1199
4 3813 3818 1203 1201
4 3818 3819 1205 1203
4 3816 3820 3821 3817
4 3820 3822 3823 3821
4 3817 3821 3824 3819
4 3821 3823 3825 3824
4 3822 3826 3827 3823
4 3826 3828 3829 3827
4 3823 3827 3830 3825
4 3827 3829 3831 3830
4 3819 3824 1207 1205
4 3824 3825 1209 1207
4 3825 3830 1211 1209
4 3830 3831 1213 1211
4 3828 3832 3833 3829
4 3832 3834 3835 3833
4 3829 3833 3836 3831
4 3833 3835 3837 3836
4 3834 3838 3839 3835
4 3838 3840 3841 3839
4 3835 3839 3842 3837
4 3839 3841 3843 3842
4 3831 3836 1215 1213
4 3836 3837 1217 1215
4 3837 3842 1219 1217
4 3842 3843 1221 1219
4 3840 3844 3845 3841
4 3844 3846 3847 3845
4 3841 3845 3848 3843
4 3845 3847 3849 3848
4 3846 3850 3851 3847
4 3850 3852 3853 3851
4 3847 3851 3854 3849
4 3851 3853 3855 3854
4 3843 3848 1223 1221
4 3848 3849 1225 1223
4 3849 3854 1227 1225
4 3854 3855 1229 1227
4 3852 3856 3857 3853
4 3856 3858 3859 3857
4 3853 3857 3860 3855
4 3857 3859 3861 3860
4 3858 3862 3863 3859
4 3862 3864 3865 3863
4 3859 3863 3866 3861
4 3863 3865 3867 3866
4 3855 3860 1231 1229
4 3860 3861 1233 1231
4 3861 3866 1235 1233
4 3866 3867 1237 1235
4 3864 3868 3869 3865
4 3868 3870 3871 3869
4 3865 3869 3872 3867
4 3869 3871 3873 3872
4 3870 3874 3875 3871
4 3874 3876 3877 3875
4 3871 3875 3878 3873
4 3875 3877 3879 3878
4 3867 3872 1239 1237
4 3872 3873 1241 1239
4 3873 3878 1243 1241
4 3878 3879 1245 1243
4 3876 3880 3881 3877
4 3880 3882 3883 3881
4 3877 3881 3884 3879
4 3881 3883 3885 3884
4 3882 3886 3887 3883
4 3886 3888 3889 3887
4 3883 3887 3890 3885
4 3887 3889 3891 3890
4 3879 3884 1247 1245
4 3884 3885 1249 1247
4 3885 3890 1251 1249
4 3890 3891 1253 1251
4 3888 3892 3893 3889
4 3892 3894 3895 3893
4 3889 3893 3896 3891
4 3893 3895 3897 3896
4 3894 3898 3899 3895
4 3898 3900 3901 3899
4 3895 3899 3902 3897
4 3899 3901 3903 3902
4 3891 3896 1255 1253
4 3896 3897 1257 1255
4 3897 3902 1259 1257
4 3902 3903 1261 1259
4 3900 3904 3905 3901
4 3904 3906 3907 3905
4 3901 3905 3908 3903
4 3905 3907 3909 3908
4 3906 3910 3911 3907
4 3910 3912 3913 3911
4 3907 3911 3914 3909
4 3911 3913 3915 3914
4 3903 3908 1263 1261
4 3908 3909 1265 1263
4 3909 3914 1267 1265
4 3914 3915 1269 1267
4 3912 3916 3917 3913
4 3916 3918 3919 3917
4 3913 3917 3920 3915
4 3917 3919 3921 3920
4 3918 3922 3923 3919
4 3922 3924 3925 3923
4 3919 3923 3926 3921
4 3923 3925 3927 3926
4 3915 3920 1271 1269
4 3920 3921 1273 1271
4 3921 3926 1275 1273
4 3926 3927 1277 1275
4 1150 1280 3928 3727
4 1280 1282 3929 3928
4 1282 1284 3930 3929
4 1284 1286 3931 3930
4 3727 3928 3932 3733
4 3928 3929 3933 3932
4 3733 3932 3934 3735
4 3932 3933 3935 3934
4 3929 3930 3936 3933
4 3930 3931 3937 3936
4 3933 3936 3938 3935
4 3936 3937 3939 3938
4 1286 1288 3940 3931
4 1288 1290 3941 3940
4 1290 1292 3942 3941
4 1292 1294 3943 3942
4 3931 3940 3944 3937
4 3940 3941 3945 3944
4 3937 3944 3946 3939
4 3944 3945 3947 3946
4 3941 3942 3948 3945
4 3942 3943 3949 3948
4 3945 3948 3950 3947
4 3948 3949 3951 3950
4 1294 1296 3952 3943
4 1296 1298 3953 3952
4 1298 1300 3954 3953
4 1300 1302 3955 3954
4 3943 3952 3956 3949
4 3952 3953 3957 3956
4 3949 3956 3958 3951
4 3956 3957 3959 3958
4 3953 3954 3960 3957
4 3954 3955 3961 3960
4 3957 3960 3962 3959
4 3960 3961 3963 3962
4 1302 1304 3964 3955
4 1304 1306 3965 3964
4 1306 1308 3966 3965
4 1308 1310 3967 3966
4 3955 3964 3968 3961
4 3964 3965 3969 3968
4 3961 3968 3970 3963
4 3968 3969 3971 3970
4 3965 3966 3972 3969
4 3966 3967 3973 3972
4 3969 3972 3974 3971
4 3972 3973 3975 3974
4 1310 1312 3976 3967
4 1312 1314 3977 3976
4 1314 1316 3978 3977
4 1316 1318 3979 3978
4 3967 3976 3980 3973
4 3976 3977 3981 3980
4 3973 3980 3982 3975
4 3980 3981 3983 3982
4 3977 3978 3984 3981
4 3978 3979 3985 3984
4 3981 3984 3986 3983
4 3984 3985 3987 3986
4 1318 1320 3988 3979
4 1320 1322 3989 3988
4 1322 1324 3990 3989
4 1324 1326 3991 3990
4 3979 3988 3992 3985
4 3988 3989 3993 3992
4 3985 3992 3994 3987
4 3992 3993 3995 3994
4 3989 3990 3996 3993
4 3990 3991 3997 3996
4 3993 3996 3998 3995
4 3996 3997 3999 3998
4 1326 1328 4000 3991
4 1328 1330 4001 4000
4 1330 1332 4002 4001
4 1332 1334 4003 4002
4 3991 4000 4004 3997
4 4000 4001 4005 4004
4 3997 4004 4006 3999
4 4004 4005 4007 4006
4 4001 4002 4008 4005
4 4002 4003 4009 4008
4 4005 4008 4010 4007
4 4008 4009 4011 4010
4 1334 1336 4012 4003
4 1336 1338 4013 4012
4 1338 1340 4014 4013
4 1340 1342 4015 4014
4 4003 4012 4016 4009
4 4012 4013 4017 4016
4 4009 4016 4018 4011
4 4016 4017 4019 4018
4 4013 4014 4020 4017
4 4014 4015 4021 4020
4 4017 4020 4022 4019
4 4020 4021 4023 4022
4 1342 1344 4024 4015
4 1344 1346 4025 4024
4 1346 1348 4026 4025
4 1348 1350 4027 4026
4 4015 4024 4028 4021
4 4024 4025 4029 4028
4 4021 4028 4030 4023
4 4028 4029 4031 4030
4 4025 4026 4032 4029
4 4026 4027 4033 4032
4 4029 4032 4034 4031
4 4032 4033 4035 4034
4 1350 1352 4036 4027
4 1352 1354 4037 4036
4 1354 1356 4038 4037
4 1356 1358 4039 4038
4 4027 4036 4040 4033
4 4036 4037 4041 4040
4 4033 4040 4042 4035
4 4040 4041 4043 4042
4 4037 4038 4044 4041
4 4038 4039 4045 4044
4 4041 4044 4046 4043
4 4044 4045 4047 4046
4 1358 1360 4048 4039
4 1360 1362 4049 4048
4 1362 1364 4050 4049
4 1364 1366 4051 4050
4 4039 4048 4052 4045
4 4048 4049 4053 4052
4 4045 4052 4054 4047
4 4052 4053 4055 4054
4 4049 4050 4056 4053
4 4050 4051 4057 4056
4 4053 4056 4058 4055
4 4056 4057 4059 4058
4 1366 1368 4060 4051
4 1368 1370 4061 4060
4 1370 1372 4062 4061
4 1372 1374 4063 4062
4 4051 4060 4064 4057
4 4060 4061 4065 4064
4 4057 4064 4066 4059
4 4064 4065 4067 4066
4 4061 4062 4068 4065
4 4062 4063 4069 4068
4 4065 4068 4070 4067
4 4068 4069 4071 4070
4 1374 1376 4072 4063
4 1376 1378 4073 4072
4 1378 1380 4074 4073
4 1380 1382 4075 4074
4 4063 4072 4076 4069
4 4072 4073 4077 4076
4 4069 4076 4078 4071
4 4076 4077 4079 4078
4 4073 4074 4080 4077
4 4074 4075 4081 4080
4 4077 4080 4082 4079
4 4080 4081 4083 4082
4 1382 1384 4084 4075
4 1384 1386 4085 4084
4 1386 1388 4086 4085
4 1388 1390 4087 4086
4 4075 4084 4088 4081
4 4084 4085 4089 4088
4 4081 4088 4090 4083
4 4088 4089 4091 4090
4 4085 4086 4092 4089
4 4086 4087 4093 4092
4 4089 4092 4094 4091
4 4092 4093 4095 4094
4 1390 1392 4096 4087
4 1392 1394 4097 4096
4 1394 1396 4098 4097
4 1396 1398 4099 4098
4 4087 4096 4100 4093
4 4096 4097 4101 4100
4 4093 4100 4102 4095
4 4100 4101 4103 4102
4 4097 4098 4104 4101
4 4098 4099 4105 4104
4 4101 4104 4106 4103
4 4104 4105 4107 4106
4 1398 1400 4108 4099
4 1400 1402 4109 4108
4 1402 1404 1408 4109
4 4099 4108 4110 4105
4 4108 4109 4111 4110
4 4105 4110 4112 4107
4 4110 4111 4113 4112
4 4109 1408 1410 4111
4 4111 1410 1412 4113
4 4107 4112 4114 4115
4 4112 4113 4116 4114
4 4115 4114 4117 4118
4 4114 4116 4119 4117
4 4113 1412 1414 4116
4 4116 1414 1416 4119
4 4118 4117 4120 4121
4 4117 4119 4122 4120
4 4121 4120 4123 4124
4 4120 4122 4125 4123
4 4119 1416 1418 4122
4 4122 1418 1420 4125
4 4124 4123 4126 4127
4 4123 4125 4128 4126
4 4127 4126 4129 4130
4 4126 4128 4131 4129
4 4125 1420 1422 4128
4 4128 1422 1424 4131
4 4130 4129 4132 4133
4 4129 4131 4134 4132
4 4133 4132 4135 4136
4 4132 4134 4137 4135
4 4131 1424 1426 4134
4 4134 1426 1428 4137
4 4136 4135 4138 4139
4 4135 4137 4140 4138
4 4139 4138 4141 4142
4 4138 4140 4143 4141
4 4137 1428 1430 4140
4 4140 1430 1432 4143
4 4142 4141 4144 4145
4 4141 4143 4146 4144
4 4145 4144 4147 4148
4 4144 4146 4149 4147
4 4143 1432 1434 4146
4 4146 1434 1436 4149
4 4148 4147 4150 4151
4 4147 4149 4152 4150
4 4151 4150 4153 4154
4 4150 4152 4155 4153
4 4149 1436 1438 4152
4 4152 1438 1440 4155
4 4154 4153 4156 4157
4 4153 4155 4158 4156
4 4157 4156 4159 4160
4 4156 4158 4161 4159
4 4155 1440 1442 4158
4 4158 1442 1444 4161
4 4160 4159 4162 4163
4 4159 4161 4164 4162
4 4163 4162 4165 4166
4 4162 4164 4167 4165
4 4161 1444 1446 4164
4 4164 1446 1448 4167
4 4166 4165 4168 4169
4 4165 4167 4170 4168
4 4169 4168 4171 4172
4 4168 4170 4173 4171
4 4167 1448 1450 4170
4 4170 1450 1452 4173
4 4172 4171 4174 4175
4 4171 4173 4176 4174
4 4175 4174 4177 4178
4 4174 4176 4179 4177
4 4173 1452 1454 4176
4 4176 1454 1456 4179
4 4178 4177 4180 4181
4 4177 4179 4182 4180
4 4181 4180 4183 4184
4 4180 4182 4185 4183
4 4179 1456 1458 4182
4 4182 1458 1460 4185
4 4184 4183 4186 4187
4 4183 4185 4188 4186
4 4187 4186 4189 4190
4 4186 4188 4191 4189
4 4185 1460 1462 4188
4 4188 1462 1464 4191
4 4190 4189 4192 4193
4 4189 4191 4194 4192
4 4193 4192 4195 4196
4 4192 4194 4197 4195
4 4191 1464 1466 4194
4 4194 1466 1468 4197
4 4196 4195 4198 4199
4 4195 4197 4200 4198
4 4199 4198 4201 4202
4 4198 4200 4203 4201
4 4197 1468 1470 4200
4 4200 1470 1472 4203
4 4202 4201 4204 4205
4 4201 4203 4206 4204
4 4205 4204 4207 4208
4 4204 4206 4209 4207
4 4203 1472 1474 4206
4 4206 1474 1476 4209
4 4208 4207 4210 4211
4 4207 4209 4212 4210
4 4211 4210 4213 4214
4 4210 4212 4215 4213
4 4209 1476 1478 4212
4 4212 1478 1480 4215
4 4214 4213 4216 4217
4 4213 4215 4218 4216
4 4217 4216 4219 4220
4 4216 4218 4221 4219
4 4215 1480 1482 4218
4 4218 1482 1484 4221
4 4220 4219 4222 4223
4 4219 4221 4224 4222
4 4223 4222 4225 4226
4 4222 4224 4227 4225
4 4221 1484 1486 4224
4 4224 1486 1488 4227
4 4226 4225 4228 4229
4 4225 4227 4230 4228
4 4229 4228 4231 4232
4 4228 4230 4233 4231
4 4227 1488 1490 4230
4 4230 1490 1492 4233
4 4232 4231 4234 4235
4 4231 4233 4236 4234
4 4235 4234 4237 4238
4 4234 4236 4239 4237
4 4233 1492 1494 4236
4 4236 1494 1496 4239
4 4238 4237 4240 4241
4 4237 4239 4242 4240
4 4241 4240 4243 4244
4 4240 4242 4245 4243
4 4239 1496 1498 4242
4 4242 1498 1500 4245
4 4244 4243 4246 4247
4 4243 4245 4248 4246
4 4247 4246 4249 4250
4 4246 4248 4251 4249
4 4245 1500 1502 4248
4 4248 1502 1504 4251
4 4250 4249 4252 4253
4 4249 4251 4254 4252
4 4253 4252 4255 4256
4 4252 4254 4257 4255
4 4251 1504 1506 4254
4 4254 1506 1508 4257
4 4256 4255 4258 4259
4 4255 4257 4260 4258
4 4259 4258 4261 4262
4 4258 4260 4263 4261
4 4257 1508 1510 4260
4 4260 1510 1512 4263
4 4262 4261 4264 4265
4 4261 4263 4266 4264
4 4265 4264 4267 4268
4 4264 4266 4269 4267
4 4263 1512 1514 4266
4 4266 1514 1516 4269
4 4268 4267 4270 4271
4 4267 4269 4272 4270
4 4271 4270 4273 4274
4 4270 4272 4275 4273
4 4269 1516 1518 4272
4 4272 1518 1520 4275
4 4274 4273 4276 4277
4 4273 4275 4278 4276
4 4277 4276 4279 4280
4 4276 4278 4281 4279
4 4275 1520 1522 4278
4 4278 1522 1524 4281
4 4280 4279 4282 4283
4 4279 4281 4284 4282
4 4283 4282 4285 4286
4 4282 4284 4287 4285
4 4281 1524 1526 4284
4 4284 1526 1528 4287
4 4286 4285 4288 4289
4 4285 4287 4290 4288
4 4289 4288 4291 4292
4 4288 4290 4293 4291
4 4287 1528 1530 4290
4 4290 1530 1532 4293
4 4292 4291 4294 4295
4 4291 4293 4296 4294
4 4295 4294 4297 4298
4 4294 4296 4299 4297
4 4293 1532 1534 4296
4 4296 1534 1536 4299
4 4298 4297 4300 4301
4 4297 4299 4302 4300
4 4301 4300 4303 4304
4 4300 4302 4305 4303
4 4299 1536 1538 4302
4 4302 1538 1540 4305
4 4304 4303 4306 4307
4 4303 4305 4308 4306
4 4307 4306 4309 4310
4 4306 4308 4311 4309
4 4305 1540 1542 4308
4 4308 1542 1544 4311
4 4310 4309 4312 4313
4 4309 4311 4314 4312
4 4313 4312 4315 4316
4 4312 4314 4317 4315
4 4311 1544 1546 4314
4 4314 1546 1548 4317
4 4316 4315 4318 4319
4 4315 4317 4320 4318
4 4319 4318 4321 4322
4 4318 4320 4323 4321
4 4317 1548 1550 4320
4 4320 1550 1552 4323
4 4322 4321 4324 4325
4 4321 4323 4326 4324
4 4325 4324 4327 4328
4 4324 4326 4329 4327
4 4323 1552 1554 4326
4 4326 1554 1556 4329
4 4328 4327 4330 4331
4 4327 4329 4332 4330
4 4331 4330 4333 4334
4 4330 4332 4335 4333
4 4329 1556 1558 4332
4 4332 1558 1560 4335
4 4334 4333 4336 4337
4 4333 4335 4338 4336
4 4337 4336 4339 4340
4 4336 4338 4341 4339
4 4335 1560 1562 4338
4 4338 1562 1564 4341
4 4340 4339 4342 4343
4 4339 4341 4344 4342
4 4343 4342 4345 4346
4 4342 4344 4347 4345
4 4341 1564 1566 4344
4 4344 1566 1568 4347
4 4346 4345 4348 4349
4 4345 4347 4350 4348
4 4349 4348 4351 4352
4 4348 4350 4353 4351
4 4347 1568 1570 4350
4 4350 1570 1572 4353
4 4352 4351 4354 4355
4 4351 4353 4356 4354
4 4355 4354 4357 4358
4 4354 4356 4359 4357
4 4353 1572 1574 4356
4 4356 1574 1576 4359
4 4358 4357 4360 4361
4 4357 4359 4362 4360
4 4361 4360 4363 4364
4 4360 4362 4365 4363
4 4359 1576 1578 4362
4 4362 1578 1580 4365
4 4364 4363 4366 4367
4 4363 4365 4368 4366
4 4367 4366 4369 4370
4 4366 4368 4371 4369
4 4365 1580 1582 4368
4 4368 1582 1584 4371
4 4370 4369 4372 4373
4 4369 4371 4374 4372
4 4373 4372 4375 4376
4 4372 4374 4377 4375
4 4371 1584 1586 4374
4 4374 1586 1588 4377
4 4376 4375 4378 4379
4 4375 4377 4380 4378
4 4379 4378 4381 4382
4 4378 4380 4383 4381
4 4377 1588 1590 4380
4 4380 1590 1592 4383
4 4382 4381 4384 4385
4 4381 4383 4386 4384
4 4385 4384 4387 4388
4 4384 4386 4389 4387
4 4383 1592 1594 4386
4 4386 1594 1596 4389
4 4388 4387 4390 4391
4 4387 4389 4392 4390
4 4391 4390 4393 4394
4 4390 4392 4395 4393
4 4389 1596 1598 4392
4 4392 1598 1600 4395
4 4394 4393 4396 4397
4 4393 4395 4398 4396
4 4397 4396 4399 4400
4 4396 4398 4401 4399
4 4395 1600 1602 4398
4 4398 1602 1604 4401
4 4400 4399 4402 4403
4 4399 4401 4404 4402
4 4403 4402 4405 4406
4 4402 4404 4407 4405
4 4401 1604 1606 4404
4 4404 1606 1608 4407
4 4406 4405 4408 4409
4 4405 4407 4410 4408
4 4409 4408 4411 4412
4 4408 4410 4413 4411
4 4407 1608 1610 4410
4 4410 1610 1612 4413
4 4412 4411 4414 4415
4 4411 4413 4416 4414
4 4415 4414 4417 4418
4 4414 4416 4419 4417
4 4413 1612 1614 4416
4 4416 1614 1616 4419
4 4418 4417 4420 4421
4 4417 4419 4422 4420
4 4421 4420 4423 4424
4 4420 4422 4425 4423
4 4419 1616 1618 4422
4 4422 1618 1620 4425
4 4424 4423 4426 4427
4 4423 4425 4428 4426
4 4427 4426 4429 4430
4 4426 4428 4431 4429
4 4425 1620 1622 4428
4 4428 1622 1624 4431
4 4430 4429 4432 4433
4 4429 4431 4434 4432
4 4433 4432 4435 4436
4 4432 4434 4437 4435
4 4431 1624 1626 4434
4 4434 1626 1628 4437
4 4436 4435 4438 4439
4 4435 4437 4440 4438
4 4439 4438 4441 4442
4 4438 4440 4443 4441
4 4437 1628 1630 4440
4 4440 1630 1632 4443
4 4442 4441 4444 4445
4 4441 4443 4446 4444
4 4445 4444 4447 4448
4 4444 4446 4449 4447
4 4443 1632 1634 4446
4 4446 1634 1636 4449
4 4448 4447 4450 4451
4 4447 4449 4452 4450
4 4451 4450 4453 4454
4 4450 4452 4455 4453
4 4449 1636 1638 4452
4 4452 1638 1640 4455
4 4454 4453 4456 4457
4 4453 4455 4458 4456
4 4457 4456 4459 4460
4 4456 4458 4461 4459
4 4455 1640 1642 4458
4 4458 1642 1644 4461
4 4460 4459 4462 4463
4 4459 4461 4464 4462
4 4463 4462 4465 4466
4 4462 4464 4467 4465
4 4461 1644 1646 4464
4 4464 1646 1648 4467
4 4466 4465 4468 4469
4 4465 4467 4470 4468
4 4469 4468 4471 4472
4 4468 4470 4473 4471
4 4467 1648 1650 4470
4 4470 1650 1652 4473
4 4472 4471 4474 4475
4 4471 4473 4476 4474
4 4475 4474 4477 4478
4 4474 4476 4479 4477
4 4473 1652 1654 4476
4 4476 1654 1656 4479
4 4478 4477 4480 4481
4 4477 4479 4482 4480
4 4481 4480 4483 4484
4 4480 4482 4485 4483
4 4479 1656 1658 4482
4 4482 1658 1660 4485
4 4484 4483 4486 4487
4 4483 4485 4488 4486
4 4487 4486 4489 4490
4 4486 4488 4491 4489
4 4485 1660 1662 4488
4 4488 1662 1664 4491
4 4490 4489 4492 4493
4 4489 4491 4494 4492
4 4493 4492 4495 4496
4 4492 4494 4497 4495
4 4491 1664 1666 4494
4 4494 1666 1668 4497
4 4496 4495 4498 4499
4 4495 4497 4500 4498
4 4499 4498 4501 4502
4 4498 4500 4503 4501
4 4497 1668 1670 4500
4 4500 1670 1672 4503
4 4502 4501 4504 4505
4 4501 4503 4506 4504
4 4505 4504 4507 4508
4 4504 4506 4509 4507
4 4503 1672 1674 4506
4 4506 1674 1676 4509
4 4508 4507 4510 4511
4 4507 4509 4512 4510
4 4511 4510 4513 4514
4 4510 4512 4515 4513
4 4509 1676 1678 4512
4 4512 1678 1680 4515
4 4514 4513 4516 4517
4 4513 4515 4518 4516
4 4517 4516 4519 4520
4 4516 4518 4521 4519
4 4515 1680 1682 4518
4 4518 1682 1684 4521
4 4520 4519 4522 4523
4 4519 4521 4524 4522
4 4523 4522 4525 4526
4 4522 4524 4527 4525
4 4521 1684 1686 4524
4 4524 1686 1688 4527
4 4526 4525 4528 4529
4 4525 4527 4530 4528
4 4529 4528 4531 4532
4 4528 4530 4533 4531
4 4527 1688 1690 4530
4 4530 1690 1692 4533
4 4532 4531 4534 4535
4 4531 4533 4536 4534
4 4535 4534 4537 4538
4 4534 4536 4539 4537
4 4533 1692 1694 4536
4 4536 1694 1696 4539
4 4538 4537 4540 4541
4 4537 4539 4542 4540
4 4541 4540 4543 4544
4 4540 4542 4545 4543
4 4539 1696 1698 4542
4 4542 1698 1700 4545
4 4544 4543 4546 4547
4 4543 4545 4548 4546
4 4547 4546 4549 4550
4 4546 4548 4551 4549
4 4545 1700 1702 4548
4 4548 1702 1704 4551
4 4550 4549 4552 4553
4 4549 4551 4554 4552
4 4553 4552 4555 4556
4 4552 4554 4557 4555
4 4551 1704 1706 4554
4 4554 1706 1708 4557
4 4556 4555 4558 4559
4 4555 4557 4560 4558
4 4559 4558 4561 4562
4 4558 4560 4563 4561
4 4557 1708 1710 4560
4 4560 1710 1712 4563
4 4562 4561 4564 4565
4 4561 4563 4566 4564
4 4565 4564 4567 4568
4 4564 4566 4569 4567
4 4563 1712 1714 4566
4 4566 1714 1716 4569
4 4568 4567 4570 4571
4 4567 4569 4572 4570
4 4571 4570 4573 4574
4 4570 4572 4575 4573
4 4569 1716 1718 4572
4 4572 1718 1720 4575
4 4574 4573 4576 4577
4 4573 4575 4578 4576
4 4577 4576 4579 4580
4 4576 4578 4581 4579
4 4575 1720 1722 4578
4 4578 1722 1724 4581
4 4580 4579 4582 4583
4 4579 4581 4584 4582
4 4583 4582 4585 4586
4 4582 4584 4587 4585
4 4581 1724 1726 4584
4 4584 1726 1728 4587
4 4586 4585 4588 4589
4 4585 4587 4590 4588
4 4589 4588 4591 4592
4 4588 4590 4593 4591
4 4587 1728 1730 4590
4 4590 1730 1732 4593
4 4592 4591 4594 4595
4 4591 4593 4596 4594
4 4595 4594 4597 4598
4 4594 4596 4599 4597
4 4593 1732 1734 4596
4 4596 1734 1736 4599
4 4598 4597 4600 4601
4 4597 4599 4602 4600
4 4601 4600 4603 4604
4 4600 4602 4605 4603
4 4599 1736 1738 4602
4 4602 1738 1740 4605
4 4604 4603 4606 4607
4 4603 4605 4608 4606
4 4607 4606 4609 4610
4 4606 4608 4611 4609
4 4605 1740 1742 4608
4 4608 1742 1744 4611
4 4610 4609 4612 4613
4 4609 4611 4614 4612
4 4613 4612 4615 4616
4 4612 4614 4617 4615
4 4611 1744 1746 4614
4 4614 1746 1748 4617
4 4616 4615 4618 4619
4 4615 4617 4620 4618
4 4619 4618 4621 4622
4 4618 4620 4623 4621
4 4617 1748 1750 4620
4 4620 1750 1752 4623
4 4622 4621 4624 4625
4 4621 4623 4626 4624
4 4625 4624 4627 4628
4 4624 4626 4629 4627
4 4623 1752 1754 4626
4 4626 1754 1756 4629
4 4628 4627 4630 4631
4 4627 4629 4632 4630
4 4631 4630 4633 4634
4 4630 4632 4635 4633
4 4629 1756 1758 4632
4 4632 1758 1760 4635
4 4634 4633 4636 4637
4 4633 4635 4638 4636
4 4637 4636 4639 4640
4 4636 4638 4641 4639
4 4635 1760 1762 4638
4 4638 1762 1764 4641
4 4640 4639 4642 4643
4 4639 4641 4644 4642
4 4643 4642 4645 4646
4 4642 4644 4647 4645
4 4641 1764 1766 4644
4 4644 1766 1768 4647
4 4646 4645 4648 4649
4 4645 4647 4650 4648
4 4649 4648 4651 4652
4 4648 4650 4653 4651
4 4647 1768 1770 4650
4 4650 1770 1772 4653
4 4652 4651 4654 4655
4 4651 4653 4656 4654
4 4655 4654 4657 4658
4 4654 4656 4659 4657
4 4653 1772 1774 4656
4 4656 1774 1776 4659
4 4658 4657 4660 4661
4 4657 4659 4662 4660
4 4661 4660 4663 4664
4 4660 4662 4665 4663
4 4659 1776 1778 4662
4 4662 1778 1780 4665
4 4664 4663 4666 4667
4 4663 4665 4668 4666
4 4667 4666 4669 4670
4 4666 4668 4671 4669
4 4665 1780 1782 4668
4 4668 1782 1784 4671
4 4670 4669 4672 4673
4 4669 4671 4674 4672
4 4673 4672 4675 4676
4 4672 4674 4677 4675
4 4671 1784 1786 4674
4 4674 1786 1788 4677
4 4676 4675 4678 4679
4 4675 4677 4680 4678
4 4679 4678 4681 4682
4 4678 4680 4683 4681
4 4677 1788 1790 4680
4 4680 1790 1792 4683
4 4682 4681 4684 4685
4 4681 4683 4686 4684
4 4685 4684 4687 4688
4 4684 4686 4689 4687
4 4683 1792 1794 4686
4 4686 1794 1796 4689
4 4688 4687 4690 4691
4 4687 4689 4692 4690
4 4691 4690 4693 4694
4 4690 4692 4695 4693
4 4689 1796 1798 4692
4 4692 1798 1800 4695
4 4694 4693 4696 4697
4 4693 4695 4698 4696
4 4697 4696 4699 4700
4 4696 4698 4701 4699
4 4695 1800 1802 4698
4 4698 1802 1804 4701
4 4700 4699 4702 4703
4 4699 4701 4704 4702
4 4703 4702 4705 4706
4 4702 4704 4707 4705
4 4701 1804 1806 4704
4 4704 1806 1808 4707
4 4706 4705 4708 4709
4 4705 4707 4710 4708
4 4709 4708 4711 4712
4 4708 4710 4713 4711
4 4707 1808 1810 4710
4 4710 1810 1812 4713
4 4712 4711 4714 4715
4 4711 4713 4716 4714
4 4715 4714 4717 4718
4 4714 4716 4719 4717
4 4713 1812 1814 4716
4 4716 1814 1816 4719
4 4718 4717 4720 4721
4 4717 4719 4722 4720
4 4721 4720 4723 4724
4 4720 4722 4725 4723
4 4719 1816 1818 4722
4 4722 1818 1820 4725
4 4724 4723 4726 4727
4 4723 4725 4728 4726
4 4727 4726 4729 4730
4 4726 4728 4731 4729
4 4725 1820 1822 4728
4 4728 1822 1824 4731
4 4730 4729 4732 4733
4 4729 4731 4734 4732
4 4733 4732 4735 4736
4 4732 4734 4737 4735
4 4731 1824 1826 4734
4 4734 1826 1828 4737
4 4736 4735 4738 4739
4 4735 4737 4740 4738
4 4739 4738 4741 4742
4 4738 4740 4743 4741
4 4737 1828 1830 4740
4 4740 1830 1832 4743
4 4742 4741 4744 4745
4 4741 4743 4746 4744
4 4745 4744 4747 4748
4 4744 4746 4749 4747
4 4743 1832 1834 4746
4 4746 1834 1836 4749
4 4748 4747 4750 4751
4 4747 4749 4752 4750
4 4751 4750 4753 4754
4 4750 4752 4755 4753
4 4749 1836 1838 4752
4 4752 1838 1840 4755
4 4754 4753 4756 4757
4 4753 4755 4758 4756
4 4757 4756 4759 4760
4 4756 4758 4761 4759
4 4755 1840 1842 4758
4 4758 1842 1844 4761
4 4760 4759 4762 4763
4 4759 4761 4764 4762
4 4763 4762 4765 4766
4 4762 4764 4767 4765
4 4761 1844 1846 4764
4 4764 1846 1848 4767
4 4766 4765 4768 4769
4 4765 4767 4770 4768
4 4769 4768 4771 4772
4 4768 4770 4773 4771
4 4767 1848 1850 4770
4 4770 1850 1852 4773
4 3924 4774 4775 3925
4 4774 4776 4777 4775
4 3925 4775 4778 3927
4 4775 4777 4779 4778
4 4776 4780 4781 4777
4 4780 4782 4783 4781
4 4777 4781 4784 4779
4 4781 4783 4785 4784
4 3927 4778 1853 1277
4 4778 4779 1855 1853
4 4779 4784 1857 1855
4 4784 4785 1859 1857
4 4782 4786 4787 4783
4 4786 4788 4789 4787
4 4783 4787 4790 4785
4 4787 4789 4791 4790
4 4788 4792 4793 4789
4 4792 4794 4795 4793
4 4789 4793 4796 4791
4 4793 4795 4797 4796
4 4785 4790 1861 1859
4 4790 4791 1863 1861
4 4791 4796 1865 1863
4 4796 4797 1867 1865
4 4794 4798 4799 4795
4 4798 4800 4801 4799
4 4795 4799 4802 4797
4 4799 4801 4803 4802
4 4800 4804 4805 4801
4 4804 4806 4807 4805
4 4801 4805 4808 4803
4 4805 4807 4809 4808
4 4797 4802 1869 1867
4 4802 4803 1871 1869
4 4803 4808 1873 1871
4 4808 4809 1875 1873
4 4806 4810 4811 4807
4 4810 4812 4813 4811
4 4807 4811 4814 4809
4 4811 4813 4815 4814
4 4812 4816 4817 4813
4 4816 4818 4819 4817
4 4813 4817 4820 4815
4 4817 4819 4821 4820
4 4809 4814 1877 1875
4 4814 4815 1879 1877
4 4815 4820 1881 1879
4 4820 4821 1883 1881
4 4818 4822 4823 4819
4 4822 4824 4825 4823
4 4819 4823 4826 4821
4 4823 4825 4827 4826
4 4824 4828 4829 4825
4 4828 4830 4831 4829
4 4825 4829 4832 4827
4 4829 4831 4833 4832
4 4821 4826 1885 1883
4 4826 4827 1887 1885
4 4827 4832 1889 1887
4 4832 4833 1891 1889
4 4830 4834 4835 4831
4 4834 4836 4837 4835
4 4831 4835 4838 4833
4 4835 4837 4839 4838
4 4836 4840 4841 4837
4 4840 4842 4843 4841
4 4837 4841 4844 4839
4 4841 4843 4845 4844
4 4833 4838 1893 1891
4 4838 4839 1895 1893
4 4839 4844 1897 1895
4 4844 4845 1899 1897
4 4842 4846 4847 4843
4 4846 4848 4849 4847
4 4843 4847 4850 4845
4 4847 4849 4851 4850
4 4848 4852 4853 4849
4 4852 4854 4855 4853
4 4849 4853 4856 4851
4 4853 4855 4857 4856
4 4845 4850 1901 1899
4 4850 4851 1903 1901
4 4851 4856 1905 1903
4 4856 4857 1907 1905
4 4854 4858 4859 4855
4 4858 4860 4861 4859
4 4855 4859 4862 4857
4 4859 4861 4863 4862
4 4860 4864 4865 4861
4 4864 4866 4867 4865
4 4861 4865 4868 4863
4 4865 4867 4869 4868
4 4857 4862 1909 1907
4 4862 4863 1911 1909
4 4863 4868 1913 1911
4 4868 4869 1915 1913
4 4772 4771 4870 4871
4 4771 4773 4872 4870
4 4871 4870 4873 4874
4 4870 4872 4875 4873
4 4773 1852 1918 4872
4 4872 1918 1920 4875
4 4874 4873 4876 4877
4 4873 4875 4878 4876
4 4877 4876 4879 4880
4 4876 4878 4881 4879
4 4875 1920 1922 4878
4 4878 1922 1924 4881
4 4880 4879 4882 4883
4 4879 4881 4884 4882
4 4883 4882 4885 4886
4 4882 4884 4887 4885
4 4881 1924 1926 4884
4 4884 1926 1928 4887
4 4886 4885 4888 4889
4 4885 4887 4890 4888
4 4889 4888 4891 4892
4 4888 4890 4893 4891
4 4887 1928 1930 4890
4 4890 1930 1932 4893
4 4892 4891 4894 4895
4 4891 4893 4896 4894
4 4895 4894 4897 4898
4 4894 4896 4899 4897
4 4893 1932 1934 4896
4 4896 1934 1936 4899
4 4898 4897 4900 4901
4 4897 4899 4902 4900
4 4901 4900 4903 4904
4 4900 4902 4905 4903
4 4899 1936 1938 4902
4 4902 1938 1940 4905
4 4904 4903 4906 4907
4 4903 4905 4908 4906
4 4907 4906 4909 4910
4 4906 4908 4911 4909
4 4905 1940 1942 4908
4 4908 1942 1944 4911
4 4910 4909 4912 4913
4 4909 4911 4914 4912
4 4913 4912 4915 4916
4 4912 4914 4917 4915
4 4911 1944 1946 4914
4 4914 1946 1948 4917
4 4866 4918 4919 4867
4 4918 4920 4921 4919
4 4867 4919 4922 4869
4 4919 4921 4923 4922
4 4920 4924 4925 4921
4 4924 4926 4927 4925
4 4921 4925 4928 4923
4 4925 4927 4929 4928
4 4869 4922 1949 1915
4 4922 4923 1951 1949
4 4923 4928 1953 1951
4 4928 4929 1955 1953
4 4926 4930 4931 4927
4 4930 4932 4933 4931
4 4927 4931 4934 4929
4 4931 4933 4935 4934
4 4932 4936 4937 4933
4 4936 4938 4939 4937
4 4933 4937 4940 4935
4 4937 4939 4941 4940
4 4929 4934 1957 1955
4 4934 4935 1959 1957
4 4935 4940 1961 1959
4 4940 4941 1963 1961
4 4938 4942 4943 4939
4 4942 4944 4945 4943
4 4939 4943 4946 4941
4 4943 4945 4947 4946
4 4944 4948 4949 4945
4 4948 4950 4951 4949
4 4945 4949 4952 4947
4 4949 4951 4953 4952
4 4941 4946 1965 1963
4 4946 4947 1967 1965
4 4947 4952 1969 1967
4 4952 4953 1971 1969
4 4950 4954 4955 4951
4 4954 4956 4957 4955
4 4951 4955 4958 4953
4 4955 4957 4959 4958
4 4956 4960 4961 4957
4 4960 4962 4963 4961
4 4957 4961 4964 4959
4 4961 4963 4965 4964
4 4953 4958 1973 1971
4 4958 4959 1975 1973
4 4959 4964 1977 1975
4 4964 4965 1979 1977
4 4916 4915 4966 4967
4 4915 4917 4968 4966
4 4967 4966 4969 4970
4 4966 4968 4971 4969
4 4917 1948 1982 4968
4 4968 1982 1984 4971
4 4970 4969 4972 4973
4 4969 4971 4974 4972
4 4973 4972 4975 4976
4 4972 4974 4977 4975
4 4971 1984 1986 4974
4 4974 1986 1988 4977
4 4976 4975 4978 4979
4 4975 4977 4980 4978
4 4979 4978 4981 4982
4 4978 4980 4983 4981
4 4977 1988 1990 4980
4 4980 1990 1992 4983
4 4982 4981 4984 4985
4 4981 4983 4986 4984
4 4985 4984 4987 4988
4 4984 4986 4989 4987
4 4983 1992 1994 4986
4 4986 1994 1996 4989
4 4962 4990 4991 4963
4 4990 4992 4993 4991
4 4963 4991 4994 4965
4 4991 4993 4995 4994
4 4992 4996 4997 4993
4 4996 4998 4999 4997
4 4993 4997 5000 4995
4 4997 4999 5001 5000
4 4965 4994 1997 1979
4 4994 4995 1999 1997
4 4995 5000 2001 1999
4 5000 5001 2003 2001
4 4998 5002 5003 4999
4 5002 5004 5005 5003
4 4999 5003 5006 5001
4 5003 5005 5007 5006
4 5004 5008 5009 5005
4 5008 5010 5011 5009
4 5005 5009 5012 5007
4 5009 5011 5013 5012
4 5001 5006 2005 2003
4 5006 5007 2007 2005
4 5007 5012 2009 2007
4 5012 5013 2011 2009
4 4988 4987 5014 5015
4 4987 4989 5016 5014
4 5015 5014 5017 5018
4 5014 5016 5019 5017
4 4989 1996 2014 5016
4 5016 2014 2016 5019
4 5018 5017 5020 5021
4 5017 5019 5022 5020
4 5021 5020 5023 5024
4 5020 5022 5025 5023
4 5019 2016 2018 5022
4 5022 2018 2020 5025
4 5010 5026 5027 5011
4 5026 5028 5029 5027
4 5011 5027 5030 5013
4 5027 5029 5031 5030
4 5028 5032 5033 5029
4 5032 5024 5034 5033
4 5029 5033 5035 5031
4 5033 5034 5036 5035
4 5013 5030 2021 2011
4 5030 5031 2023 2021
4 5031 5035 2025 2023
4 5035 5036 2027 2025
4 5024 5023 5037 5034
4 5023 5025 5038 5037
4 5034 5037 5039 5036
4 5037 5038 5040 5039
4 5025 2020 2030 5038
4 5038 2030 2032 5040
4 5036 5039 2033 2027
4 5039 5040 2035 2033
4 5040 2032 2038 2035
10 2049 2056 2057 2060 2061 5041 2073 2071 2067 2065
7 2061 2080 2081 2084 2085 5042 5041
7 2085 2092 2093 2096 2097 5043 5042
7 2073 5041 5044 2109 2107 2103 2101
7 2109 5044 5045 2121 2119 2115 2113
4 5041 5042 5046 5044
4 5042 5043 5047 5046
4 5044 5046 5048 5045
4 5046 5047 5049 5048
7 2097 2128 2129 2132 2133 5050 5043
7 2133 2140 2141 2144 2145 5051 5050
7 2145 2152 2153 2156 2157 5052 5051
7 2157 2164 2165 2168 2169 5053 5052
4 5043 5050 5054 5047
4 5050 5051 5055 5054
4 5047 5054 5056 5049
4 5054 5055 5057 5056
4 5051 5052 5058 5055
4 5052 5053 5059 5058
4 5055 5058 5060 5057
4 5058 5059 5061 5060
7 2121 5045 5062 2181 2179 2175 2173
7 2181 5062 5063 2193 2191 2187 2185
4 5045 5048 5064 5062
4 5048 5049 5065 5064
4 5062 5064 5066 5063
4 5064 5065 5067 5066
7 2193 5063 5068 2205 2203 2199 2197
7 2205 5068 5069 2217 2215 2211 2209
4 5063 5066 5070 5068
4 5066 5067 5071 5070
4 5068 5070 5072 5069
4 5070 5071 5073 5072
7 2169 2224 2225 2228 2229 5074 5053
7 2229 2236 2237 2240 2241 5075 5074
7 2241 2248 2249 2252 2253 5076 5075
7 2253 2260 2261 2264 2265 5077 5076
4 5053 5074 5078 5059
4 5074 5075 5079 5078
4 5059 5078 5080 5061
4 5078 5079 5081 5080
4 5075 5076 5082 5079
4 5076 5077 5083 5082
4 5079 5082 5084 5081
4 5082 5083 5085 5084
7 2265 2272 2273 2276 2277 5086 5077
7 2277 2284 2285 2288 2289 5087 5086
7 2289 2296 2297 2300 2301 5088 5087
7 2301 2308 2309 2312 2313 5089 5088
4 5077 5086 5090 5083
4 5086 5087 5091 5090
4 5083 5090 5092 5085
4 5090 5091 5093 5092
4 5087 5088 5094 5091
4 5088 5089 5095 5094
4 5091 5094 5096 5093
4 5094 5095 5097 5096
7 2217 5069 5098 2325 2323 2319 2317
7 2325 5098 5099 2337 2335 2331 2329
4 5069 5072 5100 5098
4 5072 5073 5101 5100
4 5098 5100 5102 5099
4 5100 5101 5103 5102
7 2337 5099 5104 2349 2347 2343 2341
7 2349 5104 5105 2361 2359 2355 2353
4 5099 5102 5106 5104
4 5102 5103 5107 5106
4 5104 5106 5108 5105
4 5106 5107 5109 5108
7 2361 5105 5110 2373 2371 2367 2365
7 2373 5110 5111 2385 2383 2379 2377
4 5105 5108 5112 5110
4 5108 5109 5113 5112
4 5110 5112 5114 5111
4 5112 5113 5115 5114
7 2385 5111 5116 2397 2395 2391 2389
7 2397 5116 5117 2409 2407 2403 2401
4 5111 5114 5118 5116
4 5114 5115 5119 5118
4 5116 5118 5120 5117
4 5118 5119 5121 5120
7 2409 5117 5122 2421 2419 2415 2413
7 2421 5122 5123 2433 2431 2427 2425
4 5117 5120 5124 5122
4 5120 5121 5125 5124
4 5122 5124 5126 5123
4 5124 5125 5127 5126
7 2433 5123 5128 2445 2443 2439 2437
7 2445 5128 5129 2457 2455 2451 2449
4 5123 5126 5130 5128
4 5126 5127 5131 5130
4 5128 5130 5132 5129
4 5130 5131 5133 5132
7 2457 5129 5134 2469 2467 2463 2461
7 2469 5134 5135 2481 2479 2475 2473
4 5129 5132 5136 5134
4 5132 5133 5137 5136
4 5134 5136 5138 5135
4 5136 5137 5139 5138
7 2481 5135 5140 2493 2491 2487 2485
7 2493 5140 5141 2505 2503 2499 2497
4 5135 5138 5142 5140
4 5138 5139 5143 5142
4 5140 5142 5144 5141
4 5142 5143 5145 5144
7 2505 5141 5146 2517 2515 2511 2509
7 2517 5146 5147 2529 2527 2523 2521
4 5141 5144 5148 5146
4 5144 5145 5149 5148
4 5146 5148 5150 5147
4 5148 5149 5151 5150
7 2529 5147 5152 2541 2539 2535 2533
7 2541 5152 5153 2553 2551 2547 2545
4 5147 5150 5154 5152
4 5150 5151 5155 5154
4 5152 5154 5156 5153
4 5154 5155 5157 5156
7 2553 5153 5158 2565 2563 2559 2557
7 2565 5158 5159 2577 2575 2571 2569
4 5153 5156 5160 5158
4 5156 5157 5161 5160
4 5158 5160 5162 5159
4 5160 5161 5163 5162
7 2577 5159 5164 2589 2587 2583 2581
7 2589 5164 5165 2601 2599 2595 2593
4 5159 5162 5166 5164
4 5162 5163 5167 5166
4 5164 5166 5168 5165
4 5166 5167 5169 5168
7 2601 5165 5170 2613 2611 2607 2605
7 2613 5170 5171 2625 2623 2619 2617
4 5165 5168 5172 5170
4 5168 5169 5173 5172
4 5170 5172 5174 5171
4 5172 5173 5175 5174
7 2625 5171 5176 2637 2635 2631 2629
7 2637 5176 5177 2649 2647 2643 2641
4 5171 5174 5178 5176
4 5174 5175 5179 5178
4 5176 5178 5180 5177
4 5178 5179 5181 5180
7 2649 5177 5182 2661 2659 2655 2653
7 2661 5182 5183 2673 2671 2667 2665
4 5177 5180 5184 5182
4 5180 5181 5185 5184
4 5182 5184 5186 5183
4 5184 5185 5187 5186
7 2673 5183 5188 2685 2683 2679 2677
7 2685 5188 5189 2697 2695 2691 2689
4 5183 5186 5190 5188
4 5186 5187 5191 5190
4 5188 5190 5192 5189
4 5190 5191 5193 5192
7 2697 5189 5194 2709 2707 2703 2701
7 2709 5194 5195 2721 2719 2715 2713
4 5189 5192 5196 5194
4 5192 5193 5197 5196
4 5194 5196 5198 5195
4 5196 5197 5199 5198
7 2721 5195 5200 2733 2731 2727 2725
7 2733 5200 5201 2745 2743 2739 2737
4 5195 5198 5202 5200
4 5198 5199 5203 5202
4 5200 5202 5204 5201
4 5202 5203 5205 5204
7 2745 5201 5206 2757 2755 2751 2749
7 2757 5206 5207 2769 2767 2763 2761
4 5201 5204 5208 5206
4 5204 5205 5209 5208
4 5206 5208 5210 5207
4 5208 5209 5211 5210
7 2769 5207 5212 2781 2779 2775 2773
7 2781 5212 5213 2793 2791 2787 2785
4 5207 5210 5214 5212
4 5210 5211 5215 5214
4 5212 5214 5216 5213
4 5214 5215 5217 5216
7 2793 5213 5218 2805 2803 2799 2797
7 2805 5218 5219 2817 2815 2811 2809
4 5213 5216 5220 5218
4 5216 5217 5221 5220
4 5218 5220 5222 5219
4 5220 5221 5223 5222
7 2817 5219 5224 2829 2827 2823 2821
7 2829 5224 5225 2841 2839 2835 2833
4 5219 5222 5226 5224
4 5222 5223 5227 5226
4 5224 5226 5228 5225
4 5226 5227 5229 5228
7 2841 5225 5230 2853 2851 2847 2845
7 2853 5230 5231 2865 2863 2859 2857
4 5225 5228 5232 5230
4 5228 5229 5233 5232
4 5230 5232 5234 5231
4 5232 5233 5235 5234
7 2865 5231 5236 2877 2875 2871 2869
7 2877 5236 5237 2889 2887 2883 2881
4 5231 5234 5238 5236
4 5234 5235 5239 5238
4 5236 5238 5240 5237
4 5238 5239 5241 5240
7 2889 5237 5242 2901 2899 2895 2893
7 2901 5242 5243 2913 2911 2907 2905
4 5237 5240 5244 5242
4 5240 5241 5245 5244
4 5242 5244 5246 5243
4 5244 5245 5247 5246
7 2913 5243 5248 2925 2923 2919 2917
7 2925 5248 5249 2937 2935 2931 2929
4 5243 5246 5250 5248
4 5246 5247 5251 5250
4 5248 5250 5252 5249
4 5250 5251 5253 5252
7 2937 5249 5254 2949 2947 2943 2941
7 2949 5254 5255 2961 2959 2955 2953
4 5249 5252 5256 5254
4 5252 5253 5257 5256
4 5254 5256 5258 5255
4 5256 5257 5259 5258
10 2961 5255 2988 2986 2982 2980 2973 2971 2967 2965
7 5255 5258 3000 2998 2994 2992 2988
7 5258 5259 3012 3010 3006 3004 3000
4 5253 5260 5261 5257
4 5260 5262 5263 5261
4 5257 5261 5264 5259
4 5261 5263 5265 5264
4 5262 5266 5267 5263
4 5266 5268 5269 5267
4 5263 5267 5270 5265
4 5267 5269 5271 5270
7 5259 5264 3024 3022 3018 3016 3012
7 5264 5265 3036 3034 3030 3028 3024
7 5265 5270 3048 3046 3042 3040 3036
7 5270 5271 3060 3058 3054 3052 3048
4 5268 5272 5273 5269
4 5272 5274 5275 5273
4 5269 5273 5276 5271
4 5273 5275 5277 5276
4 5274 5278 5279 5275
4 5278 5280 5281 5279
4 5275 5279 5282 5277
4 5279 5281 5283 5282
7 5271 5276 3072 3070 3066 3064 3060
7 5276 5277 3084 3082 3078 3076 3072
7 5277 5282 3096 3094 3090 3088 3084
7 5282 5283 3108 3106 3102 3100 3096
4 5280 5284 5285 5281
4 5284 5286 5287 5285
4 5281 5285 5288 5283
4 5285 5287 5289 5288
4 5286 5290 5291 5287
4 5290 5292 5293 5291
4 5287 5291 5294 5289
4 5291 5293 5295 5294
7 5283 5288 3120 3118 3114 3112 3108
7 5288 5289 3132 3130 3126 3124 3120
7 5289 5294 3144 3142 3138 3136 3132
7 5294 5295 3156 3154 3150 3148 3144
7 2313 3166 3167 3170 3171 5296 5089
7 3171 3178 3179 3182 3183 5297 5296
7 3183 3190 3191 3194 3195 5298 5297
7 3195 3202 3203 3206 3207 5299 5298
4 5089 5296 5300 5095
4 5296 5297 5301 5300
4 5095 5300 5302 5097
4 5300 5301 5303 5302
4 5297 5298 5304 5301
4 5298 5299 5305 5304
4 5301 5304 5306 5303
4 5304 5305 5307 5306
7 3207 3214 3215 3218 3219 5308 5299
7 3219 3226 3227 3230 3231 5309 5308
7 3231 3238 3239 3242 3243 5310 5309
7 3243 3250 3251 3254 3255 5311 5310
4 5299 5308 5312 5305
4 5308 5309 5313 5312
4 5305 5312 5314 5307
4 5312 5313 5315 5314
4 5309 5310 5316 5313
4 5310 5311 5317 5316
4 5313 5316 5318 5315
4 5316 5317 5319 5318
7 3255 3262 3263 3266 3267 5320 5311
7 3267 3274 3275 3278 3279 5321 5320
7 3279 3286 3287 3290 3291 5322 5321
7 3291 3298 3299 3302 3303 5323 5322
4 5311 5320 5324 5317
4 5320 5321 5325 5324
4 5317 5324 5326 5319
4 5324 5325 5327 5326
4 5321 5322 5328 5325
4 5322 5323 5329 5328
4 5325 5328 5330 5327
4 5328 5329 5331 5330
7 3303 3310 3311 3314 3315 5332 5323
7 3315 3322 3323 3326 3327 5333 5332
7 3327 3334 3335 3338 3339 5334 5333
7 3339 3346 3347 3350 3351 5335 5334
4 5323 5332 5336 5329
4 5332 5333 5337 5336
4 5329 5336 5338 5331
4 5336 5337 5339 5338
4 5333 5334 5340 5337
4 5334 5335 5341 5340
4 5337 5340 5342 5339
4 5340 5341 5343 5342
4 5292 5344 5345 5293
4 5344 5346 5347 5345
4 5293 5345 5348 5295
4 5345 5347 5349 5348
4 5346 5350 5351 5347
4 5350 5352 5353 5351
4 5347 5351 5354 5349
4 5351 5353 5355 5354
7 5295 5348 3360 3358 3354 3352 3156
7 5348 5349 3372 3370 3366 3364 3360
7 5349 5354 3384 3382 3378 3376 3372
7 5354 5355 3396 3394 3390 3388 3384
4 5352 5356 5357 5353
4 5356 5358 5359 5357
4 5353 5357 5360 5355
4 5357 5359 5361 5360
4 5358 5362 5363 5359
4 5362 5364 5365 5363
4 5359 5363 5366 5361
4 5363 5365 5367 5366
7 5355 5360 3408 3406 3402 3400 3396
7 5360 5361 3420 3418 3414 3412 3408
7 5361 5366 3432 3430 3426 3424 3420
7 5366 5367 3444 3442 3438 3436 3432
4 5364 5368 5369 5365
4 5368 5370 5371 5369
4 5365 5369 5372 5367
4 5369 5371 5373 5372
4 5370 5374 5375 5371
4 5374 5376 5377 5375
4 5371 5375 5378 5373
4 5375 5377 5379 5378
7 5367 5372 3456 3454 3450 3448 3444
7 5372 5373 3468 3466 3462 3460 3456
7 5373 5378 3480 3478 3474 3472 3468
7 5378 5379 3492 3490 3486 3484 3480
4 5376 5380 5381 5377
4 5380 5382 5383 5381
4 5377 5381 5384 5379
4 5381 5383 5385 5384
4 5382 5386 5387 5383
4 5386 5388 5389 5387
4 5383 5387 5390 5385
4 5387 5389 5391 5390
7 5379 5384 3504 3502 3498 3496 3492
7 5384 5385 3516 3514 3510 3508 3504
7 5385 5390 3528 3526 3522 3520 3516
7 5390 5391 3540 3538 3534 3532 3528
7 3351 3550 3551 3554 3555 5392 5335
7 3555 3562 3563 3566 3567 5393 5392
7 3567 3574 3575 3578 3579 5394 5393
7 3579 3586 3587 3590 3591 5395 5394
4 5335 5392 5396 5341
4 5392 5393 5397 5396
4 5341 5396 5398 5343
4 5396 5397 5399 5398
4 5393 5394 5400 5397
4 5394 5395 5401 5400
4 5397 5400 5402 5399
4 5400 5401 5403 5402
7 3591 3598 3599 3602 3603 5404 5395
7 3603 3610 3611 3614 3615 5405 5404
7 3615 3622 3623 3626 3627 5406 5405
7 3627 3634 3635 3638 3639 5407 5406
4 5395 5404 5408 5401
4 5404 5405 5409 5408
4 5401 5408 5410 5403
4 5408 5409 5411 5410
4 5405 5406 5412 5409
4 5406 5407 5413 5412
4 5409 5412 5414 5411
4 5412 5413 5415 5414
7 3639 3646 3647 3650 3651 5416 5407
7 3651 3658 3659 3662 3663 5417 5416
7 3663 3670 3671 3674 3675 5418 5417
7 3675 3682 3683 3686 3687 5419 5418
4 5407 5416 5420 5413
4 5416 5417 5421 5420
4 5413 5420 5422 5415
4 5420 5421 5423 5422
4 5417 5418 5424 5421
4 5418 5419 5425 5424
4 5421 5424 5426 5423
4 5424 5425 5427 5426
7 3687 3694 3695 3698 3699 5428 5419
7 3699 3706 3707 3710 3711 5429 5428
7 3711 3718 3719 3722 3723 5430 5429
7 3723 3730 3731 3734 3735 5431 5430
4 5419 5428 5432 5425
4 5428 5429 5433 5432
4 5425 5432 5434 5427
4 5432 5433 5435 5434
4 5429 5430 5436 5433
4 5430 5431 5437 5436
4 5433 5436 5438 5435
4 5436 5437 5439 5438
4 5388 5440 5441 5389
4 5440 5442 5443 5441
4 5389 5441 5444 5391
4 5441 5443 5445 5444
4 5442 5446 5447 5443
4 5446 5448 5449 5447
4 5443 5447 5450 5445
4 5447 5449 5451 5450
7 5391 5444 3744 3742 3738 3736 3540
7 5444 5445 3756 3754 3750 3748 3744
7 5445 5450 3768 3766 3762 3760 3756
7 5450 5451 3780 3778 3774 3772 3768
4 5448 5452 5453 5449
4 5452 5454 5455 5453
4 5449 5453 5456 5451
4 5453 5455 5457 5456
4 5454 5458 5459 5455
4 5458 5460 5461 5459
4 5455 5459 5462 5457
4 5459 5461 5463 5462
7 5451 5456 3792 3790 3786 3784 3780
7 5456 5457 3804 3802 3798 3796 3792
7 5457 5462 3816 3814 3810 3808 3804
7 5462 5463 3828 3826 3822 3820 3816
4 5460 5464 5465 5461
4 5464 5466 5467 5465
4 5461 5465 5468 5463
4 5465 5467 5469 5468
4 5466 5470 5471 5467
4 5470 5472 5473 5471
4 5467 5471 5474 5469
4 5471 5473 5475 5474
7 5463 5468 3840 3838 3834 3832 3828
7 5468 5469 3852 3850 3846 3844 3840
7 5469 5474 3864 3862 3858 3856 3852
7 5474 5475 3876 3874 3870 3868 3864
4 5472 5476 5477 5473
4 5476 5478 5479 5477
4 5473 5477 5480 5475
4 5477 5479 5481 5480
4 5478 5482 5483 5479
4 5482 5484 5485 5483
4 5479 5483 5486 5481
4 5483 5485 5487 5486
7 5475 5480 3888 3886 3882 3880 3876
7 5480 5481 3900 3898 3894 3892 3888
7 5481 5486 3912 3910 3906 3904 3900
7 5486 5487 3924 3922 3918 3916 3912
7 3735 3934 3935 3938 3939 5488 5431
7 3939 3946 3947 3950 3951 5489 5488
7 3951 3958 3959 3962 3963 5490 5489
7 3963 3970 3971 3974 3975 5491 5490
4 5431 5488 5492 5437
4 5488 5489 5493 5492
4 5437 5492 5494 5439
4 5492 5493 5495 5494
4 5489 5490 5496 5493
4 5490 5491 5497 5496
4 5493 5496 5498 5495
4 5496 5497 5499 5498
7 3975 3982 3983 3986 3987 5500 5491
7 3987 3994 3995 3998 3999 5501 5500
7 3999 4006 4007 4010 4011 5502 5501
7 4011 4018 4019 4022 4023 5503 5502
4 5491 5500 5504 5497
4 5500 5501 5505 5504
4 5497 5504 5506 5499
4 5504 5505 5507 5506
4 5501 5502 5508 5505
4 5502 5503 5509 5508
4 5505 5508 5510 5507
4 5508 5509 5511 5510
7 4023 4030 4031 4034 4035 5512 5503
7 4035 4042 4043 4046 4047 5513 5512
7 4047 4054 4055 4058 4059 5514 5513
7 4059 4066 4067 4070 4071 5515 5514
4 5503 5512 5516 5509
4 5512 5513 5517 5516
4 5509 5516 5518 5511
4 5516 5517 5519 5518
4 5513 5514 5520 5517
4 5514 5515 5521 5520
4 5517 5520 5522 5519
4 5520 5521 5523 5522
7 4071 4078 4079 4082 4083 5524 5515
7 4083 4090 4091 4094 4095 5525 5524
10 4095 4102 4103 4106 4107 4115 4118 4121 4124 5525
4 5515 5524 5526 5521
4 5524 5525 5527 5526
4 5521 5526 5528 5523
4 5526 5527 5529 5528
7 5525 4124 4127 4130 4133 4136 5527
7 5527 4136 4139 4142 4145 4148 5529
4 5523 5528 5530 5531
4 5528 5529 5532 5530
4 5531 5530 5533 5534
4 5530 5532 5535 5533
7 5529 4148 4151 4154 4157 4160 5532
7 5532 4160 4163 4166 4169 4172 5535
4 5534 5533 5536 5537
4 5533 5535 5538 5536
4 5537 5536 5539 5540
4 5536 5538 5541 5539
7 5535 4172 4175 4178 4181 4184 5538
7 5538 4184 4187 4190 4193 4196 5541
4 5540 5539 5542 5543
4 5539 5541 5544 5542
4 5543 5542 5545 5546
4 5542 5544 5547 5545
7 5541 4196 4199 4202 4205 4208 5544
7 5544 4208 4211 4214 4217 4220 5547
4 5546 5545 5548 5549
4 5545 5547 5550 5548
4 5549 5548 5551 5552
4 5548 5550 5553 5551
7 5547 4220 4223 4226 4229 4232 5550
7 5550 4232 4235 4238 4241 4244 5553
4 5552 5551 5554 5555
4 5551 5553 5556 5554
4 5555 5554 5557 5558
4 5554 5556 5559 5557
7 5553 4244 4247 4250 4253 4256 5556
7 5556 4256 4259 4262 4265 4268 5559
4 5558 5557 5560 5561
4 5557 5559 5562 5560
4 5561 5560 5563 5564
4 5560 5562 5565 5563
7 5559 4268 4271 4274 4277 4280 5562
7 5562 4280 4283 4286 4289 4292 5565
4 5564 5563 5566 5567
4 5563 5565 5568 5566
4 5567 5566 5569 5570
4 5566 5568 5571 5569
7 5565 4292 4295 4298 4301 4304 5568
7 5568 4304 4307 4310 4313 4316 5571
4 5570 5569 5572 5573
4 5569 5571 5574 5572
4 5573 5572 5575 5576
4 5572 5574 5577 5575
7 5571 4316 4319 4322 4325 4328 5574
7 5574 4328 4331 4334 4337 4340 5577
4 5576 5575 5578 5579
4 5575 5577 5580 5578
4 5579 5578 5581 5582
4 5578 5580 5583 5581
7 5577 4340 4343 4346 4349 4352 5580
7 5580 4352 4355 4358 4361 4364 5583
4 5582 5581 5584 5585
4 5581 5583 5586 5584
4 5585 5584 5587 5588
4 5584 5586 5589 5587
7 5583 4364 4367 4370 4373 4376 5586
7 5586 4376 4379 4382 4385 4388 5589
4 5588 5587 5590 5591
4 5587 5589 5592 5590
4 5591 5590 5593 5594
4 5590 5592 5595 5593
7 5589 4388 4391 4394 4397 4400 5592
7 5592 4400 4403 4406 4409 4412 5595
4 5594 5593 5596 5597
4 5593 5595 5598 5596
4 5597 5596 5599 5600
4 5596 5598 5601 5599
7 5595 4412 4415 4418 4421 4424 5598
7 5598 4424 4427 4430 4433 4436 5601
4 5600 5599 5602 5603
4 5599 5601 5604 5602
4 5603 5602 5605 5606
4 5602 5604 5607 5605
7 5601 4436 4439 4442 4445 4448 5604
7 5604 4448 4451 4454 4457 4460 5607
4 5606 5605 5608 5609
4 5605 5607 5610 5608
4 5609 5608 5611 5612
4 5608 5610 5613 5611
7 5607 4460 4463 4466 4469 4472 5610
7 5610 4472 4475 4478 4481 4484 5613
4 5612 5611 5614 5615
4 5611 5613 5616 5614
4 5615 5614 5617 5618
4 5614 5616 5619 5617
7 5613 4484 4487 4490 4493 4496 5616
7 5616 4496 4499 4502 4505 4508 5619
4 5618 5617 5620 5621
4 5617 5619 5622 5620
4 5621 5620 5623 5624
4 5620 5622 5625 5623
7 5619 4508 4511 4514 4517 4520 5622
7 5622 4520 4523 4526 4529 4532 5625
4 5624 5623 5626 5627
4 5623 5625 5628 5626
4 5627 5626 5629 5630
4 5626 5628 5631 5629
7 5625 4532 4535 4538 4541 4544 5628
7 5628 4544 4547 4550 4553 4556 5631
4 5630 5629 5632 5633
4 5629 5631 5634 5632
4 5633 5632 5635 5636
4 5632 5634 5637 5635
7 5631 4556 4559 4562 4565 4568 5634
7 5634 4568 4571 4574 4577 4580 5637
4 5636 5635 5638 5639
4 5635 5637 5640 5638
4 5639 5638 5641 5642
4 5638 5640 5643 5641
7 5637 4580 4583 4586 4589 4592 5640
7 5640 4592 4595 4598 4601 4604 5643
4 5642 5641 5644 5645
4 5641 5643 5646 5644
4 5645 5644 5647 5648
4 5644 5646 5649 5647
7 5643 4604 4607 4610 4613 4616 5646
7 5646 4616 4619 4622 4625 4628 5649
4 5648 5647 5650 5651
4 5647 5649 5652 5650
4 5651 5650 5653 5654
4 5650 5652 5655 5653
7 5649 4628 4631 4634 4637 4640 5652
7 5652 4640 4643 4646 4649 4652 5655
4 5654 5653 5656 5657
4 5653 5655 5658 5656
4 5657 5656 5659 5660
4 5656 5658 5661 5659
7 5655 4652 4655 4658 4661 4664 5658
7 5658 4664 4667 4670 4673 4676 5661
4 5660 5659 5662 5663
4 5659 5661 5664 5662
4 5663 5662 5665 5666
4 5662 5664 5667 5665
7 5661 4676 4679 4682 4685 4688 5664
7 5664 4688 4691 4694 4697 4700 5667
4 5666 5665 5668 5669
4 5665 5667 5670 5668
4 5669 5668 5671 5672
4 5668 5670 5673 5671
7 5667 4700 4703 4706 4709 4712 5670
7 5670 4712 4715 4718 4721 4724 5673
4 5672 5671 5674 5675
4 5671 5673 5676 5674
4 5675 5674 5677 5678
4 5674 5676 5679 5677
7 5673 4724 4727 4730 4733 4736 5676
7 5676 4736 4739 4742 4745 4748 5679
4 5678 5677 5680 5681
4 5677 5679 5682 5680
4 5681 5680 5683 5684
4 5680 5682 5685 5683
7 5679 4748 4751 4754 4757 4760 5682
7 5682 4760 4763 4766 4769 4772 5685
4 5484 5686 5687 5485
4 5686 5688 5689 5687
4 5485 5687 5690 5487
4 5687 5689 5691 5690
4 5688 5692 5693 5689
4 5692 5694 5695 5693
4 5689 5693 5696 5691
4 5693 5695 5697 5696
7 5487 5690 4782 4780 4776 4774 3924
7 5690 5691 4794 4792 4788 4786 4782
7 5691 5696 4806 4804 4800 4798 4794
7 5696 5697 4818 4816 4812 4810 4806
4 5694 5698 5699 5695
4 5698 5700 5701 5699
4 5695 5699 5702 5697
4 5699 5701 5703 5702
4 5700 5704 5705 5701
4 5704 5706 5707 5705
4 5701 5705 5708 5703
4 5705 5707 5709 5708
7 5697 5702 4830 4828 4824 4822 4818
7 5702 5703 4842 4840 4836 4834 4830
7 5703 5708 4854 4852 4848 4846 4842
7 5708 5709 4866 4864 4860 4858 4854
4 5684 5683 5710 5711
4 5683 5685 5712 5710
4 5711 5710 5713 5714
4 5710 5712 5715 5713
7 5685 4772 4871 4874 4877 4880 5712
7 5712 4880 4883 4886 4889 4892 5715
4 5714 5713 5716 5717
4 5713 5715 5718 5716
4 5717 5716 5719 5720
4 5716 5718 5721 5719
7 5715 4892 4895 4898 4901 4904 5718
7 5718 4904 4907 4910 4913 4916 5721
4 5706 5722 5723 5707
4 5722 5724 5725 5723
4 5707 5723 5726 5709
4 5723 5725 5727 5726
4 5724 5728 5729 5725
4 5728 5720 5730 5729
4 5725 5729 5731 5727
4 5729 5730 5732 5731
7 5709 5726 4926 4924 4920 4918 4866
7 5726 5727 4938 4936 4932 4930 4926
7 5727 5731 4950 4948 4944 4942 4938
7 5731 5732 4962 4960 4956 4954 4950
4 5720 5719 5733 5730
4 5719 5721 5734 5733
4 5730 5733 5735 5732
4 5733 5734 5736 5735
7 5721 4916 4967 4970 4973 4976 5734
7 5734 4976 4979 4982 4985 4988 5736
7 5732 5735 4998 4996 4992 4990 4962
7 5735 5736 5010 5008 5004 5002 4998
10 5736 4988 5015 5018 5021 5024 5032 5028 5026 5010
10 5049 5056 5057 5060 5061 5737 5073 5071 5067 5065
7 5061 5080 5081 5084 5085 5738 5737
7 5085 5092 5093 5096 5097 5739 5738
7 5073 5737 5740 5109 5107 5103 5101
7 5109 5740 5741 5121 5119 5115 5113
4 5737 5738 5742 5740
4 5738 5739 5743 5742
4 5740 5742 5744 5741
4 5742 5743 5745 5744
7 5121 5741 5746 5133 5131 5127 5125
7 5133 5746 5747 5145 5143 5139 5137
4 5741 5744 5748 5746
4 5744 5745 5749 5748
4 5746 5748 5750 5747
4 5748 5749 5751 5750
7 5145 5747 5752 5157 5155 5151 5149
7 5157 5752 5753 5169 5167 5163 5161
4 5747 5750 5754 5752
4 5750 5751 5755 5754
4 5752 5754 5756 5753
4 5754 5755 5757 5756
7 5169 5753 5758 5181 5179 5175 5173
7 5181 5758 5759 5193 5191 5187 5185
4 5753 5756 5760 5758
4 5756 5757 5761 5760
4 5758 5760 5762 5759
4 5760 5761 5763 5762
7 5193 5759 5764 5205 5203 5199 5197
7 5205 5764 5765 5217 5215 5211 5209
4 5759 5762 5766 5764
4 5762 5763 5767 5766
4 5764 5766 5768 5765
4 5766 5767 5769 5768
7 5217 5765 5770 5229 5227 5223 5221
7 5229 5770 5771 5241 5239 5235 5233
4 5765 5768 5772 5770
4 5768 5769 5773 5772
4 5770 5772 5774 5771
4 5772 5773 5775 5774
10 5241 5771 5268 5266 5262 5260 5253 5251 5247 5245
7 5771 5774 5280 5278 5274 5272 5268
7 5774 5775 5292 5290 5286 5284 5280
7 5097 5302 5303 5306 5307 5776 5739
7 5307 5314 5315 5318 5319 5777 5776
7 5319 5326 5327 5330 5331 5778 5777
7 5331 5338 5339 5342 5343 5779 5778
4 5739 5776 5780 5743
4 5776 5777 5781 5780
4 5743 5780 5782 5745
4 5780 5781 5783 5782
4 5777 5778 5784 5781
4 5778 5779 5785 5784
4 5781 5784 5786 5783
4 5784 5785 5787 5786
4 5769 5788 5789 5773
4 5788 5790 5791 5789
4 5773 5789 5792 5775
4 5789 5791 5793 5792
4 5790 5794 5795 5791
4 5794 5796 5797 5795
4 5791 5795 5798 5793
4 5795 5797 5799 5798
7 5775 5792 5352 5350 5346 5344 5292
7 5792 5793 5364 5362 5358 5356 5352
7 5793 5798 5376 5374 5370 5368 5364
7 5798 5799 5388 5386 5382 5380 5376
7 5343 5398 5399 5402 5403 5800 5779
7 5403 5410 5411 5414 5415 5801 5800
7 5415 5422 5423 5426 5427 5802 5801
7 5427 5434 5435 5438 5439 5803 5802
4 5779 5800 5804 5785
4 5800 5801 5805 5804
4 5785 5804 5806 5787
4 5804 5805 5807 5806
4 5801 5802 5808 5805
4 5802 5803 5809 5808
4 5805 5808 5810 5807
4 5808 5809 5811 5810
4 5796 5812 5813 5797
4 5812 5814 5815 5813
4 5797 5813 5816 5799
4 5813 5815 5817 5816
4 5814 5818 5819 5815
4 5818 5820 5821 5819
4 5815 5819 5822 5817
4 5819 5821 5823 5822
7 5799 5816 5448 5446 5442 5440 5388
7 5816 5817 5460 5458 5454 5452 5448
7 5817 5822 5472 5470 5466 5464 5460
7 5822 5823 5484 5482 5478 5476 5472
7 5439 5494 5495 5498 5499 5824 5803
7 5499 5506 5507 5510 5511 5825 5824
10 5511 5518 5519 5522 5523 5531 5534 5537 5540 5825
4 5803 5824 5826 5809
4 5824 5825 5827 5826
4 5809 5826 5828 5811
4 5826 5827 5829 5828
7 5825 5540 5543 5546 5549 5552 5827
7 5827 5552 5555 5558 5561 5564 5829
4 5811 5828 5830 5831
4 5828 5829 5832 5830
4 5831 5830 5833 5834
4 5830 5832 5835 5833
7 5829 5564 5567 5570 5573 5576 5832
7 5832 5576 5579 5582 5585 5588 5835
4 5834 5833 5836 5837
4 5833 5835 5838 5836
4 5837 5836 5839 5840
4 5836 5838 5841 5839
7 5835 5588 5591 5594 5597 5600 5838
7 5838 5600 5603 5606 5609 5612 5841
4 5840 5839 5842 5843
4 5839 5841 5844 5842
4 5843 5842 5845 5846
4 5842 5844 5847 5845
7 5841 5612 5615 5618 5621 5624 5844
7 5844 5624 5627 5630 5633 5636 5847
4 5846 5845 5848 5849
4 5845 5847 5850 5848
4 5849 5848 5851 5820
4 5848 5850 5852 5851
7 5847 5636 5639 5642 5645 5648 5850
7 5850 5648 5651 5654 5657 5660 5852
4 5820 5851 5853 5821
4 5851 5852 5854 5853
4 5821 5853 5855 5823
4 5853 5854 5856 5855
7 5852 5660 5663 5666 5669 5672 5854
7 5854 5672 5675 5678 5681 5684 5856
7 5823 5855 5694 5692 5688 5686 5484
7 5855 5856 5706 5704 5700 5698 5694
10 5856 5684 5711 5714 5717 5720 5728 5724 5722 5706
10 5745 5782 5783 5786 5787 5857 5757 5755 5751 5749
10 5757 5857 5796 5794 5790 5788 5769 5767 5763 5761
10 5787 5806 5807 5810 5811 5831 5834 5837 5840 5857
10 5857 5840 5843 5846 5849 5820 5818 5814 5812 5796
1 2 4 5 8 9 11 14 16 17 19 21 23 26 28 30 32 33 35 37 39 41 43 45 47 50 52 54 56 58 60 62 64 65 67 69 71 73 75 77 79 81 83 85 87 89 91 93 95 98 100 102 104 106 108 110 112 114 116 118 120 122 124 126 128 129 131 133 135 137 139 141 143 145 147 149 151 153 155 157 159 161 163 165 167 169 171 173 175 177 179 181 183 185 187 189 191 194 196 198 200 202 204 206 208 210 212 214 216 218 220 222 224 226 228 230 232 234 236 238 240 242 244 246 248 250 252 254 256 258 260 262 264 266 268 270 272 274 276 278 280 282 284 286 288 290 292 294 296 298 300 302 304 306 308 310 312 314 316 318 320 322 324 326 328 330 332 334 336 338 340 342 344 346 348 350 352 354 356 358 360 362 364 366 368 370 372 374 376 378 380 382 384 386 388 390 392 394 396 398 400 402 404 406 408 410 412 414 416 418 420 422 424 426 428 430 432 434 436 438 440 442 444 446 448 450 452 454 456 458 460 462 464 466 468 470 472 474 476 478 480 482 484 486 488 490 492 494 496 498 500 502 504 506 508 510 512 514 516 518 520 522 524 526 528 530 532 534 536 538 540 542 544 546 548 550 552 554 556 558 560 562 564 566 568 570 572 574 576 578 580 582 584 586 588 590 592 594 596 598 600 602 604 606 608 610 612 614 616 618 620 622 624 626 628 630 632 634 636 638 639 640 642 644 646 648 650 652 654 656 658 660 662 664 666 668 670 672 674 676 678 680 682 684 686 688 690 692 694 696 698 700 702 704 706 708 710 712 714 716 718 720 722 724 726 728 730 732 734 736 738 740 742 744 746 748 750 752 754 756 758 760 762 764 766 767 769 771 773 775 777 779 781 783 785 787 789 791 793 795 797 799 801 803 805 807 809 811 813 815 817 819 821 823 825 827 829 831 833 835 837 839 841 843 845 847 849 851 853 855 857 859 861 863 865 867 869 871 873 875 877 879 881 883 885 887 889 891 893 896 898 900 902 904 906 908 910 912 914 916 918 920 922 924 926 928 930 932 934 936 938 940 942 944 946 948 950 952 954 956 958 960 962 964 966 968 970 972 974 976 978 980 982 984 986 988 990 992 994 996 998 1000 1002 1004 1006 1008 1010 1012 1014 1016 1018 1020 1022 1023 1025 1027 1029 1031 1033 1035 1037 1039 1041 1043 1045 1047 1049 1051 1053 1055 1057 1059 1061 1063 1065 1067 1069 1071 1073 1075 1077 1079 1081 1083 1085 1087 1089 1091 1093 1095 1097 1099 1101 1103 1105 1107 1109 1111 1113 1115 1117 1119 1121 1123 1125 1127 1129 1131 1133 1135 1137 1139 1141 1143 1145 1147 1149 1152 1154 1156 1158 1160 1162 1164 1166 1168 1170 1172 1174 1176 1178 1180 1182 1184 1186 1188 1190 1192 1194 1196 1198 1200 1202 1204 1206 1208 1210 1212 1214 1216 1218 1220 1222 1224 1226 1228 1230 1232 1234 1236 1238 1240 1242 1244 1246 1248 1250 1252 1254 1256 1258 1260 1262 1264 1266 1268 1270 1272 1274 1276 1278 1279 1281 1283 1285 1287 1289 1291 1293 1295 1297 1299 1301 1303 1305 1307 1309 1311 1313 1315 1317 1319 1321 1323 1325 1327 1329 1331 1333 1335 1337 1339 1341 1343 1345 1347 1349 1351 1353 1355 1357 1359 1361 1363 1365 1367 1369 1371 1373 1375 1377 1379 1381 1383 1385 1387 1389 1391 1393 1395 1397 1399 1401 1403 1405 1406 1407 1409 1411 1413 1415 1417 1419 1421 1423 1425 1427 1429 1431 1433 1435 1437 1439 1441 1443 1445 1447 1449 1451 1453 1455 1457 1459 1461 1463 1465 1467 1469 1471 1473 1475 1477 1479 1481 1483 1485 1487 1489 1491 1493 1495 1497 1499 1501 1503 1505 1507 1509 1511 1513 1515 1517 1519 1521 1523 1525 1527 1529 1531 1533 1535 1537 1539 1541 1543 1545 1547 1549 1551 1553 1555 1557 1559 1561 1563 1565 1567 1569 1571 1573 1575 1577 1579 1581 1583 1585 1587 1589 1591 1593 1595 1597 1599 1601 1603 1605 1607 1609 1611 1613 1615 1617 1619 1621 1623 1625 1627 1629 1631 1633 1635 1637 1639 1641 1643 1645 1647 1649 1651 1653 1655 1657 1659 1661 1663 1665 1667 1669 1671 1673 1675 1677 1679 1681 1683 1685 1687 1689 1691 1693 1695 1697 1699 1701 1703 1705 1707 1709 1711 1713 1715 1717 1719 1721 1723 1725 1727 1729 1731 1733 1735 1737 1739 1741 1743 1745 1747 1749 1751 1753 1755 1757 1759 1761 1763 1765 1767 1769 1771 1773 1775 1777 1779 1781 1783 1785 1787 1789 1791 1793 1795 1797 1799 1801 1803 1805 1807 1809 1811 1813 1815 1817 1819 1821 1823 1825 1827 1829 1831 1833 1835 1837 1839 1841 1843 1845 1847 1849 1851 1854 1856 1858 1860 1862 1864 1866 1868 1870 1872 1874 1876 1878 1880 1882 1884 1886 1888 1890 1892 1894 1896 1898 1900 1902 1904 1906 1908 1910 1912 1914 1916 1917 1919 1921 1923 1925 1927 1929 1931 1933 1935 1937 1939 1941 1943 1945 1947 1950 1952 1954 1956 1958 1960 1962 1964 1966 1968 1970 1972 1974 1976 1978 1980 1981 1983 1985 1987 1989 1991 1993 1995 1998 2000 2002 2004 2006 2008 2010 2012 2013 2015 2017 2019 2022 2024 2026 2028 2029 2031 2034 2036 2037 2039 2040
