16801 16504 1
0 0
0.0078125 0
0.0078125 0.0078125
0 0.0078125
0.015625 0
0.015625 0.0078125
0.0078125 0.015625
0 0.015625
0.015625 0.015625
0.0234375 0
0.0234375 0.0078125
0.03125 0
0.03125 0.0078125
0.0234375 0.015625
0.03125 0.015625
0.0078125 0.0234375
0 0.0234375
0.015625 0.0234375
0.0078125 0.03125
0 0.03125
0.015625 0.03125
0.0234375 0.0234375
0.03125 0.0234375
0.0234375 0.03125
0.03125 0.03125
0.0390625 0
0.0390625 0.0078125
0.046875 0
0.046875 0.0078125
0.0390625 0.015625
0.046875 0.015625
0.0546875 0
0.0546875 0.0078125
0.0625 0
0.0625 0.0078125
0.0546875 0.015625
0.0625 0.015625
0.0390625 0.0234375
0.046875 0.0234375
0.0390625 0.03125
0.046875 0.03125
0.0546875 0.0234375
0.0625 0.0234375
0.0546875 0.03125
0.0625 0.03125
0.0078125 0.0390625
0 0.0390625
0.015625 0.0390625
0.0078125 0.046875
0 0.046875
0.015625 0.046875
0.0234375 0.0390625
0.03125 0.0390625
0.0234375 0.046875
0.03125 0.046875
0.0078125 0.0546875
0 0.0546875
0.015625 0.0546875
0.0078125 0.0625
0 0.0625
0.015625 0.0625
0.0234375 0.0546875
0.03125 0.0546875
0.0234375 0.0625
0.03125 0.0625
0.0390625 0.0390625
0.046875 0.0390625
0.0390625 0.046875
0.046875 0.046875
0.0546875 0.0390625
0.0625 0.0390625
0.0546875 0.046875
0.0625 0.046875
0.0390625 0.0546875
0.046875 0.0546875
0.0390625 0.0625
0.046875 0.0625
0.0546875 0.0546875
0.0625 0.0546875
0.0546875 0.0625
0.0625 0.0625
0.0703125 0
0.0703125 0.0078125
0.078125 0
0.078125 0.0078125
0.0703125 0.015625
0.078125 0.015625
0.0859375 0
0.0859375 0.0078125
0.09375 0
0.09375 0.0078125
0.0859375 0.015625
0.09375 0.015625
0.0703125 0.0234375
0.078125 0.0234375
0.0703125 0.03125
0.078125 0.03125
0.0859375 0.0234375
0.09375 0.0234375
0.0859375 0.03125
0.09375 0.03125
0.1015625 0
0.1015625 0.0078125
0.109375 0
0.109375 0.0078125
0.1015625 0.015625
0.109375 0.015625
0.1171875 0
0.1171875 0.0078125
0.125 0
0.125 0.0078125
0.1171875 0.015625
0.125 0.015625
0.1015625 0.0234375
0.109375 0.0234375
0.1015625 0.03125
0.109375 0.03125
0.1171875 0.0234375
0.125 0.0234375
0.1171875 0.03125
0.125 0.03125
0.0703125 0.0390625
0.078125 0.0390625
0.0703125 0.046875
0.078125 0.046875
0.0859375 0.0390625
0.09375 0.0390625
0.0859375 0.046875
0.09375 0.046875
0.0703125 0.0546875
0.078125 0.0546875
0.0703125 0.0625
0.078125 0.0625
0.0859375 0.0546875
0.09375 0.0546875
0.0859375 0.0625
0.09375 0.0625
0.1015625 0.0390625
0.109375 0.0390625
0.1015625 0.046875
0.109375 0.046875
0.1171875 0.0390625
0.125 0.0390625
0.1171875 0.046875
0.125 0.046875
0.1015625 0.0546875
0.109375 0.0546875
0.1015625 0.0625
0.109375 0.0625
0.1171875 0.0546875
0.125 0.0546875
0.1171875 0.0625
0.125 0.0625
0.0078125 0.0703125
0 0.0703125
0.015625 0.0703125
0.0078125 0.078125
0 0.078125
0.015625 0.078125
0.0234375 0.0703125
0.03125 0.0703125
0.0234375 0.078125
0.03125 0.078125
0.0078125 0.0859375
0 0.0859375
0.015625 0.0859375
0.0078125 0.09375
0 0.09375
0.015625 0.09375
0.0234375 0.0859375
0.03125 0.0859375
0.0234375 0.09375
0.03125 0.09375
0.0390625 0.0703125
0.046875 0.0703125
0.0390625 0.078125
0.046875 0.078125
0.0546875 0.0703125
0.0625 0.0703125
0.0546875 0.078125
0.0625 0.078125
0.0390625 0.0859375
0.046875 0.0859375
0.0390625 0.09375
0.046875 0.09375
0.0546875 0.0859375
0.0625 0.0859375
0.0546875 0.09375
0.0625 0.09375
0.0078125 0.1015625
0 0.1015625
0.015625 0.1015625
0.0078125 0.109375
0 0.109375
0.015625 0.109375
0.0234375 0.1015625
0.03125 0.1015625
0.0234375 0.109375
0.03125 0.109375
0.0078125 0.1171875
0 0.1171875
0.015625 0.1171875
0.0078125 0.125
0 0.125
0.015625 0.125
0.0234375 0.1171875
0.03125 0.1171875
0.0234375 0.125
0.03125 0.125
0.0390625 0.1015625
0.046875 0.1015625
0.0390625 0.109375
0.046875 0.109375
0.0546875 0.1015625
0.0625 0.1015625
0.0546875 0.109375
0.0625 0.109375
0.0390625 0.1171875
0.046875 0.1171875
0.0390625 0.125
0.046875 0.125
0.0546875 0.1171875
0.0625 0.1171875
0.0546875 0.125
0.0625 0.125
0.0703125 0.0703125
0.078125 0.0703125
0.0703125 0.078125
0.078125 0.078125
0.0859375 0.0703125
0.09375 0.0703125
0.0859375 0.078125
0.09375 0.078125
0.0703125 0.0859375
0.078125 0.0859375
0.0703125 0.09375
0.078125 0.09375
0.0859375 0.0859375
0.09375 0.0859375
0.0859375 0.09375
0.09375 0.09375
0.1015625 0.0703125
0.109375 0.0703125
0.1015625 0.078125
0.109375 0.078125
0.1171875 0.0703125
0.125 0.0703125
0.1171875 0.078125
0.125 0.078125
0.1015625 0.0859375
0.109375 0.0859375
0.1015625 0.09375
0.109375 0.09375
0.1171875 0.0859375
0.125 0.0859375
0.1171875 0.09375
0.125 0.09375
0.0703125 0.1015625
0.078125 0.1015625
0.0703125 0.109375
0.078125 0.109375
0.0859375 0.1015625
0.09375 0.1015625
0.0859375 0.109375
0.09375 0.109375
0.0703125 0.1171875
0.078125 0.1171875
0.0703125 0.125
0.078125 0.125
0.0859375 0.1171875
0.09375 0.1171875
0.0859375 0.125
0.09375 0.125
0.1015625 0.1015625
0.109375 0.1015625
0.1015625 0.109375
0.109375 0.109375
0.1171875 0.1015625
0.125 0.1015625
0.1171875 0.109375
0.125 0.109375
0.1015625 0.1171875
0.109375 0.1171875
0.1015625 0.125
0.109375 0.125
0.1171875 0.1171875
0.125 0.1171875
0.1171875 0.125
0.125 0.125
0.1328125 0
0.1328125 0.0078125
0.140625 0
0.140625 0.0078125
0.1328125 0.015625
0.140625 0.015625
0.1484375 0
0.1484375 0.0078125
0.15625 0
0.15625 0.0078125
0.1484375 0.015625
0.15625 0.015625
0.1328125 0.0234375
0.140625 0.0234375
0.1328125 0.03125
0.140625 0.03125
0.1484375 0.0234375
0.15625 0.0234375
0.1484375 0.03125
0.15625 0.03125
0.1640625 0
0.1640625 0.0078125
0.171875 0
0.171875 0.0078125
0.1640625 0.015625
0.171875 0.015625
0.1796875 0
0.1796875 0.0078125
0.1875 0
0.1875 0.0078125
0.1796875 0.015625
0.1875 0.015625
0.1640625 0.0234375
0.171875 0.0234375
0.1640625 0.03125
0.171875 0.03125
0.1796875 0.0234375
0.1875 0.0234375
0.1796875 0.03125
0.1875 0.03125
0.1328125 0.0390625
0.140625 0.0390625
0.1328125 0.046875
0.140625 0.046875
0.1484375 0.0390625
0.15625 0.0390625
0.1484375 0.046875
0.15625 0.046875
0.1328125 0.0546875
0.140625 0.0546875
0.1328125 0.0625
0.140625 0.0625
0.1484375 0.0546875
0.15625 0.0546875
0.1484375 0.0625
0.15625 0.0625
0.1640625 0.0390625
0.171875 0.0390625
0.1640625 0.046875
0.171875 0.046875
0.1796875 0.0390625
0.1875 0.0390625
0.1796875 0.046875
0.1875 0.046875
0.1640625 0.0546875
0.171875 0.0546875
0.1640625 0.0625
0.171875 0.0625
0.1796875 0.0546875
0.1875 0.0546875
0.1796875 0.0625
0.1875 0.0625
0.1953125 0
0.1953125 0.0078125
0.203125 0
0.203125 0.0078125
0.1953125 0.015625
0.203125 0.015625
0.2109375 0
0.2109375 0.0078125
0.21875 0
0.21875 0.0078125
0.2109375 0.015625
0.21875 0.015625
0.1953125 0.0234375
0.203125 0.0234375
0.1953125 0.03125
0.203125 0.03125
0.2109375 0.0234375
0.21875 0.0234375
0.2109375 0.03125
0.21875 0.03125
0.2265625 0
0.2265625 0.0078125
0.234375 0
0.234375 0.0078125
0.2265625 0.015625
0.234375 0.015625
0.2421875 0
0.2421875 0.0078125
0.25 0
0.25 0.0078125
0.2421875 0.015625
0.25 0.015625
0.2265625 0.0234375
0.234375 0.0234375
0.2265625 0.03125
0.234375 0.03125
0.2421875 0.0234375
0.25 0.0234375
0.2421875 0.03125
0.25 0.03125
0.1953125 0.0390625
0.203125 0.0390625
0.1953125 0.046875
0.203125 0.046875
0.2109375 0.0390625
0.21875 0.0390625
0.2109375 0.046875
0.21875 0.046875
0.1953125 0.0546875
0.203125 0.0546875
0.1953125 0.0625
0.203125 0.0625
0.2109375 0.0546875
0.21875 0.0546875
0.2109375 0.0625
0.21875 0.0625
0.2265625 0.0390625
0.234375 0.0390625
0.2265625 0.046875
0.234375 0.046875
0.2421875 0.0390625
0.25 0.0390625
0.2421875 0.046875
0.25 0.046875
0.2265625 0.0546875
0.234375 0.0546875
0.2265625 0.0625
0.234375 0.0625
0.2421875 0.0546875
0.25 0.0546875
0.2421875 0.0625
0.25 0.0625
0.1328125 0.0703125
0.140625 0.0703125
0.1328125 0.078125
0.140625 0.078125
0.1484375 0.0703125
0.15625 0.0703125
0.1484375 0.078125
0.15625 0.078125
0.1328125 0.0859375
0.140625 0.0859375
0.1328125 0.09375
0.140625 0.09375
0.1484375 0.0859375
0.15625 0.0859375
0.1484375 0.09375
0.15625 0.09375
0.1640625 0.0703125
0.171875 0.0703125
0.1640625 0.078125
0.171875 0.078125
0.1796875 0.0703125
0.1875 0.0703125
0.1796875 0.078125
0.1875 0.078125
0.1640625 0.0859375
0.171875 0.0859375
0.1640625 0.09375
0.171875 0.09375
0.1796875 0.0859375
0.1875 0.0859375
0.1796875 0.09375
0.1875 0.09375
0.1328125 0.1015625
0.140625 0.1015625
0.1328125 0.109375
0.140625 0.109375
0.1484375 0.1015625
0.15625 0.1015625
0.1484375 0.109375
0.15625 0.109375
0.1328125 0.1171875
0.140625 0.1171875
0.1328125 0.125
0.140625 0.125
0.1484375 0.1171875
0.15625 0.1171875
0.1484375 0.125
0.15625 0.125
0.1640625 0.1015625
0.171875 0.1015625
0.1640625 0.109375
0.171875 0.109375
0.1796875 0.1015625
0.1875 0.1015625
0.1796875 0.109375
0.1875 0.109375
0.1640625 0.1171875
0.171875 0.1171875
0.1640625 0.125
0.171875 0.125
0.1796875 0.1171875
0.1875 0.1171875
0.1796875 0.125
0.1875 0.125
0.1953125 0.0703125
0.203125 0.0703125
0.1953125 0.078125
0.203125 0.078125
0.2109375 0.0703125
0.21875 0.0703125
0.2109375 0.078125
0.21875 0.078125
0.1953125 0.0859375
0.203125 0.0859375
0.1953125 0.09375
0.203125 0.09375
0.2109375 0.0859375
0.21875 0.0859375
0.2109375 0.09375
0.21875 0.09375
0.2265625 0.0703125
0.234375 0.0703125
0.2265625 0.078125
0.234375 0.078125
0.2421875 0.0703125
0.25 0.0703125
0.2421875 0.078125
0.25 0.078125
0.2265625 0.0859375
0.234375 0.0859375
0.2265625 0.09375
0.234375 0.09375
0.2421875 0.0859375
0.25 0.0859375
0.2421875 0.09375
0.25 0.09375
0.1953125 0.1015625
0.203125 0.1015625
0.1953125 0.109375
0.203125 0.109375
0.2109375 0.1015625
0.21875 0.1015625
0.2109375 0.109375
0.21875 0.109375
0.1953125 0.1171875
0.203125 0.1171875
0.1953125 0.125
0.203125 0.125
0.2109375 0.1171875
0.21875 0.1171875
0.2109375 0.125
0.21875 0.125
0.2265625 0.1015625
0.234375 0.1015625
0.2265625 0.109375
0.234375 0.109375
0.2421875 0.1015625
0.25 0.1015625
0.2421875 0.109375
0.25 0.109375
0.2265625 0.1171875
0.234375 0.1171875
0.2265625 0.125
0.234375 0.125
0.2421875 0.1171875
0.25 0.1171875
0.2421875 0.125
0.25 0.125
0.0078125 0.1328125
0 0.1328125
0.015625 0.1328125
0.0078125 0.140625
0 0.140625
0.015625 0.140625
0.0234375 0.1328125
0.03125 0.1328125
0.0234375 0.140625
0.03125 0.140625
0.0078125 0.1484375
0 0.1484375
0.015625 0.1484375
0.0078125 0.15625
0 0.15625
0.015625 0.15625
0.0234375 0.1484375
0.03125 0.1484375
0.0234375 0.15625
0.03125 0.15625
0.0390625 0.1328125
0.046875 0.1328125
0.0390625 0.140625
0.046875 0.140625
0.0546875 0.1328125
0.0625 0.1328125
0.0546875 0.140625
0.0625 0.140625
0.0390625 0.1484375
0.046875 0.1484375
0.0390625 0.15625
0.046875 0.15625
0.0546875 0.1484375
0.0625 0.1484375
0.0546875 0.15625
0.0625 0.15625
0.0078125 0.1640625
0 0.1640625
0.015625 0.1640625
0.0078125 0.171875
0 0.171875
0.015625 0.171875
0.0234375 0.1640625
0.03125 0.1640625
0.0234375 0.171875
0.03125 0.171875
0.0078125 0.1796875
0 0.1796875
0.015625 0.1796875
0.0078125 0.1875
0 0.1875
0.015625 0.1875
0.0234375 0.1796875
0.03125 0.1796875
0.0234375 0.1875
0.03125 0.1875
0.0390625 0.1640625
0.046875 0.1640625
0.0390625 0.171875
0.046875 0.171875
0.0546875 0.1640625
0.0625 0.1640625
0.0546875 0.171875
0.0625 0.171875
0.0390625 0.1796875
0.046875 0.1796875
0.0390625 0.1875
0.046875 0.1875
0.0546875 0.1796875
0.0625 0.1796875
0.0546875 0.1875
0.0625 0.1875
0.0703125 0.1328125
0.078125 0.1328125
0.0703125 0.140625
0.078125 0.140625
0.0859375 0.1328125
0.09375 0.1328125
0.0859375 0.140625
0.09375 0.140625
0.0703125 0.1484375
0.078125 0.1484375
0.0703125 0.15625
0.078125 0.15625
0.0859375 0.1484375
0.09375 0.1484375
0.0859375 0.15625
0.09375 0.15625
0.1015625 0.1328125
0.109375 0.1328125
0.1015625 0.140625
0.109375 0.140625
0.1171875 0.1328125
0.125 0.1328125
0.1171875 0.140625
0.125 0.140625
0.1015625 0.1484375
0.109375 0.1484375
0.1015625 0.15625
0.109375 0.15625
0.1171875 0.1484375
0.125 0.1484375
0.1171875 0.15625
0.125 0.15625
0.0703125 0.1640625
0.078125 0.1640625
0.0703125 0.171875
0.078125 0.171875
0.0859375 0.1640625
0.09375 0.1640625
0.0859375 0.171875
0.09375 0.171875
0.0703125 0.1796875
0.078125 0.1796875
0.0703125 0.1875
0.078125 0.1875
0.0859375 0.1796875
0.09375 0.1796875
0.0859375 0.1875
0.09375 0.1875
0.1015625 0.1640625
0.109375 0.1640625
0.1015625 0.171875
0.109375 0.171875
0.1171875 0.1640625
0.125 0.1640625
0.1171875 0.171875
0.125 0.171875
0.1015625 0.1796875
0.109375 0.1796875
0.1015625 0.1875
0.109375 0.1875
0.1171875 0.1796875
0.125 0.1796875
0.1171875 0.1875
0.125 0.1875
0.0078125 0.1953125
0 0.1953125
0.015625 0.1953125
0.0078125 0.203125
0 0.203125
0.015625 0.203125
0.0234375 0.1953125
0.03125 0.1953125
0.0234375 0.203125
0.03125 0.203125
0.0078125 0.2109375
0 0.2109375
0.015625 0.2109375
0.0078125 0.21875
0 0.21875
0.015625 0.21875
0.0234375 0.2109375
0.03125 0.2109375
0.0234375 0.21875
0.03125 0.21875
0.0390625 0.1953125
0.046875 0.1953125
0.0390625 0.203125
0.046875 0.203125
0.0546875 0.1953125
0.0625 0.1953125
0.0546875 0.203125
0.0625 0.203125
0.0390625 0.2109375
0.046875 0.2109375
0.0390625 0.21875
0.046875 0.21875
0.0546875 0.2109375
0.0625 0.2109375
0.0546875 0.21875
0.0625 0.21875
0.0078125 0.2265625
0 0.2265625
0.015625 0.2265625
0.0078125 0.234375
0 0.234375
0.015625 0.234375
0.0234375 0.2265625
0.03125 0.2265625
0.0234375 0.234375
0.03125 0.234375
0.0078125 0.2421875
0 0.2421875
0.015625 0.2421875
0.0078125 0.25
0 0.25
0.015625 0.25
0.0234375 0.2421875
0.03125 0.2421875
0.0234375 0.25
0.03125 0.25
0.0390625 0.2265625
0.046875 0.2265625
0.0390625 0.234375
0.046875 0.234375
0.0546875 0.2265625
0.0625 0.2265625
0.0546875 0.234375
0.0625 0.234375
0.0390625 0.2421875
0.046875 0.2421875
0.0390625 0.25
0.046875 0.25
0.0546875 0.2421875
0.0625 0.2421875
0.0546875 0.25
0.0625 0.25
0.0703125 0.1953125
0.078125 0.1953125
0.0703125 0.203125
0.078125 0.203125
0.0859375 0.1953125
0.09375 0.1953125
0.0859375 0.203125
0.09375 0.203125
0.0703125 0.2109375
0.078125 0.2109375
0.0703125 0.21875
0.078125 0.21875
0.0859375 0.2109375
0.09375 0.2109375
0.0859375 0.21875
0.09375 0.21875
0.1015625 0.1953125
0.109375 0.1953125
0.1015625 0.203125
0.109375 0.203125
0.1171875 0.1953125
0.125 0.1953125
0.1171875 0.203125
0.125 0.203125
0.1015625 0.2109375
0.109375 0.2109375
0.1015625 0.21875
0.109375 0.21875
0.1171875 0.2109375
0.125 0.2109375
0.1171875 0.21875
0.125 0.21875
0.0703125 0.2265625
0.078125 0.2265625
0.0703125 0.234375
0.078125 0.234375
0.0859375 0.2265625
0.09375 0.2265625
0.0859375 0.234375
0.09375 0.234375
0.0703125 0.2421875
0.078125 0.2421875
0.0703125 0.25
0.078125 0.25
0.0859375 0.2421875
0.09375 0.2421875
0.0859375 0.25
0.09375 0.25
0.1015625 0.2265625
0.109375 0.2265625
0.1015625 0.234375
0.109375 0.234375
0.1171875 0.2265625
0.125 0.2265625
0.1171875 0.234375
0.125 0.234375
0.1015625 0.2421875
0.109375 0.2421875
0.1015625 0.25
0.109375 0.25
0.1171875 0.2421875
0.125 0.2421875
0.1171875 0.25
0.125 0.25
0.1328125 0.1328125
0.140625 0.1328125
0.1328125 0.140625
0.140625 0.140625
0.1484375 0.1328125
0.15625 0.1328125
0.1484375 0.140625
0.15625 0.140625
0.1328125 0.1484375
0.140625 0.1484375
0.1328125 0.15625
0.140625 0.15625
0.1484375 0.1484375
0.15625 0.1484375
0.1484375 0.15625
0.15625 0.15625
0.1640625 0.1328125
0.171875 0.1328125
0.1640625 0.140625
0.171875 0.140625
0.1796875 0.1328125
0.1875 0.1328125
0.1796875 0.140625
0.1875 0.140625
0.1640625 0.1484375
0.171875 0.1484375
0.1640625 0.15625
0.171875 0.15625
0.1796875 0.1484375
0.1875 0.1484375
0.1796875 0.15625
0.1875 0.15625
0.1328125 0.1640625
0.140625 0.1640625
0.1328125 0.171875
0.140625 0.171875
0.1484375 0.1640625
0.15625 0.1640625
0.1484375 0.171875
0.15625 0.171875
0.1328125 0.1796875
0.140625 0.1796875
0.1328125 0.1875
0.140625 0.1875
0.1484375 0.1796875
0.15625 0.1796875
0.1484375 0.1875
0.15625 0.1875
0.1640625 0.1640625
0.171875 0.1640625
0.1640625 0.171875
0.171875 0.171875
0.1796875 0.1640625
0.1875 0.1640625
0.1796875 0.171875
0.1875 0.171875
0.1640625 0.1796875
0.171875 0.1796875
0.1640625 0.1875
0.171875 0.1875
0.1796875 0.1796875
0.1875 0.1796875
0.1796875 0.1875
0.1875 0.1875
0.1953125 0.1328125
0.203125 0.1328125
0.1953125 0.140625
0.203125 0.140625
0.2109375 0.1328125
0.21875 0.1328125
0.2109375 0.140625
0.21875 0.140625
0.1953125 0.1484375
0.203125 0.1484375
0.1953125 0.15625
0.203125 0.15625
0.2109375 0.1484375
0.21875 0.1484375
0.2109375 0.15625
0.21875 0.15625
0.2265625 0.1328125
0.234375 0.1328125
0.2265625 0.140625
0.234375 0.140625
0.2421875 0.1328125
0.25 0.1328125
0.2421875 0.140625
0.25 0.140625
0.2265625 0.1484375
0.234375 0.1484375
0.2265625 0.15625
0.234375 0.15625
0.2421875 0.1484375
0.25 0.1484375
0.2421875 0.15625
0.25 0.15625
0.1953125 0.1640625
0.203125 0.1640625
0.1953125 0.171875
0.203125 0.171875
0.2109375 0.1640625
0.21875 0.1640625
0.2109375 0.171875
0.21875 0.171875
0.1953125 0.1796875
0.203125 0.1796875
0.1953125 0.1875
0.203125 0.1875
0.2109375 0.1796875
0.21875 0.1796875
0.2109375 0.1875
0.21875 0.1875
0.2265625 0.1640625
0.234375 0.1640625
0.2265625 0.171875
0.234375 0.171875
0.2421875 0.1640625
0.25 0.1640625
0.2421875 0.171875
0.25 0.171875
0.2265625 0.1796875
0.234375 0.1796875
0.2265625 0.1875
0.234375 0.1875
0.2421875 0.1796875
0.25 0.1796875
0.2421875 0.1875
0.25 0.1875
0.1328125 0.1953125
0.140625 0.1953125
0.1328125 0.203125
0.140625 0.203125
0.1484375 0.1953125
0.15625 0.1953125
0.1484375 0.203125
0.15625 0.203125
0.1328125 0.2109375
0.140625 0.2109375
0.1328125 0.21875
0.140625 0.21875
0.1484375 0.2109375
0.15625 0.2109375
0.1484375 0.21875
0.15625 0.21875
0.1640625 0.1953125
0.171875 0.1953125
0.1640625 0.203125
0.171875 0.203125
0.1796875 0.1953125
0.1875 0.1953125
0.1796875 0.203125
0.1875 0.203125
0.1640625 0.2109375
0.171875 0.2109375
0.1640625 0.21875
0.171875 0.21875
0.1796875 0.2109375
0.1875 0.2109375
0.1796875 0.21875
0.1875 0.21875
0.1328125 0.2265625
0.140625 0.2265625
0.1328125 0.234375
0.140625 0.234375
0.1484375 0.2265625
0.15625 0.2265625
0.1484375 0.234375
0.15625 0.234375
0.1328125 0.2421875
0.140625 0.2421875
0.1328125 0.25
0.140625 0.25
0.1484375 0.2421875
0.15625 0.2421875
0.1484375 0.25
0.15625 0.25
0.1640625 0.2265625
0.171875 0.2265625
0.1640625 0.234375
0.171875 0.234375
0.1796875 0.2265625
0.1875 0.2265625
0.1796875 0.234375
0.1875 0.234375
0.1640625 0.2421875
0.171875 0.2421875
0.1640625 0.25
0.171875 0.25
0.1796875 0.2421875
0.1875 0.2421875
0.1796875 0.25
0.1875 0.25
0.1953125 0.1953125
0.203125 0.1953125
0.1953125 0.203125
0.203125 0.203125
0.2109375 0.1953125
0.21875 0.1953125
0.2109375 0.203125
0.21875 0.203125
0.1953125 0.2109375
0.203125 0.2109375
0.1953125 0.21875
0.203125 0.21875
0.2109375 0.2109375
0.21875 0.2109375
0.2109375 0.21875
0.21875 0.21875
0.2265625 0.1953125
0.234375 0.1953125
0.2265625 0.203125
0.234375 0.203125
0.2421875 0.1953125
0.25 0.1953125
0.2421875 0.203125
0.25 0.203125
0.2265625 0.2109375
0.234375 0.2109375
0.2265625 0.21875
0.234375 0.21875
0.2421875 0.2109375
0.25 0.2109375
0.2421875 0.21875
0.25 0.21875
0.1953125 0.2265625
0.203125 0.2265625
0.1953125 0.234375
0.203125 0.234375
0.2109375 0.2265625
0.21875 0.2265625
0.2109375 0.234375
0.21875 0.234375
0.1953125 0.2421875
0.203125 0.2421875
0.1953125 0.25
0.203125 0.25
0.2109375 0.2421875
0.21875 0.2421875
0.2109375 0.25
0.21875 0.25
0.2265625 0.2265625
0.234375 0.2265625
0.2265625 0.234375
0.234375 0.234375
0.2421875 0.2265625
0.25 0.2265625
0.2421875 0.234375
0.25 0.234375
0.2265625 0.2421875
0.234375 0.2421875
0.2265625 0.25
0.234375 0.25
0.2421875 0.2421875
0.25 0.2421875
0.2421875 0.25
0.25 0.25
0.0078125 0.2578125
0 0.2578125
0.015625 0.2578125
0.0078125 0.265625
0 0.265625
0.015625 0.265625
0.0234375 0.2578125
0.03125 0.2578125
0.0234375 0.265625
0.03125 0.265625
0.0078125 0.2734375
0 0.2734375
0.015625 0.2734375
0.0078125 0.28125
0 0.28125
0.015625 0.28125
0.0234375 0.2734375
0.03125 0.2734375
0.0234375 0.28125
0.03125 0.28125
0.0390625 0.2578125
0.046875 0.2578125
0.0390625 0.265625
0.046875 0.265625
0.0546875 0.2578125
0.0625 0.2578125
0.0546875 0.265625
0.0625 0.265625
0.0390625 0.2734375
0.046875 0.2734375
0.0390625 0.28125
0.046875 0.28125
0.0546875 0.2734375
0.0625 0.2734375
0.0546875 0.28125
0.0625 0.28125
0.0078125 0.2890625
0 0.2890625
0.015625 0.2890625
0.0078125 0.296875
0 0.296875
0.015625 0.296875
0.0234375 0.2890625
0.03125 0.2890625
0.0234375 0.296875
0.03125 0.296875
0.0078125 0.3046875
0 0.3046875
0.015625 0.3046875
0.0078125 0.3125
0 0.3125
0.015625 0.3125
0.0234375 0.3046875
0.03125 0.3046875
0.0234375 0.3125
0.03125 0.3125
0.0390625 0.2890625
0.046875 0.2890625
0.0390625 0.296875
0.046875 0.296875
0.0546875 0.2890625
0.0625 0.2890625
0.0546875 0.296875
0.0625 0.296875
0.0390625 0.3046875
0.046875 0.3046875
0.0390625 0.3125
0.046875 0.3125
0.0546875 0.3046875
0.0625 0.3046875
0.0546875 0.3125
0.0625 0.3125
0.0703125 0.2578125
0.078125 0.2578125
0.0703125 0.265625
0.078125 0.265625
0.0859375 0.2578125
0.09375 0.2578125
0.0859375 0.265625
0.09375 0.265625
0.0703125 0.2734375
0.078125 0.2734375
0.0703125 0.28125
0.078125 0.28125
0.0859375 0.2734375
0.09375 0.2734375
0.0859375 0.28125
0.09375 0.28125
0.1015625 0.2578125
0.109375 0.2578125
0.1015625 0.265625
0.109375 0.265625
0.1171875 0.2578125
0.125 0.2578125
0.1171875 0.265625
0.125 0.265625
0.1015625 0.2734375
0.109375 0.2734375
0.1015625 0.28125
0.109375 0.28125
0.1171875 0.2734375
0.125 0.2734375
0.1171875 0.28125
0.125 0.28125
0.0703125 0.2890625
0.078125 0.2890625
0.0703125 0.296875
0.078125 0.296875
0.0859375 0.2890625
0.09375 0.2890625
0.0859375 0.296875
0.09375 0.296875
0.0703125 0.3046875
0.078125 0.3046875
0.0703125 0.3125
0.078125 0.3125
0.0859375 0.3046875
0.09375 0.3046875
0.0859375 0.3125
0.09375 0.3125
0.1015625 0.2890625
0.109375 0.2890625
0.1015625 0.296875
0.109375 0.296875
0.1171875 0.2890625
0.125 0.2890625
0.1171875 0.296875
0.125 0.296875
0.1015625 0.3046875
0.109375 0.3046875
0.1015625 0.3125
0.109375 0.3125
0.1171875 0.3046875
0.125 0.3046875
0.1171875 0.3125
0.125 0.3125
0.0078125 0.3203125
0 0.3203125
0.015625 0.3203125
0.0078125 0.328125
0 0.328125
0.015625 0.328125
0.0234375 0.3203125
0.03125 0.3203125
0.0234375 0.328125
0.03125 0.328125
0.0078125 0.3359375
0 0.3359375
0.015625 0.3359375
0.0078125 0.34375
0 0.34375
0.015625 0.34375
0.0234375 0.3359375
0.03125 0.3359375
0.0234375 0.34375
0.03125 0.34375
0.0390625 0.3203125
0.046875 0.3203125
0.0390625 0.328125
0.046875 0.328125
0.0546875 0.3203125
0.0625 0.3203125
0.0546875 0.328125
0.0625 0.328125
0.0390625 0.3359375
0.046875 0.3359375
0.0390625 0.34375
0.046875 0.34375
0.0546875 0.3359375
0.0625 0.3359375
0.0546875 0.34375
0.0625 0.34375
0.0078125 0.3515625
0 0.3515625
0.015625 0.3515625
0.0078125 0.359375
0 0.359375
0.015625 0.359375
0.0234375 0.3515625
0.03125 0.3515625
0.0234375 0.359375
0.03125 0.359375
0.0078125 0.3671875
0 0.3671875
0.015625 0.3671875
0.0078125 0.375
0 0.375
0.015625 0.375
0.0234375 0.3671875
0.03125 0.3671875
0.0234375 0.375
0.03125 0.375
0.0390625 0.3515625
0.046875 0.3515625
0.0390625 0.359375
0.046875 0.359375
0.0546875 0.3515625
0.0625 0.3515625
0.0546875 0.359375
0.0625 0.359375
0.0390625 0.3671875
0.046875 0.3671875
0.0390625 0.375
0.046875 0.375
0.0546875 0.3671875
0.0625 0.3671875
0.0546875 0.375
0.0625 0.375
0.0703125 0.3203125
0.078125 0.3203125
0.0703125 0.328125
0.078125 0.328125
0.0859375 0.3203125
0.09375 0.3203125
0.0859375 0.328125
0.09375 0.328125
0.0703125 0.3359375
0.078125 0.3359375
0.0703125 0.34375
0.078125 0.34375
0.0859375 0.3359375
0.09375 0.3359375
0.0859375 0.34375
0.09375 0.34375
0.1015625 0.3203125
0.109375 0.3203125
0.1015625 0.328125
0.109375 0.328125
0.1171875 0.3203125
0.125 0.3203125
0.1171875 0.328125
0.125 0.328125
0.1015625 0.3359375
0.109375 0.3359375
0.1015625 0.34375
0.109375 0.34375
0.1171875 0.3359375
0.125 0.3359375
0.1171875 0.34375
0.125 0.34375
0.0703125 0.3515625
0.078125 0.3515625
0.0703125 0.359375
0.078125 0.359375
0.0859375 0.3515625
0.09375 0.3515625
0.0859375 0.359375
0.09375 0.359375
0.0703125 0.3671875
0.078125 0.3671875
0.0703125 0.375
0.078125 0.375
0.0859375 0.3671875
0.09375 0.3671875
0.0859375 0.375
0.09375 0.375
0.1015625 0.3515625
0.109375 0.3515625
0.1015625 0.359375
0.109375 0.359375
0.1171875 0.3515625
0.125 0.3515625
0.1171875 0.359375
0.125 0.359375
0.1015625 0.3671875
0.109375 0.3671875
0.1015625 0.375
0.109375 0.375
0.1171875 0.3671875
0.125 0.3671875
0.1171875 0.375
0.125 0.375
0.1328125 0.2578125
0.140625 0.2578125
0.1328125 0.265625
0.140625 0.265625
0.1484375 0.2578125
0.15625 0.2578125
0.1484375 0.265625
0.15625 0.265625
0.1328125 0.2734375
0.140625 0.2734375
0.1328125 0.28125
0.140625 0.28125
0.1484375 0.2734375
0.15625 0.2734375
0.1484375 0.28125
0.15625 0.28125
0.1640625 0.2578125
0.171875 0.2578125
0.1640625 0.265625
0.171875 0.265625
0.1796875 0.2578125
0.1875 0.2578125
0.1796875 0.265625
0.1875 0.265625
0.1640625 0.2734375
0.171875 0.2734375
0.1640625 0.28125
0.171875 0.28125
0.1796875 0.2734375
0.1875 0.2734375
0.1796875 0.28125
0.1875 0.28125
0.1328125 0.2890625
0.140625 0.2890625
0.1328125 0.296875
0.140625 0.296875
0.1484375 0.2890625
0.15625 0.2890625
0.1484375 0.296875
0.15625 0.296875
0.1328125 0.3046875
0.140625 0.3046875
0.1328125 0.3125
0.140625 0.3125
0.1484375 0.3046875
0.15625 0.3046875
0.1484375 0.3125
0.15625 0.3125
0.1640625 0.2890625
0.171875 0.2890625
0.1640625 0.296875
0.171875 0.296875
0.1796875 0.2890625
0.1875 0.2890625
0.1796875 0.296875
0.1875 0.296875
0.1640625 0.3046875
0.171875 0.3046875
0.1640625 0.3125
0.171875 0.3125
0.1796875 0.3046875
0.1875 0.3046875
0.1796875 0.3125
0.1875 0.3125
0.1953125 0.2578125
0.203125 0.2578125
0.1953125 0.265625
0.203125 0.265625
0.2109375 0.2578125
0.21875 0.2578125
0.2109375 0.265625
0.21875 0.265625
0.1953125 0.2734375
0.203125 0.2734375
0.1953125 0.28125
0.203125 0.28125
0.2109375 0.2734375
0.21875 0.2734375
0.2109375 0.28125
0.21875 0.28125
0.2265625 0.2578125
0.234375 0.2578125
0.2265625 0.265625
0.234375 0.265625
0.2421875 0.2578125
0.25 0.2578125
0.2421875 0.265625
0.25 0.265625
0.2265625 0.2734375
0.234375 0.2734375
0.2265625 0.28125
0.234375 0.28125
0.2421875 0.2734375
0.25 0.2734375
0.2421875 0.28125
0.25 0.28125
0.1953125 0.2890625
0.203125 0.2890625
0.1953125 0.296875
0.203125 0.296875
0.2109375 0.2890625
0.21875 0.2890625
0.2109375 0.296875
0.21875 0.296875
0.1953125 0.3046875
0.203125 0.3046875
0.1953125 0.3125
0.203125 0.3125
0.2109375 0.3046875
0.21875 0.3046875
0.2109375 0.3125
0.21875 0.3125
0.2265625 0.2890625
0.234375 0.2890625
0.2265625 0.296875
0.234375 0.296875
0.2421875 0.2890625
0.25 0.2890625
0.2421875 0.296875
0.25 0.296875
0.2265625 0.3046875
0.234375 0.3046875
0.2265625 0.3125
0.234375 0.3125
0.2421875 0.3046875
0.25 0.3046875
0.2421875 0.3125
0.25 0.3125
0.1328125 0.3203125
0.140625 0.3203125
0.1328125 0.328125
0.140625 0.328125
0.1484375 0.3203125
0.15625 0.3203125
0.1484375 0.328125
0.15625 0.328125
0.1328125 0.3359375
0.140625 0.3359375
0.1328125 0.34375
0.140625 0.34375
0.1484375 0.3359375
0.15625 0.3359375
0.1484375 0.34375
0.15625 0.34375
0.1640625 0.3203125
0.171875 0.3203125
0.1640625 0.328125
0.171875 0.328125
0.1796875 0.3203125
0.1875 0.3203125
0.1796875 0.328125
0.1875 0.328125
0.1640625 0.3359375
0.171875 0.3359375
0.1640625 0.34375
0.171875 0.34375
0.1796875 0.3359375
0.1875 0.3359375
0.1796875 0.34375
0.1875 0.34375
0.1328125 0.3515625
0.140625 0.3515625
0.1328125 0.359375
0.140625 0.359375
0.1484375 0.3515625
0.15625 0.3515625
0.1484375 0.359375
0.15625 0.359375
0.1328125 0.3671875
0.140625 0.3671875
0.1328125 0.375
0.140625 0.375
0.1484375 0.3671875
0.15625 0.3671875
0.1484375 0.375
0.15625 0.375
0.1640625 0.3515625
0.171875 0.3515625
0.1640625 0.359375
0.171875 0.359375
0.1796875 0.3515625
0.1875 0.3515625
0.1796875 0.359375
0.1875 0.359375
0.1640625 0.3671875
0.171875 0.3671875
0.1640625 0.375
0.171875 0.375
0.1796875 0.3671875
0.1875 0.3671875
0.1796875 0.375
0.1875 0.375
0.1953125 0.3203125
0.203125 0.3203125
0.1953125 0.328125
0.203125 0.328125
0.2109375 0.3203125
0.21875 0.3203125
0.2109375 0.328125
0.21875 0.328125
0.1953125 0.3359375
0.203125 0.3359375
0.1953125 0.34375
0.203125 0.34375
0.2109375 0.3359375
0.21875 0.3359375
0.2109375 0.34375
0.21875 0.34375
0.2265625 0.3203125
0.234375 0.3203125
0.2265625 0.328125
0.234375 0.328125
0.2421875 0.3203125
0.25 0.3203125
0.2421875 0.328125
0.25 0.328125
0.2265625 0.3359375
0.234375 0.3359375
0.2265625 0.34375
0.234375 0.34375
0.2421875 0.3359375
0.25 0.3359375
0.2421875 0.34375
0.25 0.34375
0.1953125 0.3515625
0.203125 0.3515625
0.1953125 0.359375
0.203125 0.359375
0.2109375 0.3515625
0.21875 0.3515625
0.2109375 0.359375
0.21875 0.359375
0.1953125 0.3671875
0.203125 0.3671875
0.1953125 0.375
0.203125 0.375
0.2109375 0.3671875
0.21875 0.3671875
0.2109375 0.375
0.21875 0.375
0.2265625 0.3515625
0.234375 0.3515625
0.2265625 0.359375
0.234375 0.359375
0.2421875 0.3515625
0.25 0.3515625
0.2421875 0.359375
0.25 0.359375
0.2265625 0.3671875
0.234375 0.3671875
0.2265625 0.375
0.234375 0.375
0.2421875 0.3671875
0.25 0.3671875
0.2421875 0.375
0.25 0.375
0.0078125 0.3828125
0 0.3828125
0.015625 0.3828125
0.0078125 0.390625
0 0.390625
0.015625 0.390625
0.0234375 0.3828125
0.03125 0.3828125
0.0234375 0.390625
0.03125 0.390625
0.0078125 0.3984375
0 0.3984375
0.015625 0.3984375
0.0078125 0.40625
0 0.40625
0.015625 0.40625
0.0234375 0.3984375
0.03125 0.3984375
0.0234375 0.40625
0.03125 0.40625
0.0390625 0.3828125
0.046875 0.3828125
0.0390625 0.390625
0.046875 0.390625
0.0546875 0.3828125
0.0625 0.3828125
0.0546875 0.390625
0.0625 0.390625
0.0390625 0.3984375
0.046875 0.3984375
0.0390625 0.40625
0.046875 0.40625
0.0546875 0.3984375
0.0625 0.3984375
0.0546875 0.40625
0.0625 0.40625
0.0078125 0.4140625
0 0.4140625
0.015625 0.4140625
0.0078125 0.421875
0 0.421875
0.015625 0.421875
0.0234375 0.4140625
0.03125 0.4140625
0.0234375 0.421875
0.03125 0.421875
0.0078125 0.4296875
0 0.4296875
0.015625 0.4296875
0.0078125 0.4375
0 0.4375
0.015625 0.4375
0.0234375 0.4296875
0.03125 0.4296875
0.0234375 0.4375
0.03125 0.4375
0.0390625 0.4140625
0.046875 0.4140625
0.0390625 0.421875
0.046875 0.421875
0.0546875 0.4140625
0.0625 0.4140625
0.0546875 0.421875
0.0625 0.421875
0.0390625 0.4296875
0.046875 0.4296875
0.0390625 0.4375
0.046875 0.4375
0.0546875 0.4296875
0.0625 0.4296875
0.0546875 0.4375
0.0625 0.4375
0.0703125 0.3828125
0.078125 0.3828125
0.0703125 0.390625
0.078125 0.390625
0.0859375 0.3828125
0.09375 0.3828125
0.0859375 0.390625
0.09375 0.390625
0.0703125 0.3984375
0.078125 0.3984375
0.0703125 0.40625
0.078125 0.40625
0.0859375 0.3984375
0.09375 0.3984375
0.0859375 0.40625
0.09375 0.40625
0.1015625 0.3828125
0.109375 0.3828125
0.1015625 0.390625
0.109375 0.390625
0.1171875 0.3828125
0.125 0.3828125
0.1171875 0.390625
0.125 0.390625
0.1015625 0.3984375
0.109375 0.3984375
0.1015625 0.40625
0.109375 0.40625
0.1171875 0.3984375
0.125 0.3984375
0.1171875 0.40625
0.125 0.40625
0.0703125 0.4140625
0.078125 0.4140625
0.0703125 0.421875
0.078125 0.421875
0.0859375 0.4140625
0.09375 0.4140625
0.0859375 0.421875
0.09375 0.421875
0.0703125 0.4296875
0.078125 0.4296875
0.0703125 0.4375
0.078125 0.4375
0.0859375 0.4296875
0.09375 0.4296875
0.0859375 0.4375
0.09375 0.4375
0.1015625 0.4140625
0.109375 0.4140625
0.1015625 0.421875
0.109375 0.421875
0.1171875 0.4140625
0.125 0.4140625
0.1171875 0.421875
0.125 0.421875
0.1015625 0.4296875
0.109375 0.4296875
0.1015625 0.4375
0.109375 0.4375
0.1171875 0.4296875
0.125 0.4296875
0.1171875 0.4375
0.125 0.4375
0.0078125 0.4453125
0 0.4453125
0.015625 0.4453125
0.0078125 0.453125
0 0.453125
0.015625 0.453125
0.0234375 0.4453125
0.03125 0.4453125
0.0234375 0.453125
0.03125 0.453125
0.0078125 0.4609375
0 0.4609375
0.015625 0.4609375
0.0078125 0.46875
0 0.46875
0.015625 0.46875
0.0234375 0.4609375
0.03125 0.4609375
0.0234375 0.46875
0.03125 0.46875
0.0390625 0.4453125
0.046875 0.4453125
0.0390625 0.453125
0.046875 0.453125
0.0546875 0.4453125
0.0625 0.4453125
0.0546875 0.453125
0.0625 0.453125
0.0390625 0.4609375
0.046875 0.4609375
0.0390625 0.46875
0.046875 0.46875
0.0546875 0.4609375
0.0625 0.4609375
0.0546875 0.46875
0.0625 0.46875
0.0078125 0.4765625
0 0.4765625
0.015625 0.4765625
0.0078125 0.484375
0 0.484375
0.015625 0.484375
0.0234375 0.4765625
0.03125 0.4765625
0.0234375 0.484375
0.03125 0.484375
0.0078125 0.4921875
0 0.4921875
0.015625 0.4921875
0.0078125 0.5
0 0.5
0.015625 0.5
0.0234375 0.4921875
0.03125 0.4921875
0.0234375 0.5
0.03125 0.5
0.0390625 0.4765625
0.046875 0.4765625
0.0390625 0.484375
0.046875 0.484375
0.0546875 0.4765625
0.0625 0.4765625
0.0546875 0.484375
0.0625 0.484375
0.0390625 0.4921875
0.046875 0.4921875
0.0390625 0.5
0.046875 0.5
0.0546875 0.4921875
0.0625 0.4921875
0.0546875 0.5
0.0625 0.5
0.0703125 0.4453125
0.078125 0.4453125
0.0703125 0.453125
0.078125 0.453125
0.0859375 0.4453125
0.09375 0.4453125
0.0859375 0.453125
0.09375 0.453125
0.0703125 0.4609375
0.078125 0.4609375
0.0703125 0.46875
0.078125 0.46875
0.0859375 0.4609375
0.09375 0.4609375
0.0859375 0.46875
0.09375 0.46875
0.1015625 0.4453125
0.109375 0.4453125
0.1015625 0.453125
0.109375 0.453125
0.1171875 0.4453125
0.125 0.4453125
0.1171875 0.453125
0.125 0.453125
0.1015625 0.4609375
0.109375 0.4609375
0.1015625 0.46875
0.109375 0.46875
0.1171875 0.4609375
0.125 0.4609375
0.1171875 0.46875
0.125 0.46875
0.0703125 0.4765625
0.078125 0.4765625
0.0703125 0.484375
0.078125 0.484375
0.0859375 0.4765625
0.09375 0.4765625
0.0859375 0.484375
0.09375 0.484375
0.0703125 0.4921875
0.078125 0.4921875
0.0703125 0.5
0.078125 0.5
0.0859375 0.4921875
0.09375 0.4921875
0.0859375 0.5
0.09375 0.5
0.1015625 0.4765625
0.109375 0.4765625
0.1015625 0.484375
0.109375 0.484375
0.1171875 0.4765625
0.125 0.4765625
0.1171875 0.484375
0.125 0.484375
0.1015625 0.4921875
0.109375 0.4921875
0.1015625 0.5
0.109375 0.5
0.1171875 0.4921875
0.125 0.4921875
0.1171875 0.5
0.125 0.5
0.1328125 0.3828125
0.140625 0.3828125
0.1328125 0.390625
0.140625 0.390625
0.1484375 0.3828125
0.15625 0.3828125
0.1484375 0.390625
0.15625 0.390625
0.1328125 0.3984375
0.140625 0.3984375
0.1328125 0.40625
0.140625 0.40625
0.1484375 0.3984375
0.15625 0.3984375
0.1484375 0.40625
0.15625 0.40625
0.1640625 0.3828125
0.171875 0.3828125
0.1640625 0.390625
0.171875 0.390625
0.1796875 0.3828125
0.1875 0.3828125
0.1796875 0.390625
0.1875 0.390625
0.1640625 0.3984375
0.171875 0.3984375
0.1640625 0.40625
0.171875 0.40625
0.1796875 0.3984375
0.1875 0.3984375
0.1796875 0.40625
0.1875 0.40625
0.1328125 0.4140625
0.140625 0.4140625
0.1328125 0.421875
0.140625 0.421875
0.1484375 0.4140625
0.15625 0.4140625
0.1484375 0.421875
0.15625 0.421875
0.1328125 0.4296875
0.140625 0.4296875
0.1328125 0.4375
0.140625 0.4375
0.1484375 0.4296875
0.15625 0.4296875
0.1484375 0.4375
0.15625 0.4375
0.1640625 0.4140625
0.171875 0.4140625
0.1640625 0.421875
0.171875 0.421875
0.1796875 0.4140625
0.1875 0.4140625
0.1796875 0.421875
0.1875 0.421875
0.1640625 0.4296875
0.171875 0.4296875
0.1640625 0.4375
0.171875 0.4375
0.1796875 0.4296875
0.1875 0.4296875
0.1796875 0.4375
0.1875 0.4375
0.1953125 0.3828125
0.203125 0.3828125
0.1953125 0.390625
0.203125 0.390625
0.2109375 0.3828125
0.21875 0.3828125
0.2109375 0.390625
0.21875 0.390625
0.1953125 0.3984375
0.203125 0.3984375
0.1953125 0.40625
0.203125 0.40625
0.2109375 0.3984375
0.21875 0.3984375
0.2109375 0.40625
0.21875 0.40625
0.2265625 0.3828125
0.234375 0.3828125
0.2265625 0.390625
0.234375 0.390625
0.2421875 0.3828125
0.25 0.3828125
0.2421875 0.390625
0.25 0.390625
0.2265625 0.3984375
0.234375 0.3984375
0.2265625 0.40625
0.234375 0.40625
0.2421875 0.3984375
0.25 0.3984375
0.2421875 0.40625
0.25 0.40625
0.1953125 0.4140625
0.203125 0.4140625
0.1953125 0.421875
0.203125 0.421875
0.2109375 0.4140625
0.21875 0.4140625
0.2109375 0.421875
0.21875 0.421875
0.1953125 0.4296875
0.203125 0.4296875
0.1953125 0.4375
0.203125 0.4375
0.2109375 0.4296875
0.21875 0.4296875
0.2109375 0.4375
0.21875 0.4375
0.2265625 0.4140625
0.234375 0.4140625
0.2265625 0.421875
0.234375 0.421875
0.2421875 0.4140625
0.25 0.4140625
0.2421875 0.421875
0.25 0.421875
0.2265625 0.4296875
0.234375 0.4296875
0.2265625 0.4375
0.234375 0.4375
0.2421875 0.4296875
0.25 0.4296875
0.2421875 0.4375
0.25 0.4375
0.1328125 0.4453125
0.140625 0.4453125
0.1328125 0.453125
0.140625 0.453125
0.1484375 0.4453125
0.15625 0.4453125
0.1484375 0.453125
0.15625 0.453125
0.1328125 0.4609375
0.140625 0.4609375
0.1328125 0.46875
0.140625 0.46875
0.1484375 0.4609375
0.15625 0.4609375
0.1484375 0.46875
0.15625 0.46875
0.1640625 0.4453125
0.171875 0.4453125
0.1640625 0.453125
0.171875 0.453125
0.1796875 0.4453125
0.1875 0.4453125
0.1796875 0.453125
0.1875 0.453125
0.1640625 0.4609375
0.171875 0.4609375
0.1640625 0.46875
0.171875 0.46875
0.1796875 0.4609375
0.1875 0.4609375
0.1796875 0.46875
0.1875 0.46875
0.1328125 0.4765625
0.140625 0.4765625
0.1328125 0.484375
0.140625 0.484375
0.1484375 0.4765625
0.15625 0.4765625
0.1484375 0.484375
0.15625 0.484375
0.1328125 0.4921875
0.140625 0.4921875
0.1328125 0.5
0.140625 0.5
0.1484375 0.4921875
0.15625 0.4921875
0.1484375 0.5
0.15625 0.5
0.1640625 0.4765625
0.171875 0.4765625
0.1640625 0.484375
0.171875 0.484375
0.1796875 0.4765625
0.1875 0.4765625
0.1796875 0.484375
0.1875 0.484375
0.1640625 0.4921875
0.171875 0.4921875
0.1640625 0.5
0.171875 0.5
0.1796875 0.4921875
0.1875 0.4921875
0.1796875 0.5
0.1875 0.5
0.1953125 0.4453125
0.203125 0.4453125
0.1953125 0.453125
0.203125 0.453125
0.2109375 0.4453125
0.21875 0.4453125
0.2109375 0.453125
0.21875 0.453125
0.1953125 0.4609375
0.203125 0.4609375
0.1953125 0.46875
0.203125 0.46875
0.2109375 0.4609375
0.21875 0.4609375
0.2109375 0.46875
0.21875 0.46875
0.2265625 0.4453125
0.234375 0.4453125
0.2265625 0.453125
0.234375 0.453125
0.2421875 0.4453125
0.25 0.4453125
0.2421875 0.453125
0.25 0.453125
0.2265625 0.4609375
0.234375 0.4609375
0.2265625 0.46875
0.234375 0.46875
0.2421875 0.4609375
0.25 0.4609375
0.2421875 0.46875
0.25 0.46875
0.1953125 0.4765625
0.203125 0.4765625
0.1953125 0.484375
0.203125 0.484375
0.2109375 0.4765625
0.21875 0.4765625
0.2109375 0.484375
0.21875 0.484375
0.1953125 0.4921875
0.203125 0.4921875
0.1953125 0.5
0.203125 0.5
0.2109375 0.4921875
0.21875 0.4921875
0.2109375 0.5
0.21875 0.5
0.2265625 0.4765625
0.234375 0.4765625
0.2265625 0.484375
0.234375 0.484375
0.2421875 0.4765625
0.25 0.4765625
0.2421875 0.484375
0.25 0.484375
0.2265625 0.4921875
0.234375 0.4921875
0.2265625 0.5
0.234375 0.5
0.2421875 0.4921875
0.25 0.4921875
0.2421875 0.5
0.25 0.5
0.0078125 0.5078125
0 0.5078125
0.015625 0.5078125
0.0078125 0.515625
0 0.515625
0.015625 0.515625
0.0234375 0.5078125
0.03125 0.5078125
0.0234375 0.515625
0.03125 0.515625
0.0078125 0.5234375
0 0.5234375
0.015625 0.5234375
0.0078125 0.53125
0 0.53125
0.015625 0.53125
0.0234375 0.5234375
0.03125 0.5234375
0.0234375 0.53125
0.03125 0.53125
0.0390625 0.5078125
0.046875 0.5078125
0.0390625 0.515625
0.046875 0.515625
0.0546875 0.5078125
0.0625 0.5078125
0.0546875 0.515625
0.0625 0.515625
0.0390625 0.5234375
0.046875 0.5234375
0.0390625 0.53125
0.046875 0.53125
0.0546875 0.5234375
0.0625 0.5234375
0.0546875 0.53125
0.0625 0.53125
0.0078125 0.5390625
0 0.5390625
0.015625 0.5390625
0.0078125 0.546875
0 0.546875
0.015625 0.546875
0.0234375 0.5390625
0.03125 0.5390625
0.0234375 0.546875
0.03125 0.546875
0.0078125 0.5546875
0 0.5546875
0.015625 0.5546875
0.0078125 0.5625
0 0.5625
0.015625 0.5625
0.0234375 0.5546875
0.03125 0.5546875
0.0234375 0.5625
0.03125 0.5625
0.0390625 0.5390625
0.046875 0.5390625
0.0390625 0.546875
0.046875 0.546875
0.0546875 0.5390625
0.0625 0.5390625
0.0546875 0.546875
0.0625 0.546875
0.0390625 0.5546875
0.046875 0.5546875
0.0390625 0.5625
0.046875 0.5625
0.0546875 0.5546875
0.0625 0.5546875
0.0546875 0.5625
0.0625 0.5625
0.0703125 0.5078125
0.078125 0.5078125
0.0703125 0.515625
0.078125 0.515625
0.0859375 0.5078125
0.09375 0.5078125
0.0859375 0.515625
0.09375 0.515625
0.0703125 0.5234375
0.078125 0.5234375
0.0703125 0.53125
0.078125 0.53125
0.0859375 0.5234375
0.09375 0.5234375
0.0859375 0.53125
0.09375 0.53125
0.1015625 0.5078125
0.109375 0.5078125
0.1015625 0.515625
0.109375 0.515625
0.1171875 0.5078125
0.125 0.5078125
0.1171875 0.515625
0.125 0.515625
0.1015625 0.5234375
0.109375 0.5234375
0.1015625 0.53125
0.109375 0.53125
0.1171875 0.5234375
0.125 0.5234375
0.1171875 0.53125
0.125 0.53125
0.0703125 0.5390625
0.078125 0.5390625
0.0703125 0.546875
0.078125 0.546875
0.0859375 0.5390625
0.09375 0.5390625
0.0859375 0.546875
0.09375 0.546875
0.0703125 0.5546875
0.078125 0.5546875
0.0703125 0.5625
0.078125 0.5625
0.0859375 0.5546875
0.09375 0.5546875
0.0859375 0.5625
0.09375 0.5625
0.1015625 0.5390625
0.109375 0.5390625
0.1015625 0.546875
0.109375 0.546875
0.1171875 0.5390625
0.125 0.5390625
0.1171875 0.546875
0.125 0.546875
0.1015625 0.5546875
0.109375 0.5546875
0.1015625 0.5625
0.109375 0.5625
0.1171875 0.5546875
0.125 0.5546875
0.1171875 0.5625
0.125 0.5625
0.0078125 0.5703125
0 0.5703125
0.015625 0.5703125
0.0078125 0.578125
0 0.578125
0.015625 0.578125
0.0234375 0.5703125
0.03125 0.5703125
0.0234375 0.578125
0.03125 0.578125
0.0078125 0.5859375
0 0.5859375
0.015625 0.5859375
0.0078125 0.59375
0 0.59375
0.015625 0.59375
0.0234375 0.5859375
0.03125 0.5859375
0.0234375 0.59375
0.03125 0.59375
0.0390625 0.5703125
0.046875 0.5703125
0.0390625 0.578125
0.046875 0.578125
0.0546875 0.5703125
0.0625 0.5703125
0.0546875 0.578125
0.0625 0.578125
0.0390625 0.5859375
0.046875 0.5859375
0.0390625 0.59375
0.046875 0.59375
0.0546875 0.5859375
0.0625 0.5859375
0.0546875 0.59375
0.0625 0.59375
0.0078125 0.6015625
0 0.6015625
0.015625 0.6015625
0.0078125 0.609375
0 0.609375
0.015625 0.609375
0.0234375 0.6015625
0.03125 0.6015625
0.0234375 0.609375
0.03125 0.609375
0.0078125 0.6171875
0 0.6171875
0.015625 0.6171875
0.0078125 0.625
0 0.625
0.015625 0.625
0.0234375 0.6171875
0.03125 0.6171875
0.0234375 0.625
0.03125 0.625
0.0390625 0.6015625
0.046875 0.6015625
0.0390625 0.609375
0.046875 0.609375
0.0546875 0.6015625
0.0625 0.6015625
0.0546875 0.609375
0.0625 0.609375
0.0390625 0.6171875
0.046875 0.6171875
0.0390625 0.625
0.046875 0.625
0.0546875 0.6171875
0.0625 0.6171875
0.0546875 0.625
0.0625 0.625
0.0703125 0.5703125
0.078125 0.5703125
0.0703125 0.578125
0.078125 0.578125
0.0859375 0.5703125
0.09375 0.5703125
0.0859375 0.578125
0.09375 0.578125
0.0703125 0.5859375
0.078125 0.5859375
0.0703125 0.59375
0.078125 0.59375
0.0859375 0.5859375
0.09375 0.5859375
0.0859375 0.59375
0.09375 0.59375
0.1015625 0.5703125
0.109375 0.5703125
0.1015625 0.578125
0.109375 0.578125
0.1171875 0.5703125
0.125 0.5703125
0.1171875 0.578125
0.125 0.578125
0.1015625 0.5859375
0.109375 0.5859375
0.1015625 0.59375
0.109375 0.59375
0.1171875 0.5859375
0.125 0.5859375
0.1171875 0.59375
0.125 0.59375
0.0703125 0.6015625
0.078125 0.6015625
0.0703125 0.609375
0.078125 0.609375
0.0859375 0.6015625
0.09375 0.6015625
0.0859375 0.609375
0.09375 0.609375
0.0703125 0.6171875
0.078125 0.6171875
0.0703125 0.625
0.078125 0.625
0.0859375 0.6171875
0.09375 0.6171875
0.0859375 0.625
0.09375 0.625
0.1015625 0.6015625
0.109375 0.6015625
0.1015625 0.609375
0.109375 0.609375
0.1171875 0.6015625
0.125 0.6015625
0.1171875 0.609375
0.125 0.609375
0.1015625 0.6171875
0.109375 0.6171875
0.1015625 0.625
0.109375 0.625
0.1171875 0.6171875
0.125 0.6171875
0.1171875 0.625
0.125 0.625
0.1328125 0.5078125
0.140625 0.5078125
0.1328125 0.515625
0.140625 0.515625
0.1484375 0.5078125
0.15625 0.5078125
0.1484375 0.515625
0.15625 0.515625
0.1328125 0.5234375
0.140625 0.5234375
0.1328125 0.53125
0.140625 0.53125
0.1484375 0.5234375
0.15625 0.5234375
0.1484375 0.53125
0.15625 0.53125
0.1640625 0.5078125
0.171875 0.5078125
0.1640625 0.515625
0.171875 0.515625
0.1796875 0.5078125
0.1875 0.5078125
0.1796875 0.515625
0.1875 0.515625
0.1640625 0.5234375
0.171875 0.5234375
0.1640625 0.53125
0.171875 0.53125
0.1796875 0.5234375
0.1875 0.5234375
0.1796875 0.53125
0.1875 0.53125
0.1328125 0.5390625
0.140625 0.5390625
0.1328125 0.546875
0.140625 0.546875
0.1484375 0.5390625
0.15625 0.5390625
0.1484375 0.546875
0.15625 0.546875
0.1328125 0.5546875
0.140625 0.5546875
0.1328125 0.5625
0.140625 0.5625
0.1484375 0.5546875
0.15625 0.5546875
0.1484375 0.5625
0.15625 0.5625
0.1640625 0.5390625
0.171875 0.5390625
0.1640625 0.546875
0.171875 0.546875
0.1796875 0.5390625
0.1875 0.5390625
0.1796875 0.546875
0.1875 0.546875
0.1640625 0.5546875
0.171875 0.5546875
0.1640625 0.5625
0.171875 0.5625
0.1796875 0.5546875
0.1875 0.5546875
0.1796875 0.5625
0.1875 0.5625
0.1953125 0.5078125
0.203125 0.5078125
0.1953125 0.515625
0.203125 0.515625
0.2109375 0.5078125
0.21875 0.5078125
0.2109375 0.515625
0.21875 0.515625
0.1953125 0.5234375
0.203125 0.5234375
0.1953125 0.53125
0.203125 0.53125
0.2109375 0.5234375
0.21875 0.5234375
0.2109375 0.53125
0.21875 0.53125
0.2265625 0.5078125
0.234375 0.5078125
0.2265625 0.515625
0.234375 0.515625
0.2421875 0.5078125
0.25 0.5078125
0.2421875 0.515625
0.25 0.515625
0.2265625 0.5234375
0.234375 0.5234375
0.2265625 0.53125
0.234375 0.53125
0.2421875 0.5234375
0.25 0.5234375
0.2421875 0.53125
0.25 0.53125
0.1953125 0.5390625
0.203125 0.5390625
0.1953125 0.546875
0.203125 0.546875
0.2109375 0.5390625
0.21875 0.5390625
0.2109375 0.546875
0.21875 0.546875
0.1953125 0.5546875
0.203125 0.5546875
0.1953125 0.5625
0.203125 0.5625
0.2109375 0.5546875
0.21875 0.5546875
0.2109375 0.5625
0.21875 0.5625
0.2265625 0.5390625
0.234375 0.5390625
0.2265625 0.546875
0.234375 0.546875
0.2421875 0.5390625
0.25 0.5390625
0.2421875 0.546875
0.25 0.546875
0.2265625 0.5546875
0.234375 0.5546875
0.2265625 0.5625
0.234375 0.5625
0.2421875 0.5546875
0.25 0.5546875
0.2421875 0.5625
0.25 0.5625
0.1328125 0.5703125
0.140625 0.5703125
0.1328125 0.578125
0.140625 0.578125
0.1484375 0.5703125
0.15625 0.5703125
0.1484375 0.578125
0.15625 0.578125
0.1328125 0.5859375
0.140625 0.5859375
0.1328125 0.59375
0.140625 0.59375
0.1484375 0.5859375
0.15625 0.5859375
0.1484375 0.59375
0.15625 0.59375
0.1640625 0.5703125
0.171875 0.5703125
0.1640625 0.578125
0.171875 0.578125
0.1796875 0.5703125
0.1875 0.5703125
0.1796875 0.578125
0.1875 0.578125
0.1640625 0.5859375
0.171875 0.5859375
0.1640625 0.59375
0.171875 0.59375
0.1796875 0.5859375
0.1875 0.5859375
0.1796875 0.59375
0.1875 0.59375
0.1328125 0.6015625
0.140625 0.6015625
0.1328125 0.609375
0.140625 0.609375
0.1484375 0.6015625
0.15625 0.6015625
0.1484375 0.609375
0.15625 0.609375
0.1328125 0.6171875
0.140625 0.6171875
0.1328125 0.625
0.140625 0.625
0.1484375 0.6171875
0.15625 0.6171875
0.1484375 0.625
0.15625 0.625
0.1640625 0.6015625
0.171875 0.6015625
0.1640625 0.609375
0.171875 0.609375
0.1796875 0.6015625
0.1875 0.6015625
0.1796875 0.609375
0.1875 0.609375
0.1640625 0.6171875
0.171875 0.6171875
0.1640625 0.625
0.171875 0.625
0.1796875 0.6171875
0.1875 0.6171875
0.1796875 0.625
0.1875 0.625
0.1953125 0.5703125
0.203125 0.5703125
0.1953125 0.578125
0.203125 0.578125
0.2109375 0.5703125
0.21875 0.5703125
0.2109375 0.578125
0.21875 0.578125
0.1953125 0.5859375
0.203125 0.5859375
0.1953125 0.59375
0.203125 0.59375
0.2109375 0.5859375
0.21875 0.5859375
0.2109375 0.59375
0.21875 0.59375
0.2265625 0.5703125
0.234375 0.5703125
0.2265625 0.578125
0.234375 0.578125
0.2421875 0.5703125
0.25 0.5703125
0.2421875 0.578125
0.25 0.578125
0.2265625 0.5859375
0.234375 0.5859375
0.2265625 0.59375
0.234375 0.59375
0.2421875 0.5859375
0.25 0.5859375
0.2421875 0.59375
0.25 0.59375
0.1953125 0.6015625
0.203125 0.6015625
0.1953125 0.609375
0.203125 0.609375
0.2109375 0.6015625
0.21875 0.6015625
0.2109375 0.609375
0.21875 0.609375
0.1953125 0.6171875
0.203125 0.6171875
0.1953125 0.625
0.203125 0.625
0.2109375 0.6171875
0.21875 0.6171875
0.2109375 0.625
0.21875 0.625
0.2265625 0.6015625
0.234375 0.6015625
0.2265625 0.609375
0.234375 0.609375
0.2421875 0.6015625
0.25 0.6015625
0.2421875 0.609375
0.25 0.609375
0.2265625 0.6171875
0.234375 0.6171875
0.2265625 0.625
0.234375 0.625
0.2421875 0.6171875
0.25 0.6171875
0.2421875 0.625
0.25 0.625
0.0078125 0.6328125
0 0.6328125
0.015625 0.6328125
0.0078125 0.640625
0 0.640625
0.015625 0.640625
0.0234375 0.6328125
0.03125 0.6328125
0.0234375 0.640625
0.03125 0.640625
0.0078125 0.6484375
0 0.6484375
0.015625 0.6484375
0.0078125 0.65625
0 0.65625
0.015625 0.65625
0.0234375 0.6484375
0.03125 0.6484375
0.0234375 0.65625
0.03125 0.65625
0.0390625 0.6328125
0.046875 0.6328125
0.0390625 0.640625
0.046875 0.640625
0.0546875 0.6328125
0.0625 0.6328125
0.0546875 0.640625
0.0625 0.640625
0.0390625 0.6484375
0.046875 0.6484375
0.0390625 0.65625
0.046875 0.65625
0.0546875 0.6484375
0.0625 0.6484375
0.0546875 0.65625
0.0625 0.65625
0.0078125 0.6640625
0 0.6640625
0.015625 0.6640625
0.0078125 0.671875
0 0.671875
0.015625 0.671875
0.0234375 0.6640625
0.03125 0.6640625
0.0234375 0.671875
0.03125 0.671875
0.0078125 0.6796875
0 0.6796875
0.015625 0.6796875
0.0078125 0.6875
0 0.6875
0.015625 0.6875
0.0234375 0.6796875
0.03125 0.6796875
0.0234375 0.6875
0.03125 0.6875
0.0390625 0.6640625
0.046875 0.6640625
0.0390625 0.671875
0.046875 0.671875
0.0546875 0.6640625
0.0625 0.6640625
0.0546875 0.671875
0.0625 0.671875
0.0390625 0.6796875
0.046875 0.6796875
0.0390625 0.6875
0.046875 0.6875
0.0546875 0.6796875
0.0625 0.6796875
0.0546875 0.6875
0.0625 0.6875
0.0703125 0.6328125
0.078125 0.6328125
0.0703125 0.640625
0.078125 0.640625
0.0859375 0.6328125
0.09375 0.6328125
0.0859375 0.640625
0.09375 0.640625
0.0703125 0.6484375
0.078125 0.6484375
0.0703125 0.65625
0.078125 0.65625
0.0859375 0.6484375
0.09375 0.6484375
0.0859375 0.65625
0.09375 0.65625
0.1015625 0.6328125
0.109375 0.6328125
0.1015625 0.640625
0.109375 0.640625
0.1171875 0.6328125
0.125 0.6328125
0.1171875 0.640625
0.125 0.640625
0.1015625 0.6484375
0.109375 0.6484375
0.1015625 0.65625
0.109375 0.65625
0.1171875 0.6484375
0.125 0.6484375
0.1171875 0.65625
0.125 0.65625
0.0703125 0.6640625
0.078125 0.6640625
0.0703125 0.671875
0.078125 0.671875
0.0859375 0.6640625
0.09375 0.6640625
0.0859375 0.671875
0.09375 0.671875
0.0703125 0.6796875
0.078125 0.6796875
0.0703125 0.6875
0.078125 0.6875
0.0859375 0.6796875
0.09375 0.6796875
0.0859375 0.6875
0.09375 0.6875
0.1015625 0.6640625
0.109375 0.6640625
0.1015625 0.671875
0.109375 0.671875
0.1171875 0.6640625
0.125 0.6640625
0.1171875 0.671875
0.125 0.671875
0.1015625 0.6796875
0.109375 0.6796875
0.1015625 0.6875
0.109375 0.6875
0.1171875 0.6796875
0.125 0.6796875
0.1171875 0.6875
0.125 0.6875
0.0078125 0.6953125
0 0.6953125
0.015625 0.6953125
0.0078125 0.703125
0 0.703125
0.015625 0.703125
0.0234375 0.6953125
0.03125 0.6953125
0.0234375 0.703125
0.03125 0.703125
0.0078125 0.7109375
0 0.7109375
0.015625 0.7109375
0.0078125 0.71875
0 0.71875
0.015625 0.71875
0.0234375 0.7109375
0.03125 0.7109375
0.0234375 0.71875
0.03125 0.71875
0.0390625 0.6953125
0.046875 0.6953125
0.0390625 0.703125
0.046875 0.703125
0.0546875 0.6953125
0.0625 0.6953125
0.0546875 0.703125
0.0625 0.703125
0.0390625 0.7109375
0.046875 0.7109375
0.0390625 0.71875
0.046875 0.71875
0.0546875 0.7109375
0.0625 0.7109375
0.0546875 0.71875
0.0625 0.71875
0.0078125 0.7265625
0 0.7265625
0.015625 0.7265625
0.0078125 0.734375
0 0.734375
0.015625 0.734375
0.0234375 0.7265625
0.03125 0.7265625
0.0234375 0.734375
0.03125 0.734375
0.0078125 0.7421875
0 0.7421875
0.015625 0.7421875
0.0078125 0.75
0 0.75
0.015625 0.75
0.0234375 0.7421875
0.03125 0.7421875
0.0234375 0.75
0.03125 0.75
0.0390625 0.7265625
0.046875 0.7265625
0.0390625 0.734375
0.046875 0.734375
0.0546875 0.7265625
0.0625 0.7265625
0.0546875 0.734375
0.0625 0.734375
0.0390625 0.7421875
0.046875 0.7421875
0.0390625 0.75
0.046875 0.75
0.0546875 0.7421875
0.0625 0.7421875
0.0546875 0.75
0.0625 0.75
0.0703125 0.6953125
0.078125 0.6953125
0.0703125 0.703125
0.078125 0.703125
0.0859375 0.6953125
0.09375 0.6953125
0.0859375 0.703125
0.09375 0.703125
0.0703125 0.7109375
0.078125 0.7109375
0.0703125 0.71875
0.078125 0.71875
0.0859375 0.7109375
0.09375 0.7109375
0.0859375 0.71875
0.09375 0.71875
0.1015625 0.6953125
0.109375 0.6953125
0.1015625 0.703125
0.109375 0.703125
0.1171875 0.6953125
0.125 0.6953125
0.1171875 0.703125
0.125 0.703125
0.1015625 0.7109375
0.109375 0.7109375
0.1015625 0.71875
0.109375 0.71875
0.1171875 0.7109375
0.125 0.7109375
0.1171875 0.71875
0.125 0.71875
0.0703125 0.7265625
0.078125 0.7265625
0.0703125 0.734375
0.078125 0.734375
0.0859375 0.7265625
0.09375 0.7265625
0.0859375 0.734375
0.09375 0.734375
0.0703125 0.7421875
0.078125 0.7421875
0.0703125 0.75
0.078125 0.75
0.0859375 0.7421875
0.09375 0.7421875
0.0859375 0.75
0.09375 0.75
0.1015625 0.7265625
0.109375 0.7265625
0.1015625 0.734375
0.109375 0.734375
0.1171875 0.7265625
0.125 0.7265625
0.1171875 0.734375
0.125 0.734375
0.1015625 0.7421875
0.109375 0.7421875
0.1015625 0.75
0.109375 0.75
0.1171875 0.7421875
0.125 0.7421875
0.1171875 0.75
0.125 0.75
0.1328125 0.6328125
0.140625 0.6328125
0.1328125 0.640625
0.140625 0.640625
0.1484375 0.6328125
0.15625 0.6328125
0.1484375 0.640625
0.15625 0.640625
0.1328125 0.6484375
0.140625 0.6484375
0.1328125 0.65625
0.140625 0.65625
0.1484375 0.6484375
0.15625 0.6484375
0.1484375 0.65625
0.15625 0.65625
0.1640625 0.6328125
0.171875 0.6328125
0.1640625 0.640625
0.171875 0.640625
0.1796875 0.6328125
0.1875 0.6328125
0.1796875 0.640625
0.1875 0.640625
0.1640625 0.6484375
0.171875 0.6484375
0.1640625 0.65625
0.171875 0.65625
0.1796875 0.6484375
0.1875 0.6484375
0.1796875 0.65625
0.1875 0.65625
0.1328125 0.6640625
0.140625 0.6640625
0.1328125 0.671875
0.140625 0.671875
0.1484375 0.6640625
0.15625 0.6640625
0.1484375 0.671875
0.15625 0.671875
0.1328125 0.6796875
0.140625 0.6796875
0.1328125 0.6875
0.140625 0.6875
0.1484375 0.6796875
0.15625 0.6796875
0.1484375 0.6875
0.15625 0.6875
0.1640625 0.6640625
0.171875 0.6640625
0.1640625 0.671875
0.171875 0.671875
0.1796875 0.6640625
0.1875 0.6640625
0.1796875 0.671875
0.1875 0.671875
0.1640625 0.6796875
0.171875 0.6796875
0.1640625 0.6875
0.171875 0.6875
0.1796875 0.6796875
0.1875 0.6796875
0.1796875 0.6875
0.1875 0.6875
0.1953125 0.6328125
0.203125 0.6328125
0.1953125 0.640625
0.203125 0.640625
0.2109375 0.6328125
0.21875 0.6328125
0.2109375 0.640625
0.21875 0.640625
0.1953125 0.6484375
0.203125 0.6484375
0.1953125 0.65625
0.203125 0.65625
0.2109375 0.6484375
0.21875 0.6484375
0.2109375 0.65625
0.21875 0.65625
0.2265625 0.6328125
0.234375 0.6328125
0.2265625 0.640625
0.234375 0.640625
0.2421875 0.6328125
0.25 0.6328125
0.2421875 0.640625
0.25 0.640625
0.2265625 0.6484375
0.234375 0.6484375
0.2265625 0.65625
0.234375 0.65625
0.2421875 0.6484375
0.25 0.6484375
0.2421875 0.65625
0.25 0.65625
0.1953125 0.6640625
0.203125 0.6640625
0.1953125 0.671875
0.203125 0.671875
0.2109375 0.6640625
0.21875 0.6640625
0.2109375 0.671875
0.21875 0.671875
0.1953125 0.6796875
0.203125 0.6796875
0.1953125 0.6875
0.203125 0.6875
0.2109375 0.6796875
0.21875 0.6796875
0.2109375 0.6875
0.21875 0.6875
0.2265625 0.6640625
0.234375 0.6640625
0.2265625 0.671875
0.234375 0.671875
0.2421875 0.6640625
0.25 0.6640625
0.2421875 0.671875
0.25 0.671875
0.2265625 0.6796875
0.234375 0.6796875
0.2265625 0.6875
0.234375 0.6875
0.2421875 0.6796875
0.25 0.6796875
0.2421875 0.6875
0.25 0.6875
0.1328125 0.6953125
0.140625 0.6953125
0.1328125 0.703125
0.140625 0.703125
0.1484375 0.6953125
0.15625 0.6953125
0.1484375 0.703125
0.15625 0.703125
0.1328125 0.7109375
0.140625 0.7109375
0.1328125 0.71875
0.140625 0.71875
0.1484375 0.7109375
0.15625 0.7109375
0.1484375 0.71875
0.15625 0.71875
0.1640625 0.6953125
0.171875 0.6953125
0.1640625 0.703125
0.171875 0.703125
0.1796875 0.6953125
0.1875 0.6953125
0.1796875 0.703125
0.1875 0.703125
0.1640625 0.7109375
0.171875 0.7109375
0.1640625 0.71875
0.171875 0.71875
0.1796875 0.7109375
0.1875 0.7109375
0.1796875 0.71875
0.1875 0.71875
0.1328125 0.7265625
0.140625 0.7265625
0.1328125 0.734375
0.140625 0.734375
0.1484375 0.7265625
0.15625 0.7265625
0.1484375 0.734375
0.15625 0.734375
0.1328125 0.7421875
0.140625 0.7421875
0.1328125 0.75
0.140625 0.75
0.1484375 0.7421875
0.15625 0.7421875
0.1484375 0.75
0.15625 0.75
0.1640625 0.7265625
0.171875 0.7265625
0.1640625 0.734375
0.171875 0.734375
0.1796875 0.7265625
0.1875 0.7265625
0.1796875 0.734375
0.1875 0.734375
0.1640625 0.7421875
0.171875 0.7421875
0.1640625 0.75
0.171875 0.75
0.1796875 0.7421875
0.1875 0.7421875
0.1796875 0.75
0.1875 0.75
0.1953125 0.6953125
0.203125 0.6953125
0.1953125 0.703125
0.203125 0.703125
0.2109375 0.6953125
0.21875 0.6953125
0.2109375 0.703125
0.21875 0.703125
0.1953125 0.7109375
0.203125 0.7109375
0.1953125 0.71875
0.203125 0.71875
0.2109375 0.7109375
0.21875 0.7109375
0.2109375 0.71875
0.21875 0.71875
0.2265625 0.6953125
0.234375 0.6953125
0.2265625 0.703125
0.234375 0.703125
0.2421875 0.6953125
0.25 0.6953125
0.2421875 0.703125
0.25 0.703125
0.2265625 0.7109375
0.234375 0.7109375
0.2265625 0.71875
0.234375 0.71875
0.2421875 0.7109375
0.25 0.7109375
0.2421875 0.71875
0.25 0.71875
0.1953125 0.7265625
0.203125 0.7265625
0.1953125 0.734375
0.203125 0.734375
0.2109375 0.7265625
0.21875 0.7265625
0.2109375 0.734375
0.21875 0.734375
0.1953125 0.7421875
0.203125 0.7421875
0.1953125 0.75
0.203125 0.75
0.2109375 0.7421875
0.21875 0.7421875
0.2109375 0.75
0.21875 0.75
0.2265625 0.7265625
0.234375 0.7265625
0.2265625 0.734375
0.234375 0.734375
0.2421875 0.7265625
0.25 0.7265625
0.2421875 0.734375
0.25 0.734375
0.2265625 0.7421875
0.234375 0.7421875
0.2265625 0.75
0.234375 0.75
0.2421875 0.7421875
0.25 0.7421875
0.2421875 0.75
0.25 0.75
0.0078125 0.7578125
0 0.7578125
0.015625 0.7578125
0.0078125 0.765625
0 0.765625
0.015625 0.765625
0.0234375 0.7578125
0.03125 0.7578125
0.0234375 0.765625
0.03125 0.765625
0.0078125 0.7734375
0 0.7734375
0.015625 0.7734375
0.0078125 0.78125
0 0.78125
0.015625 0.78125
0.0234375 0.7734375
0.03125 0.7734375
0.0234375 0.78125
0.03125 0.78125
0.0390625 0.7578125
0.046875 0.7578125
0.0390625 0.765625
0.046875 0.765625
0.0546875 0.7578125
0.0625 0.7578125
0.0546875 0.765625
0.0625 0.765625
0.0390625 0.7734375
0.046875 0.7734375
0.0390625 0.78125
0.046875 0.78125
0.0546875 0.7734375
0.0625 0.7734375
0.0546875 0.78125
0.0625 0.78125
0.0078125 0.7890625
0 0.7890625
0.015625 0.7890625
0.0078125 0.796875
0 0.796875
0.015625 0.796875
0.0234375 0.7890625
0.03125 0.7890625
0.0234375 0.796875
0.03125 0.796875
0.0078125 0.8046875
0 0.8046875
0.015625 0.8046875
0.0078125 0.8125
0 0.8125
0.015625 0.8125
0.0234375 0.8046875
0.03125 0.8046875
0.0234375 0.8125
0.03125 0.8125
0.0390625 0.7890625
0.046875 0.7890625
0.0390625 0.796875
0.046875 0.796875
0.0546875 0.7890625
0.0625 0.7890625
0.0546875 0.796875
0.0625 0.796875
0.0390625 0.8046875
0.046875 0.8046875
0.0390625 0.8125
0.046875 0.8125
0.0546875 0.8046875
0.0625 0.8046875
0.0546875 0.8125
0.0625 0.8125
0.0703125 0.7578125
0.078125 0.7578125
0.0703125 0.765625
0.078125 0.765625
0.0859375 0.7578125
0.09375 0.7578125
0.0859375 0.765625
0.09375 0.765625
0.0703125 0.7734375
0.078125 0.7734375
0.0703125 0.78125
0.078125 0.78125
0.0859375 0.7734375
0.09375 0.7734375
0.0859375 0.78125
0.09375 0.78125
0.1015625 0.7578125
0.109375 0.7578125
0.1015625 0.765625
0.109375 0.765625
0.1171875 0.7578125
0.125 0.7578125
0.1171875 0.765625
0.125 0.765625
0.1015625 0.7734375
0.109375 0.7734375
0.1015625 0.78125
0.109375 0.78125
0.1171875 0.7734375
0.125 0.7734375
0.1171875 0.78125
0.125 0.78125
0.0703125 0.7890625
0.078125 0.7890625
0.0703125 0.796875
0.078125 0.796875
0.0859375 0.7890625
0.09375 0.7890625
0.0859375 0.796875
0.09375 0.796875
0.0703125 0.8046875
0.078125 0.8046875
0.0703125 0.8125
0.078125 0.8125
0.0859375 0.8046875
0.09375 0.8046875
0.0859375 0.8125
0.09375 0.8125
0.1015625 0.7890625
0.109375 0.7890625
0.1015625 0.796875
0.109375 0.796875
0.1171875 0.7890625
0.125 0.7890625
0.1171875 0.796875
0.125 0.796875
0.1015625 0.8046875
0.109375 0.8046875
0.1015625 0.8125
0.109375 0.8125
0.1171875 0.8046875
0.125 0.8046875
0.1171875 0.8125
0.125 0.8125
0.0078125 0.8203125
0 0.8203125
0.015625 0.8203125
0.0078125 0.828125
0 0.828125
0.015625 0.828125
0.0234375 0.8203125
0.03125 0.8203125
0.0234375 0.828125
0.03125 0.828125
0.0078125 0.8359375
0 0.8359375
0.015625 0.8359375
0.0078125 0.84375
0 0.84375
0.015625 0.84375
0.0234375 0.8359375
0.03125 0.8359375
0.0234375 0.84375
0.03125 0.84375
0.0390625 0.8203125
0.046875 0.8203125
0.0390625 0.828125
0.046875 0.828125
0.0546875 0.8203125
0.0625 0.8203125
0.0546875 0.828125
0.0625 0.828125
0.0390625 0.8359375
0.046875 0.8359375
0.0390625 0.84375
0.046875 0.84375
0.0546875 0.8359375
0.0625 0.8359375
0.0546875 0.84375
0.0625 0.84375
0.0078125 0.8515625
0 0.8515625
0.015625 0.8515625
0.0078125 0.859375
0 0.859375
0.015625 0.859375
0.0234375 0.8515625
0.03125 0.8515625
0.0234375 0.859375
0.03125 0.859375
0.0078125 0.8671875
0 0.8671875
0.015625 0.8671875
0.0078125 0.875
0 0.875
0.015625 0.875
0.0234375 0.8671875
0.03125 0.8671875
0.0234375 0.875
0.03125 0.875
0.0390625 0.8515625
0.046875 0.8515625
0.0390625 0.859375
0.046875 0.859375
0.0546875 0.8515625
0.0625 0.8515625
0.0546875 0.859375
0.0625 0.859375
0.0390625 0.8671875
0.046875 0.8671875
0.0390625 0.875
0.046875 0.875
0.0546875 0.8671875
0.0625 0.8671875
0.0546875 0.875
0.0625 0.875
0.0703125 0.8203125
0.078125 0.8203125
0.0703125 0.828125
0.078125 0.828125
0.0859375 0.8203125
0.09375 0.8203125
0.0859375 0.828125
0.09375 0.828125
0.0703125 0.8359375
0.078125 0.8359375
0.0703125 0.84375
0.078125 0.84375
0.0859375 0.8359375
0.09375 0.8359375
0.0859375 0.84375
0.09375 0.84375
0.1015625 0.8203125
0.109375 0.8203125
0.1015625 0.828125
0.109375 0.828125
0.1171875 0.8203125
0.125 0.8203125
0.1171875 0.828125
0.125 0.828125
0.1015625 0.8359375
0.109375 0.8359375
0.1015625 0.84375
0.109375 0.84375
0.1171875 0.8359375
0.125 0.8359375
0.1171875 0.84375
0.125 0.84375
0.0703125 0.8515625
0.078125 0.8515625
0.0703125 0.859375
0.078125 0.859375
0.0859375 0.8515625
0.09375 0.8515625
0.0859375 0.859375
0.09375 0.859375
0.0703125 0.8671875
0.078125 0.8671875
0.0703125 0.875
0.078125 0.875
0.0859375 0.8671875
0.09375 0.8671875
0.0859375 0.875
0.09375 0.875
0.1015625 0.8515625
0.109375 0.8515625
0.1015625 0.859375
0.109375 0.859375
0.1171875 0.8515625
0.125 0.8515625
0.1171875 0.859375
0.125 0.859375
0.1015625 0.8671875
0.109375 0.8671875
0.1015625 0.875
0.109375 0.875
0.1171875 0.8671875
0.125 0.8671875
0.1171875 0.875
0.125 0.875
0.1328125 0.7578125
0.140625 0.7578125
0.1328125 0.765625
0.140625 0.765625
0.1484375 0.7578125
0.15625 0.7578125
0.1484375 0.765625
0.15625 0.765625
0.1328125 0.7734375
0.140625 0.7734375
0.1328125 0.78125
0.140625 0.78125
0.1484375 0.7734375
0.15625 0.7734375
0.1484375 0.78125
0.15625 0.78125
0.1640625 0.7578125
0.171875 0.7578125
0.1640625 0.765625
0.171875 0.765625
0.1796875 0.7578125
0.1875 0.7578125
0.1796875 0.765625
0.1875 0.765625
0.1640625 0.7734375
0.171875 0.7734375
0.1640625 0.78125
0.171875 0.78125
0.1796875 0.7734375
0.1875 0.7734375
0.1796875 0.78125
0.1875 0.78125
0.1328125 0.7890625
0.140625 0.7890625
0.1328125 0.796875
0.140625 0.796875
0.1484375 0.7890625
0.15625 0.7890625
0.1484375 0.796875
0.15625 0.796875
0.1328125 0.8046875
0.140625 0.8046875
0.1328125 0.8125
0.140625 0.8125
0.1484375 0.8046875
0.15625 0.8046875
0.1484375 0.8125
0.15625 0.8125
0.1640625 0.7890625
0.171875 0.7890625
0.1640625 0.796875
0.171875 0.796875
0.1796875 0.7890625
0.1875 0.7890625
0.1796875 0.796875
0.1875 0.796875
0.1640625 0.8046875
0.171875 0.8046875
0.1640625 0.8125
0.171875 0.8125
0.1796875 0.8046875
0.1875 0.8046875
0.1796875 0.8125
0.1875 0.8125
0.1953125 0.7578125
0.203125 0.7578125
0.1953125 0.765625
0.203125 0.765625
0.2109375 0.7578125
0.21875 0.7578125
0.2109375 0.765625
0.21875 0.765625
0.1953125 0.7734375
0.203125 0.7734375
0.1953125 0.78125
0.203125 0.78125
0.2109375 0.7734375
0.21875 0.7734375
0.2109375 0.78125
0.21875 0.78125
0.2265625 0.7578125
0.234375 0.7578125
0.2265625 0.765625
0.234375 0.765625
0.2421875 0.7578125
0.25 0.7578125
0.2421875 0.765625
0.25 0.765625
0.2265625 0.7734375
0.234375 0.7734375
0.2265625 0.78125
0.234375 0.78125
0.2421875 0.7734375
0.25 0.7734375
0.2421875 0.78125
0.25 0.78125
0.1953125 0.7890625
0.203125 0.7890625
0.1953125 0.796875
0.203125 0.796875
0.2109375 0.7890625
0.21875 0.7890625
0.2109375 0.796875
0.21875 0.796875
0.1953125 0.8046875
0.203125 0.8046875
0.1953125 0.8125
0.203125 0.8125
0.2109375 0.8046875
0.21875 0.8046875
0.2109375 0.8125
0.21875 0.8125
0.2265625 0.7890625
0.234375 0.7890625
0.2265625 0.796875
0.234375 0.796875
0.2421875 0.7890625
0.25 0.7890625
0.2421875 0.796875
0.25 0.796875
0.2265625 0.8046875
0.234375 0.8046875
0.2265625 0.8125
0.234375 0.8125
0.2421875 0.8046875
0.25 0.8046875
0.2421875 0.8125
0.25 0.8125
0.1328125 0.8203125
0.140625 0.8203125
0.1328125 0.828125
0.140625 0.828125
0.1484375 0.8203125
0.15625 0.8203125
0.1484375 0.828125
0.15625 0.828125
0.1328125 0.8359375
0.140625 0.8359375
0.1328125 0.84375
0.140625 0.84375
0.1484375 0.8359375
0.15625 0.8359375
0.1484375 0.84375
0.15625 0.84375
0.1640625 0.8203125
0.171875 0.8203125
0.1640625 0.828125
0.171875 0.828125
0.1796875 0.8203125
0.1875 0.8203125
0.1796875 0.828125
0.1875 0.828125
0.1640625 0.8359375
0.171875 0.8359375
0.1640625 0.84375
0.171875 0.84375
0.1796875 0.8359375
0.1875 0.8359375
0.1796875 0.84375
0.1875 0.84375
0.1328125 0.8515625
0.140625 0.8515625
0.1328125 0.859375
0.140625 0.859375
0.1484375 0.8515625
0.15625 0.8515625
0.1484375 0.859375
0.15625 0.859375
0.1328125 0.8671875
0.140625 0.8671875
0.1328125 0.875
0.140625 0.875
0.1484375 0.8671875
0.15625 0.8671875
0.1484375 0.875
0.15625 0.875
0.1640625 0.8515625
0.171875 0.8515625
0.1640625 0.859375
0.171875 0.859375
0.1796875 0.8515625
0.1875 0.8515625
0.1796875 0.859375
0.1875 0.859375
0.1640625 0.8671875
0.171875 0.8671875
0.1640625 0.875
0.171875 0.875
0.1796875 0.8671875
0.1875 0.8671875
0.1796875 0.875
0.1875 0.875
0.1953125 0.8203125
0.203125 0.8203125
0.1953125 0.828125
0.203125 0.828125
0.2109375 0.8203125
0.21875 0.8203125
0.2109375 0.828125
0.21875 0.828125
0.1953125 0.8359375
0.203125 0.8359375
0.1953125 0.84375
0.203125 0.84375
0.2109375 0.8359375
0.21875 0.8359375
0.2109375 0.84375
0.21875 0.84375
0.2265625 0.8203125
0.234375 0.8203125
0.2265625 0.828125
0.234375 0.828125
0.2421875 0.8203125
0.25 0.8203125
0.2421875 0.828125
0.25 0.828125
0.2265625 0.8359375
0.234375 0.8359375
0.2265625 0.84375
0.234375 0.84375
0.2421875 0.8359375
0.25 0.8359375
0.2421875 0.84375
0.25 0.84375
0.1953125 0.8515625
0.203125 0.8515625
0.1953125 0.859375
0.203125 0.859375
0.2109375 0.8515625
0.21875 0.8515625
0.2109375 0.859375
0.21875 0.859375
0.1953125 0.8671875
0.203125 0.8671875
0.1953125 0.875
0.203125 0.875
0.2109375 0.8671875
0.21875 0.8671875
0.2109375 0.875
0.21875 0.875
0.2265625 0.8515625
0.234375 0.8515625
0.2265625 0.859375
0.234375 0.859375
0.2421875 0.8515625
0.25 0.8515625
0.2421875 0.859375
0.25 0.859375
0.2265625 0.8671875
0.234375 0.8671875
0.2265625 0.875
0.234375 0.875
0.2421875 0.8671875
0.25 0.8671875
0.2421875 0.875
0.25 0.875
0.0078125 0.8828125
0 0.8828125
0.015625 0.8828125
0.0078125 0.890625
0 0.890625
0.015625 0.890625
0.0234375 0.8828125
0.03125 0.8828125
0.0234375 0.890625
0.03125 0.890625
0.0078125 0.8984375
0 0.8984375
0.015625 0.8984375
0.0078125 0.90625
0 0.90625
0.015625 0.90625
0.0234375 0.8984375
0.03125 0.8984375
0.0234375 0.90625
0.03125 0.90625
0.0390625 0.8828125
0.046875 0.8828125
0.0390625 0.890625
0.046875 0.890625
0.0546875 0.8828125
0.0625 0.8828125
0.0546875 0.890625
0.0625 0.890625
0.0390625 0.8984375
0.046875 0.8984375
0.0390625 0.90625
0.046875 0.90625
0.0546875 0.8984375
0.0625 0.8984375
0.0546875 0.90625
0.0625 0.90625
0.0078125 0.9140625
0 0.9140625
0.015625 0.9140625
0.0078125 0.921875
0 0.921875
0.015625 0.921875
0.0234375 0.9140625
0.03125 0.9140625
0.0234375 0.921875
0.03125 0.921875
0.0078125 0.9296875
0 0.9296875
0.015625 0.9296875
0.0078125 0.9375
0 0.9375
0.015625 0.9375
0.0234375 0.9296875
0.03125 0.9296875
0.0234375 0.9375
0.03125 0.9375
0.0390625 0.9140625
0.046875 0.9140625
0.0390625 0.921875
0.046875 0.921875
0.0546875 0.9140625
0.0625 0.9140625
0.0546875 0.921875
0.0625 0.921875
0.0390625 0.9296875
0.046875 0.9296875
0.0390625 0.9375
0.046875 0.9375
0.0546875 0.9296875
0.0625 0.9296875
0.0546875 0.9375
0.0625 0.9375
0.0703125 0.8828125
0.078125 0.8828125
0.0703125 0.890625
0.078125 0.890625
0.0859375 0.8828125
0.09375 0.8828125
0.0859375 0.890625
0.09375 0.890625
0.0703125 0.8984375
0.078125 0.8984375
0.0703125 0.90625
0.078125 0.90625
0.0859375 0.8984375
0.09375 0.8984375
0.0859375 0.90625
0.09375 0.90625
0.1015625 0.8828125
0.109375 0.8828125
0.1015625 0.890625
0.109375 0.890625
0.1171875 0.8828125
0.125 0.8828125
0.1171875 0.890625
0.125 0.890625
0.1015625 0.8984375
0.109375 0.8984375
0.1015625 0.90625
0.109375 0.90625
0.1171875 0.8984375
0.125 0.8984375
0.1171875 0.90625
0.125 0.90625
0.0703125 0.9140625
0.078125 0.9140625
0.0703125 0.921875
0.078125 0.921875
0.0859375 0.9140625
0.09375 0.9140625
0.0859375 0.921875
0.09375 0.921875
0.0703125 0.9296875
0.078125 0.9296875
0.0703125 0.9375
0.078125 0.9375
0.0859375 0.9296875
0.09375 0.9296875
0.0859375 0.9375
0.09375 0.9375
0.1015625 0.9140625
0.109375 0.9140625
0.1015625 0.921875
0.109375 0.921875
0.1171875 0.9140625
0.125 0.9140625
0.1171875 0.921875
0.125 0.921875
0.1015625 0.9296875
0.109375 0.9296875
0.1015625 0.9375
0.109375 0.9375
0.1171875 0.9296875
0.125 0.9296875
0.1171875 0.9375
0.125 0.9375
0.0078125 0.9453125
0 0.9453125
0.015625 0.9453125
0.0078125 0.953125
0 0.953125
0.015625 0.953125
0.0234375 0.9453125
0.03125 0.9453125
0.0234375 0.953125
0.03125 0.953125
0.0078125 0.9609375
0 0.9609375
0.015625 0.9609375
0.0078125 0.96875
0 0.96875
0.015625 0.96875
0.0234375 0.9609375
0.03125 0.9609375
0.0234375 0.96875
0.03125 0.96875
0.0390625 0.9453125
0.046875 0.9453125
0.0390625 0.953125
0.046875 0.953125
0.0546875 0.9453125
0.0625 0.9453125
0.0546875 0.953125
0.0625 0.953125
0.0390625 0.9609375
0.046875 0.9609375
0.0390625 0.96875
0.046875 0.96875
0.0546875 0.9609375
0.0625 0.9609375
0.0546875 0.96875
0.0625 0.96875
0.0078125 0.9765625
0 0.9765625
0.015625 0.9765625
0.0078125 0.984375
0 0.984375
0.015625 0.984375
0.0234375 0.9765625
0.03125 0.9765625
0.0234375 0.984375
0.03125 0.984375
0.0078125 0.9921875
0 0.9921875
0.015625 0.9921875
0.0078125 1
0 1
0.015625 1
0.0234375 0.9921875
0.03125 0.9921875
0.0234375 1
0.03125 1
0.0390625 0.9765625
0.046875 0.9765625
0.0390625 0.984375
0.046875 0.984375
0.0546875 0.9765625
0.0625 0.9765625
0.0546875 0.984375
0.0625 0.984375
0.0390625 0.9921875
0.046875 0.9921875
0.0390625 1
0.046875 1
0.0546875 0.9921875
0.0625 0.9921875
0.0546875 1
0.0625 1
0.0703125 0.9453125
0.078125 0.9453125
0.0703125 0.953125
0.078125 0.953125
0.0859375 0.9453125
0.09375 0.9453125
0.0859375 0.953125
0.09375 0.953125
0.0703125 0.9609375
0.078125 0.9609375
0.0703125 0.96875
0.078125 0.96875
0.0859375 0.9609375
0.09375 0.9609375
0.0859375 0.96875
0.09375 0.96875
0.1015625 0.9453125
0.109375 0.9453125
0.1015625 0.953125
0.109375 0.953125
0.1171875 0.9453125
0.125 0.9453125
0.1171875 0.953125
0.125 0.953125
0.1015625 0.9609375
0.109375 0.9609375
0.1015625 0.96875
0.109375 0.96875
0.1171875 0.9609375
0.125 0.9609375
0.1171875 0.96875
0.125 0.96875
0.0703125 0.9765625
0.078125 0.9765625
0.0703125 0.984375
0.078125 0.984375
0.0859375 0.9765625
0.09375 0.9765625
0.0859375 0.984375
0.09375 0.984375
0.0703125 0.9921875
0.078125 0.9921875
0.0703125 1
0.078125 1
0.0859375 0.9921875
0.09375 0.9921875
0.0859375 1
0.09375 1
0.1015625 0.9765625
0.109375 0.9765625
0.1015625 0.984375
0.109375 0.984375
0.1171875 0.9765625
0.125 0.9765625
0.1171875 0.984375
0.125 0.984375
0.1015625 0.9921875
0.109375 0.9921875
0.1015625 1
0.109375 1
0.1171875 0.9921875
0.125 0.9921875
0.1171875 1
0.125 1
0.1328125 0.8828125
0.140625 0.8828125
0.1328125 0.890625
0.140625 0.890625
0.1484375 0.8828125
0.15625 0.8828125
0.1484375 0.890625
0.15625 0.890625
0.1328125 0.8984375
0.140625 0.8984375
0.1328125 0.90625
0.140625 0.90625
0.1484375 0.8984375
0.15625 0.8984375
0.1484375 0.90625
0.15625 0.90625
0.1640625 0.8828125
0.171875 0.8828125
0.1640625 0.890625
0.171875 0.890625
0.1796875 0.8828125
0.1875 0.8828125
0.1796875 0.890625
0.1875 0.890625
0.1640625 0.8984375
0.171875 0.8984375
0.1640625 0.90625
0.171875 0.90625
0.1796875 0.8984375
0.1875 0.8984375
0.1796875 0.90625
0.1875 0.90625
0.1328125 0.9140625
0.140625 0.9140625
0.1328125 0.921875
0.140625 0.921875
0.1484375 0.9140625
0.15625 0.9140625
0.1484375 0.921875
0.15625 0.921875
0.1328125 0.9296875
0.140625 0.9296875
0.1328125 0.9375
0.140625 0.9375
0.1484375 0.9296875
0.15625 0.9296875
0.1484375 0.9375
0.15625 0.9375
0.1640625 0.9140625
0.171875 0.9140625
0.1640625 0.921875
0.171875 0.921875
0.1796875 0.9140625
0.1875 0.9140625
0.1796875 0.921875
0.1875 0.921875
0.1640625 0.9296875
0.171875 0.9296875
0.1640625 0.9375
0.171875 0.9375
0.1796875 0.9296875
0.1875 0.9296875
0.1796875 0.9375
0.1875 0.9375
0.1953125 0.8828125
0.203125 0.8828125
0.1953125 0.890625
0.203125 0.890625
0.2109375 0.8828125
0.21875 0.8828125
0.2109375 0.890625
0.21875 0.890625
0.1953125 0.8984375
0.203125 0.8984375
0.1953125 0.90625
0.203125 0.90625
0.2109375 0.8984375
0.21875 0.8984375
0.2109375 0.90625
0.21875 0.90625
0.2265625 0.8828125
0.234375 0.8828125
0.2265625 0.890625
0.234375 0.890625
0.2421875 0.8828125
0.25 0.8828125
0.2421875 0.890625
0.25 0.890625
0.2265625 0.8984375
0.234375 0.8984375
0.2265625 0.90625
0.234375 0.90625
0.2421875 0.8984375
0.25 0.8984375
0.2421875 0.90625
0.25 0.90625
0.1953125 0.9140625
0.203125 0.9140625
0.1953125 0.921875
0.203125 0.921875
0.2109375 0.9140625
0.21875 0.9140625
0.2109375 0.921875
0.21875 0.921875
0.1953125 0.9296875
0.203125 0.9296875
0.1953125 0.9375
0.203125 0.9375
0.2109375 0.9296875
0.21875 0.9296875
0.2109375 0.9375
0.21875 0.9375
0.2265625 0.9140625
0.234375 0.9140625
0.2265625 0.921875
0.234375 0.921875
0.2421875 0.9140625
0.25 0.9140625
0.2421875 0.921875
0.25 0.921875
0.2265625 0.9296875
0.234375 0.9296875
0.2265625 0.9375
0.234375 0.9375
0.2421875 0.9296875
0.25 0.9296875
0.2421875 0.9375
0.25 0.9375
0.1328125 0.9453125
0.140625 0.9453125
0.1328125 0.953125
0.140625 0.953125
0.1484375 0.9453125
0.15625 0.9453125
0.1484375 0.953125
0.15625 0.953125
0.1328125 0.9609375
0.140625 0.9609375
0.1328125 0.96875
0.140625 0.96875
0.1484375 0.9609375
0.15625 0.9609375
0.1484375 0.96875
0.15625 0.96875
0.1640625 0.9453125
0.171875 0.9453125
0.1640625 0.953125
0.171875 0.953125
0.1796875 0.9453125
0.1875 0.9453125
0.1796875 0.953125
0.1875 0.953125
0.1640625 0.9609375
0.171875 0.9609375
0.1640625 0.96875
0.171875 0.96875
0.1796875 0.9609375
0.1875 0.9609375
0.1796875 0.96875
0.1875 0.96875
0.1328125 0.9765625
0.140625 0.9765625
0.1328125 0.984375
0.140625 0.984375
0.1484375 0.9765625
0.15625 0.9765625
0.1484375 0.984375
0.15625 0.984375
0.1328125 0.9921875
0.140625 0.9921875
0.1328125 1
0.140625 1
0.1484375 0.9921875
0.15625 0.9921875
0.1484375 1
0.15625 1
0.1640625 0.9765625
0.171875 0.9765625
0.1640625 0.984375
0.171875 0.984375
0.1796875 0.9765625
0.1875 0.9765625
0.1796875 0.984375
0.1875 0.984375
0.1640625 0.9921875
0.171875 0.9921875
0.1640625 1
0.171875 1
0.1796875 0.9921875
0.1875 0.9921875
0.1796875 1
0.1875 1
0.1953125 0.9453125
0.203125 0.9453125
0.1953125 0.953125
0.203125 0.953125
0.2109375 0.9453125
0.21875 0.9453125
0.2109375 0.953125
0.21875 0.953125
0.1953125 0.9609375
0.203125 0.9609375
0.1953125 0.96875
0.203125 0.96875
0.2109375 0.9609375
0.21875 0.9609375
0.2109375 0.96875
0.21875 0.96875
0.2265625 0.9453125
0.234375 0.9453125
0.2265625 0.953125
0.234375 0.953125
0.2421875 0.9453125
0.25 0.9453125
0.2421875 0.953125
0.25 0.953125
0.2265625 0.9609375
0.234375 0.9609375
0.2265625 0.96875
0.234375 0.96875
0.2421875 0.9609375
0.25 0.9609375
0.2421875 0.96875
0.25 0.96875
0.1953125 0.9765625
0.203125 0.9765625
0.1953125 0.984375
0.203125 0.984375
0.2109375 0.9765625
0.21875 0.9765625
0.2109375 0.984375
0.21875 0.984375
0.1953125 0.9921875
0.203125 0.9921875
0.1953125 1
0.203125 1
0.2109375 0.9921875
0.21875 0.9921875
0.2109375 1
0.21875 1
0.2265625 0.9765625
0.234375 0.9765625
0.2265625 0.984375
0.234375 0.984375
0.2421875 0.9765625
0.25 0.9765625
0.2421875 0.984375
0.25 0.984375
0.2265625 0.9921875
0.234375 0.9921875
0.2265625 1
0.234375 1
0.2421875 0.9921875
0.25 0.9921875
0.2421875 1
0.25 1
0.2578125 0
0.2578125 0.0078125
0.265625 0
0.265625 0.0078125
0.2578125 0.015625
0.265625 0.015625
0.2734375 0
0.2734375 0.0078125
0.28125 0
0.28125 0.0078125
0.2734375 0.015625
0.28125 0.015625
0.2578125 0.0234375
0.265625 0.0234375
0.2578125 0.03125
0.265625 0.03125
0.2734375 0.0234375
0.28125 0.0234375
0.2734375 0.03125
0.28125 0.03125
0.2890625 0
0.2890625 0.0078125
0.296875 0
0.296875 0.0078125
0.2890625 0.015625
0.296875 0.015625
0.3046875 0
0.3046875 0.0078125
0.3125 0
0.3125 0.0078125
0.3046875 0.015625
0.3125 0.015625
0.2890625 0.0234375
0.296875 0.0234375
0.2890625 0.03125
0.296875 0.03125
0.3046875 0.0234375
0.3125 0.0234375
0.3046875 0.03125
0.3125 0.03125
0.2578125 0.0390625
0.265625 0.0390625
0.2578125 0.046875
0.265625 0.046875
0.2734375 0.0390625
0.28125 0.0390625
0.2734375 0.046875
0.28125 0.046875
0.2578125 0.0546875
0.265625 0.0546875
0.2578125 0.0625
0.265625 0.0625
0.2734375 0.0546875
0.28125 0.0546875
0.2734375 0.0625
0.28125 0.0625
0.2890625 0.0390625
0.296875 0.0390625
0.2890625 0.046875
0.296875 0.046875
0.3046875 0.0390625
0.3125 0.0390625
0.3046875 0.046875
0.3125 0.046875
0.2890625 0.0546875
0.296875 0.0546875
0.2890625 0.0625
0.296875 0.0625
0.3046875 0.0546875
0.3125 0.0546875
0.3046875 0.0625
0.3125 0.0625
0.3203125 0
0.3203125 0.0078125
0.328125 0
0.328125 0.0078125
0.3203125 0.015625
0.328125 0.015625
0.3359375 0
0.3359375 0.0078125
0.34375 0
0.34375 0.0078125
0.3359375 0.015625
0.34375 0.015625
0.3203125 0.0234375
0.328125 0.0234375
0.3203125 0.03125
0.328125 0.03125
0.3359375 0.0234375
0.34375 0.0234375
0.3359375 0.03125
0.34375 0.03125
0.3515625 0
0.3515625 0.0078125
0.359375 0
0.359375 0.0078125
0.3515625 0.015625
0.359375 0.015625
0.3671875 0
0.3671875 0.0078125
0.375 0
0.375 0.0078125
0.3671875 0.015625
0.375 0.015625
0.3515625 0.0234375
0.359375 0.0234375
0.3515625 0.03125
0.359375 0.03125
0.3671875 0.0234375
0.375 0.0234375
0.3671875 0.03125
0.375 0.03125
0.3203125 0.0390625
0.328125 0.0390625
0.3203125 0.046875
0.328125 0.046875
0.3359375 0.0390625
0.34375 0.0390625
0.3359375 0.046875
0.34375 0.046875
0.3203125 0.0546875
0.328125 0.0546875
0.3203125 0.0625
0.328125 0.0625
0.3359375 0.0546875
0.34375 0.0546875
0.3359375 0.0625
0.34375 0.0625
0.3515625 0.0390625
0.359375 0.0390625
0.3515625 0.046875
0.359375 0.046875
0.3671875 0.0390625
0.375 0.0390625
0.3671875 0.046875
0.375 0.046875
0.3515625 0.0546875
0.359375 0.0546875
0.3515625 0.0625
0.359375 0.0625
0.3671875 0.0546875
0.375 0.0546875
0.3671875 0.0625
0.375 0.0625
0.2578125 0.0703125
0.265625 0.0703125
0.2578125 0.078125
0.265625 0.078125
0.2734375 0.0703125
0.28125 0.0703125
0.2734375 0.078125
0.28125 0.078125
0.2578125 0.0859375
0.265625 0.0859375
0.2578125 0.09375
0.265625 0.09375
0.2734375 0.0859375
0.28125 0.0859375
0.2734375 0.09375
0.28125 0.09375
0.2890625 0.0703125
0.296875 0.0703125
0.2890625 0.078125
0.296875 0.078125
0.3046875 0.0703125
0.3125 0.0703125
0.3046875 0.078125
0.3125 0.078125
0.2890625 0.0859375
0.296875 0.0859375
0.2890625 0.09375
0.296875 0.09375
0.3046875 0.0859375
0.3125 0.0859375
0.3046875 0.09375
0.3125 0.09375
0.2578125 0.1015625
0.265625 0.1015625
0.2578125 0.109375
0.265625 0.109375
0.2734375 0.1015625
0.28125 0.1015625
0.2734375 0.109375
0.28125 0.109375
0.2578125 0.1171875
0.265625 0.1171875
0.2578125 0.125
0.265625 0.125
0.2734375 0.1171875
0.28125 0.1171875
0.2734375 0.125
0.28125 0.125
0.2890625 0.1015625
0.296875 0.1015625
0.2890625 0.109375
0.296875 0.109375
0.3046875 0.1015625
0.3125 0.1015625
0.3046875 0.109375
0.3125 0.109375
0.2890625 0.1171875
0.296875 0.1171875
0.2890625 0.125
0.296875 0.125
0.3046875 0.1171875
0.3125 0.1171875
0.3046875 0.125
0.3125 0.125
0.3203125 0.0703125
0.328125 0.0703125
0.3203125 0.078125
0.328125 0.078125
0.3359375 0.0703125
0.34375 0.0703125
0.3359375 0.078125
0.34375 0.078125
0.3203125 0.0859375
0.328125 0.0859375
0.3203125 0.09375
0.328125 0.09375
0.3359375 0.0859375
0.34375 0.0859375
0.3359375 0.09375
0.34375 0.09375
0.3515625 0.0703125
0.359375 0.0703125
0.3515625 0.078125
0.359375 0.078125
0.3671875 0.0703125
0.375 0.0703125
0.3671875 0.078125
0.375 0.078125
0.3515625 0.0859375
0.359375 0.0859375
0.3515625 0.09375
0.359375 0.09375
0.3671875 0.0859375
0.375 0.0859375
0.3671875 0.09375
0.375 0.09375
0.3203125 0.1015625
0.328125 0.1015625
0.3203125 0.109375
0.328125 0.109375
0.3359375 0.1015625
0.34375 0.1015625
0.3359375 0.109375
0.34375 0.109375
0.3203125 0.1171875
0.328125 0.1171875
0.3203125 0.125
0.328125 0.125
0.3359375 0.1171875
0.34375 0.1171875
0.3359375 0.125
0.34375 0.125
0.3515625 0.1015625
0.359375 0.1015625
0.3515625 0.109375
0.359375 0.109375
0.3671875 0.1015625
0.375 0.1015625
0.3671875 0.109375
0.375 0.109375
0.3515625 0.1171875
0.359375 0.1171875
0.3515625 0.125
0.359375 0.125
0.3671875 0.1171875
0.375 0.1171875
0.3671875 0.125
0.375 0.125
0.3828125 0
0.3828125 0.0078125
0.390625 0
0.390625 0.0078125
0.3828125 0.015625
0.390625 0.015625
0.3984375 0
0.3984375 0.0078125
0.40625 0
0.40625 0.0078125
0.3984375 0.015625
0.40625 0.015625
0.3828125 0.0234375
0.390625 0.0234375
0.3828125 0.03125
0.390625 0.03125
0.3984375 0.0234375
0.40625 0.0234375
0.3984375 0.03125
0.40625 0.03125
0.4140625 0
0.4140625 0.0078125
0.421875 0
0.421875 0.0078125
0.4140625 0.015625
0.421875 0.015625
0.4296875 0
0.4296875 0.0078125
0.4375 0
0.4375 0.0078125
0.4296875 0.015625
0.4375 0.015625
0.4140625 0.0234375
0.421875 0.0234375
0.4140625 0.03125
0.421875 0.03125
0.4296875 0.0234375
0.4375 0.0234375
0.4296875 0.03125
0.4375 0.03125
0.3828125 0.0390625
0.390625 0.0390625
0.3828125 0.046875
0.390625 0.046875
0.3984375 0.0390625
0.40625 0.0390625
0.3984375 0.046875
0.40625 0.046875
0.3828125 0.0546875
0.390625 0.0546875
0.3828125 0.0625
0.390625 0.0625
0.3984375 0.0546875
0.40625 0.0546875
0.3984375 0.0625
0.40625 0.0625
0.4140625 0.0390625
0.421875 0.0390625
0.4140625 0.046875
0.421875 0.046875
0.4296875 0.0390625
0.4375 0.0390625
0.4296875 0.046875
0.4375 0.046875
0.4140625 0.0546875
0.421875 0.0546875
0.4140625 0.0625
0.421875 0.0625
0.4296875 0.0546875
0.4375 0.0546875
0.4296875 0.0625
0.4375 0.0625
0.4453125 0
0.4453125 0.0078125
0.453125 0
0.453125 0.0078125
0.4453125 0.015625
0.453125 0.015625
0.4609375 0
0.4609375 0.0078125
0.46875 0
0.46875 0.0078125
0.4609375 0.015625
0.46875 0.015625
0.4453125 0.0234375
0.453125 0.0234375
0.4453125 0.03125
0.453125 0.03125
0.4609375 0.0234375
0.46875 0.0234375
0.4609375 0.03125
0.46875 0.03125
0.4765625 0
0.4765625 0.0078125
0.484375 0
0.484375 0.0078125
0.4765625 0.015625
0.484375 0.015625
0.4921875 0
0.4921875 0.0078125
0.5 0
0.5 0.0078125
0.4921875 0.015625
0.5 0.015625
0.4765625 0.0234375
0.484375 0.0234375
0.4765625 0.03125
0.484375 0.03125
0.4921875 0.0234375
0.5 0.0234375
0.4921875 0.03125
0.5 0.03125
0.4453125 0.0390625
0.453125 0.0390625
0.4453125 0.046875
0.453125 0.046875
0.4609375 0.0390625
0.46875 0.0390625
0.4609375 0.046875
0.46875 0.046875
0.4453125 0.0546875
0.453125 0.0546875
0.4453125 0.0625
0.453125 0.0625
0.4609375 0.0546875
0.46875 0.0546875
0.4609375 0.0625
0.46875 0.0625
0.4765625 0.0390625
0.484375 0.0390625
0.4765625 0.046875
0.484375 0.046875
0.4921875 0.0390625
0.5 0.0390625
0.4921875 0.046875
0.5 0.046875
0.4765625 0.0546875
0.484375 0.0546875
0.4765625 0.0625
0.484375 0.0625
0.4921875 0.0546875
0.5 0.0546875
0.4921875 0.0625
0.5 0.0625
0.3828125 0.0703125
0.390625 0.0703125
0.3828125 0.078125
0.390625 0.078125
0.3984375 0.0703125
0.40625 0.0703125
0.3984375 0.078125
0.40625 0.078125
0.3828125 0.0859375
0.390625 0.0859375
0.3828125 0.09375
0.390625 0.09375
0.3984375 0.0859375
0.40625 0.0859375
0.3984375 0.09375
0.40625 0.09375
0.4140625 0.0703125
0.421875 0.0703125
0.4140625 0.078125
0.421875 0.078125
0.4296875 0.0703125
0.4375 0.0703125
0.4296875 0.078125
0.4375 0.078125
0.4140625 0.0859375
0.421875 0.0859375
0.4140625 0.09375
0.421875 0.09375
0.4296875 0.0859375
0.4375 0.0859375
0.4296875 0.09375
0.4375 0.09375
0.3828125 0.1015625
0.390625 0.1015625
0.3828125 0.109375
0.390625 0.109375
0.3984375 0.1015625
0.40625 0.1015625
0.3984375 0.109375
0.40625 0.109375
0.3828125 0.1171875
0.390625 0.1171875
0.3828125 0.125
0.390625 0.125
0.3984375 0.1171875
0.40625 0.1171875
0.3984375 0.125
0.40625 0.125
0.4140625 0.1015625
0.421875 0.1015625
0.4140625 0.109375
0.421875 0.109375
0.4296875 0.1015625
0.4375 0.1015625
0.4296875 0.109375
0.4375 0.109375
0.4140625 0.1171875
0.421875 0.1171875
0.4140625 0.125
0.421875 0.125
0.4296875 0.1171875
0.4375 0.1171875
0.4296875 0.125
0.4375 0.125
0.4453125 0.0703125
0.453125 0.0703125
0.4453125 0.078125
0.453125 0.078125
0.4609375 0.0703125
0.46875 0.0703125
0.4609375 0.078125
0.46875 0.078125
0.4453125 0.0859375
0.453125 0.0859375
0.4453125 0.09375
0.453125 0.09375
0.4609375 0.0859375
0.46875 0.0859375
0.4609375 0.09375
0.46875 0.09375
0.4765625 0.0703125
0.484375 0.0703125
0.4765625 0.078125
0.484375 0.078125
0.4921875 0.0703125
0.5 0.0703125
0.4921875 0.078125
0.5 0.078125
0.4765625 0.0859375
0.484375 0.0859375
0.4765625 0.09375
0.484375 0.09375
0.4921875 0.0859375
0.5 0.0859375
0.4921875 0.09375
0.5 0.09375
0.4453125 0.1015625
0.453125 0.1015625
0.4453125 0.109375
0.453125 0.109375
0.4609375 0.1015625
0.46875 0.1015625
0.4609375 0.109375
0.46875 0.109375
0.4453125 0.1171875
0.453125 0.1171875
0.4453125 0.125
0.453125 0.125
0.4609375 0.1171875
0.46875 0.1171875
0.4609375 0.125
0.46875 0.125
0.4765625 0.1015625
0.484375 0.1015625
0.4765625 0.109375
0.484375 0.109375
0.4921875 0.1015625
0.5 0.1015625
0.4921875 0.109375
0.5 0.109375
0.4765625 0.1171875
0.484375 0.1171875
0.4765625 0.125
0.484375 0.125
0.4921875 0.1171875
0.5 0.1171875
0.4921875 0.125
0.5 0.125
0.2578125 0.1328125
0.265625 0.1328125
0.2578125 0.140625
0.265625 0.140625
0.2734375 0.1328125
0.28125 0.1328125
0.2734375 0.140625
0.28125 0.140625
0.2578125 0.1484375
0.265625 0.1484375
0.2578125 0.15625
0.265625 0.15625
0.2734375 0.1484375
0.28125 0.1484375
0.2734375 0.15625
0.28125 0.15625
0.2890625 0.1328125
0.296875 0.1328125
0.2890625 0.140625
0.296875 0.140625
0.3046875 0.1328125
0.3125 0.1328125
0.3046875 0.140625
0.3125 0.140625
0.2890625 0.1484375
0.296875 0.1484375
0.2890625 0.15625
0.296875 0.15625
0.3046875 0.1484375
0.3125 0.1484375
0.3046875 0.15625
0.3125 0.15625
0.2578125 0.1640625
0.265625 0.1640625
0.2578125 0.171875
0.265625 0.171875
0.2734375 0.1640625
0.28125 0.1640625
0.2734375 0.171875
0.28125 0.171875
0.2578125 0.1796875
0.265625 0.1796875
0.2578125 0.1875
0.265625 0.1875
0.2734375 0.1796875
0.28125 0.1796875
0.2734375 0.1875
0.28125 0.1875
0.2890625 0.1640625
0.296875 0.1640625
0.2890625 0.171875
0.296875 0.171875
0.3046875 0.1640625
0.3125 0.1640625
0.3046875 0.171875
0.3125 0.171875
0.2890625 0.1796875
0.296875 0.1796875
0.2890625 0.1875
0.296875 0.1875
0.3046875 0.1796875
0.3125 0.1796875
0.3046875 0.1875
0.3125 0.1875
0.3203125 0.1328125
0.328125 0.1328125
0.3203125 0.140625
0.328125 0.140625
0.3359375 0.1328125
0.34375 0.1328125
0.3359375 0.140625
0.34375 0.140625
0.3203125 0.1484375
0.328125 0.1484375
0.3203125 0.15625
0.328125 0.15625
0.3359375 0.1484375
0.34375 0.1484375
0.3359375 0.15625
0.34375 0.15625
0.3515625 0.1328125
0.359375 0.1328125
0.3515625 0.140625
0.359375 0.140625
0.3671875 0.1328125
0.375 0.1328125
0.3671875 0.140625
0.375 0.140625
0.3515625 0.1484375
0.359375 0.1484375
0.3515625 0.15625
0.359375 0.15625
0.3671875 0.1484375
0.375 0.1484375
0.3671875 0.15625
0.375 0.15625
0.3203125 0.1640625
0.328125 0.1640625
0.3203125 0.171875
0.328125 0.171875
0.3359375 0.1640625
0.34375 0.1640625
0.3359375 0.171875
0.34375 0.171875
0.3203125 0.1796875
0.328125 0.1796875
0.3203125 0.1875
0.328125 0.1875
0.3359375 0.1796875
0.34375 0.1796875
0.3359375 0.1875
0.34375 0.1875
0.3515625 0.1640625
0.359375 0.1640625
0.3515625 0.171875
0.359375 0.171875
0.3671875 0.1640625
0.375 0.1640625
0.3671875 0.171875
0.375 0.171875
0.3515625 0.1796875
0.359375 0.1796875
0.3515625 0.1875
0.359375 0.1875
0.3671875 0.1796875
0.375 0.1796875
0.3671875 0.1875
0.375 0.1875
0.2578125 0.1953125
0.265625 0.1953125
0.2578125 0.203125
0.265625 0.203125
0.2734375 0.1953125
0.28125 0.1953125
0.2734375 0.203125
0.28125 0.203125
0.2578125 0.2109375
0.265625 0.2109375
0.2578125 0.21875
0.265625 0.21875
0.2734375 0.2109375
0.28125 0.2109375
0.2734375 0.21875
0.28125 0.21875
0.2890625 0.1953125
0.296875 0.1953125
0.2890625 0.203125
0.296875 0.203125
0.3046875 0.1953125
0.3125 0.1953125
0.3046875 0.203125
0.3125 0.203125
0.2890625 0.2109375
0.296875 0.2109375
0.2890625 0.21875
0.296875 0.21875
0.3046875 0.2109375
0.3125 0.2109375
0.3046875 0.21875
0.3125 0.21875
0.2578125 0.2265625
0.265625 0.2265625
0.2578125 0.234375
0.265625 0.234375
0.2734375 0.2265625
0.28125 0.2265625
0.2734375 0.234375
0.28125 0.234375
0.2578125 0.2421875
0.265625 0.2421875
0.2578125 0.25
0.265625 0.25
0.2734375 0.2421875
0.28125 0.2421875
0.2734375 0.25
0.28125 0.25
0.2890625 0.2265625
0.296875 0.2265625
0.2890625 0.234375
0.296875 0.234375
0.3046875 0.2265625
0.3125 0.2265625
0.3046875 0.234375
0.3125 0.234375
0.2890625 0.2421875
0.296875 0.2421875
0.2890625 0.25
0.296875 0.25
0.3046875 0.2421875
0.3125 0.2421875
0.3046875 0.25
0.3125 0.25
0.3203125 0.1953125
0.328125 0.1953125
0.3203125 0.203125
0.328125 0.203125
0.3359375 0.1953125
0.34375 0.1953125
0.3359375 0.203125
0.34375 0.203125
0.3203125 0.2109375
0.328125 0.2109375
0.3203125 0.21875
0.328125 0.21875
0.3359375 0.2109375
0.34375 0.2109375
0.3359375 0.21875
0.34375 0.21875
0.3515625 0.1953125
0.359375 0.1953125
0.3515625 0.203125
0.359375 0.203125
0.3671875 0.1953125
0.375 0.1953125
0.3671875 0.203125
0.375 0.203125
0.3515625 0.2109375
0.359375 0.2109375
0.3515625 0.21875
0.359375 0.21875
0.3671875 0.2109375
0.375 0.2109375
0.3671875 0.21875
0.375 0.21875
0.3203125 0.2265625
0.328125 0.2265625
0.3203125 0.234375
0.328125 0.234375
0.3359375 0.2265625
0.34375 0.2265625
0.3359375 0.234375
0.34375 0.234375
0.3203125 0.2421875
0.328125 0.2421875
0.3203125 0.25
0.328125 0.25
0.3359375 0.2421875
0.34375 0.2421875
0.3359375 0.25
0.34375 0.25
0.3515625 0.2265625
0.359375 0.2265625
0.3515625 0.234375
0.359375 0.234375
0.3671875 0.2265625
0.375 0.2265625
0.3671875 0.234375
0.375 0.234375
0.3515625 0.2421875
0.359375 0.2421875
0.3515625 0.25
0.359375 0.25
0.3671875 0.2421875
0.375 0.2421875
0.3671875 0.25
0.375 0.25
0.3828125 0.1328125
0.390625 0.1328125
0.3828125 0.140625
0.390625 0.140625
0.3984375 0.1328125
0.40625 0.1328125
0.3984375 0.140625
0.40625 0.140625
0.3828125 0.1484375
0.390625 0.1484375
0.3828125 0.15625
0.390625 0.15625
0.3984375 0.1484375
0.40625 0.1484375
0.3984375 0.15625
0.40625 0.15625
0.4140625 0.1328125
0.421875 0.1328125
0.4140625 0.140625
0.421875 0.140625
0.4296875 0.1328125
0.4375 0.1328125
0.4296875 0.140625
0.4375 0.140625
0.4140625 0.1484375
0.421875 0.1484375
0.4140625 0.15625
0.421875 0.15625
0.4296875 0.1484375
0.4375 0.1484375
0.4296875 0.15625
0.4375 0.15625
0.3828125 0.1640625
0.390625 0.1640625
0.3828125 0.171875
0.390625 0.171875
0.3984375 0.1640625
0.40625 0.1640625
0.3984375 0.171875
0.40625 0.171875
0.3828125 0.1796875
0.390625 0.1796875
0.3828125 0.1875
0.390625 0.1875
0.3984375 0.1796875
0.40625 0.1796875
0.3984375 0.1875
0.40625 0.1875
0.4140625 0.1640625
0.421875 0.1640625
0.4140625 0.171875
0.421875 0.171875
0.4296875 0.1640625
0.4375 0.1640625
0.4296875 0.171875
0.4375 0.171875
0.4140625 0.1796875
0.421875 0.1796875
0.4140625 0.1875
0.421875 0.1875
0.4296875 0.1796875
0.4375 0.1796875
0.4296875 0.1875
0.4375 0.1875
0.4453125 0.1328125
0.453125 0.1328125
0.4453125 0.140625
0.453125 0.140625
0.4609375 0.1328125
0.46875 0.1328125
0.4609375 0.140625
0.46875 0.140625
0.4453125 0.1484375
0.453125 0.1484375
0.4453125 0.15625
0.453125 0.15625
0.4609375 0.1484375
0.46875 0.1484375
0.4609375 0.15625
0.46875 0.15625
0.4765625 0.1328125
0.484375 0.1328125
0.4765625 0.140625
0.484375 0.140625
0.4921875 0.1328125
0.5 0.1328125
0.4921875 0.140625
0.5 0.140625
0.4765625 0.1484375
0.484375 0.1484375
0.4765625 0.15625
0.484375 0.15625
0.4921875 0.1484375
0.5 0.1484375
0.4921875 0.15625
0.5 0.15625
0.4453125 0.1640625
0.453125 0.1640625
0.4453125 0.171875
0.453125 0.171875
0.4609375 0.1640625
0.46875 0.1640625
0.4609375 0.171875
0.46875 0.171875
0.4453125 0.1796875
0.453125 0.1796875
0.4453125 0.1875
0.453125 0.1875
0.4609375 0.1796875
0.46875 0.1796875
0.4609375 0.1875
0.46875 0.1875
0.4765625 0.1640625
0.484375 0.1640625
0.4765625 0.171875
0.484375 0.171875
0.4921875 0.1640625
0.5 0.1640625
0.4921875 0.171875
0.5 0.171875
0.4765625 0.1796875
0.484375 0.1796875
0.4765625 0.1875
0.484375 0.1875
0.4921875 0.1796875
0.5 0.1796875
0.4921875 0.1875
0.5 0.1875
0.3828125 0.1953125
0.390625 0.1953125
0.3828125 0.203125
0.390625 0.203125
0.3984375 0.1953125
0.40625 0.1953125
0.3984375 0.203125
0.40625 0.203125
0.3828125 0.2109375
0.390625 0.2109375
0.3828125 0.21875
0.390625 0.21875
0.3984375 0.2109375
0.40625 0.2109375
0.3984375 0.21875
0.40625 0.21875
0.4140625 0.1953125
0.421875 0.1953125
0.4140625 0.203125
0.421875 0.203125
0.4296875 0.1953125
0.4375 0.1953125
0.4296875 0.203125
0.4375 0.203125
0.4140625 0.2109375
0.421875 0.2109375
0.4140625 0.21875
0.421875 0.21875
0.4296875 0.2109375
0.4375 0.2109375
0.4296875 0.21875
0.4375 0.21875
0.3828125 0.2265625
0.390625 0.2265625
0.3828125 0.234375
0.390625 0.234375
0.3984375 0.2265625
0.40625 0.2265625
0.3984375 0.234375
0.40625 0.234375
0.3828125 0.2421875
0.390625 0.2421875
0.3828125 0.25
0.390625 0.25
0.3984375 0.2421875
0.40625 0.2421875
0.3984375 0.25
0.40625 0.25
0.4140625 0.2265625
0.421875 0.2265625
0.4140625 0.234375
0.421875 0.234375
0.4296875 0.2265625
0.4375 0.2265625
0.4296875 0.234375
0.4375 0.234375
0.4140625 0.2421875
0.421875 0.2421875
0.4140625 0.25
0.421875 0.25
0.4296875 0.2421875
0.4375 0.2421875
0.4296875 0.25
0.4375 0.25
0.4453125 0.1953125
0.453125 0.1953125
0.4453125 0.203125
0.453125 0.203125
0.4609375 0.1953125
0.46875 0.1953125
0.4609375 0.203125
0.46875 0.203125
0.4453125 0.2109375
0.453125 0.2109375
0.4453125 0.21875
0.453125 0.21875
0.4609375 0.2109375
0.46875 0.2109375
0.4609375 0.21875
0.46875 0.21875
0.4765625 0.1953125
0.484375 0.1953125
0.4765625 0.203125
0.484375 0.203125
0.4921875 0.1953125
0.5 0.1953125
0.4921875 0.203125
0.5 0.203125
0.4765625 0.2109375
0.484375 0.2109375
0.4765625 0.21875
0.484375 0.21875
0.4921875 0.2109375
0.5 0.2109375
0.4921875 0.21875
0.5 0.21875
0.4453125 0.2265625
0.453125 0.2265625
0.4453125 0.234375
0.453125 0.234375
0.4609375 0.2265625
0.46875 0.2265625
0.4609375 0.234375
0.46875 0.234375
0.4453125 0.2421875
0.453125 0.2421875
0.4453125 0.25
0.453125 0.25
0.4609375 0.2421875
0.46875 0.2421875
0.4609375 0.25
0.46875 0.25
0.4765625 0.2265625
0.484375 0.2265625
0.4765625 0.234375
0.484375 0.234375
0.4921875 0.2265625
0.5 0.2265625
0.4921875 0.234375
0.5 0.234375
0.4765625 0.2421875
0.484375 0.2421875
0.4765625 0.25
0.484375 0.25
0.4921875 0.2421875
0.5 0.2421875
0.4921875 0.25
0.5 0.25
0.2578125 0.2578125
0.265625 0.2578125
0.2578125 0.265625
0.265625 0.265625
0.2734375 0.2578125
0.28125 0.2578125
0.2734375 0.265625
0.28125 0.265625
0.2578125 0.2734375
0.265625 0.2734375
0.2578125 0.28125
0.265625 0.28125
0.2734375 0.2734375
0.28125 0.2734375
0.2734375 0.28125
0.28125 0.28125
0.2890625 0.2578125
0.296875 0.2578125
0.2890625 0.265625
0.296875 0.265625
0.3046875 0.2578125
0.3125 0.2578125
0.3046875 0.265625
0.3125 0.265625
0.2890625 0.2734375
0.296875 0.2734375
0.2890625 0.28125
0.296875 0.28125
0.3046875 0.2734375
0.3125 0.2734375
0.3046875 0.28125
0.3125 0.28125
0.2578125 0.2890625
0.265625 0.2890625
0.2578125 0.296875
0.265625 0.296875
0.2734375 0.2890625
0.28125 0.2890625
0.2734375 0.296875
0.28125 0.296875
0.2578125 0.3046875
0.265625 0.3046875
0.2578125 0.3125
0.265625 0.3125
0.2734375 0.3046875
0.28125 0.3046875
0.2734375 0.3125
0.28125 0.3125
0.2890625 0.2890625
0.296875 0.2890625
0.2890625 0.296875
0.296875 0.296875
0.3046875 0.2890625
0.3125 0.2890625
0.3046875 0.296875
0.3125 0.296875
0.2890625 0.3046875
0.296875 0.3046875
0.2890625 0.3125
0.296875 0.3125
0.3046875 0.3046875
0.3125 0.3046875
0.3046875 0.3125
0.3125 0.3125
0.3203125 0.2578125
0.328125 0.2578125
0.3203125 0.265625
0.328125 0.265625
0.3359375 0.2578125
0.34375 0.2578125
0.3359375 0.265625
0.34375 0.265625
0.3203125 0.2734375
0.328125 0.2734375
0.3203125 0.28125
0.328125 0.28125
0.3359375 0.2734375
0.34375 0.2734375
0.3359375 0.28125
0.34375 0.28125
0.3515625 0.2578125
0.359375 0.2578125
0.3515625 0.265625
0.359375 0.265625
0.3671875 0.2578125
0.375 0.2578125
0.3671875 0.265625
0.375 0.265625
0.3515625 0.2734375
0.359375 0.2734375
0.3515625 0.28125
0.359375 0.28125
0.3671875 0.2734375
0.375 0.2734375
0.3671875 0.28125
0.375 0.28125
0.3203125 0.2890625
0.328125 0.2890625
0.3203125 0.296875
0.328125 0.296875
0.3359375 0.2890625
0.34375 0.2890625
0.3359375 0.296875
0.34375 0.296875
0.3203125 0.3046875
0.328125 0.3046875
0.3203125 0.3125
0.328125 0.3125
0.3359375 0.3046875
0.34375 0.3046875
0.3359375 0.3125
0.34375 0.3125
0.3515625 0.2890625
0.359375 0.2890625
0.3515625 0.296875
0.359375 0.296875
0.3671875 0.2890625
0.375 0.2890625
0.3671875 0.296875
0.375 0.296875
0.3515625 0.3046875
0.359375 0.3046875
0.3515625 0.3125
0.359375 0.3125
0.3671875 0.3046875
0.375 0.3046875
0.3671875 0.3125
0.375 0.3125
0.2578125 0.3203125
0.265625 0.3203125
0.2578125 0.328125
0.265625 0.328125
0.2734375 0.3203125
0.28125 0.3203125
0.2734375 0.328125
0.28125 0.328125
0.2578125 0.3359375
0.265625 0.3359375
0.2578125 0.34375
0.265625 0.34375
0.2734375 0.3359375
0.28125 0.3359375
0.2734375 0.34375
0.28125 0.34375
0.2890625 0.3203125
0.296875 0.3203125
0.2890625 0.328125
0.296875 0.328125
0.3046875 0.3203125
0.3125 0.3203125
0.3046875 0.328125
0.3125 0.328125
0.2890625 0.3359375
0.296875 0.3359375
0.2890625 0.34375
0.296875 0.34375
0.3046875 0.3359375
0.3125 0.3359375
0.3046875 0.34375
0.3125 0.34375
0.2578125 0.3515625
0.265625 0.3515625
0.2578125 0.359375
0.265625 0.359375
0.2734375 0.3515625
0.28125 0.3515625
0.2734375 0.359375
0.28125 0.359375
0.2578125 0.3671875
0.265625 0.3671875
0.2578125 0.375
0.265625 0.375
0.2734375 0.3671875
0.28125 0.3671875
0.2734375 0.375
0.28125 0.375
0.2890625 0.3515625
0.296875 0.3515625
0.2890625 0.359375
0.296875 0.359375
0.3046875 0.3515625
0.3125 0.3515625
0.3046875 0.359375
0.3125 0.359375
0.2890625 0.3671875
0.296875 0.3671875
0.2890625 0.375
0.296875 0.375
0.3046875 0.3671875
0.3125 0.3671875
0.3046875 0.375
0.3125 0.375
0.3203125 0.3203125
0.328125 0.3203125
0.3203125 0.328125
0.328125 0.328125
0.3359375 0.3203125
0.34375 0.3203125
0.3359375 0.328125
0.34375 0.328125
0.3203125 0.3359375
0.328125 0.3359375
0.3203125 0.34375
0.328125 0.34375
0.3359375 0.3359375
0.34375 0.3359375
0.3359375 0.34375
0.34375 0.34375
0.3515625 0.3203125
0.359375 0.3203125
0.3515625 0.328125
0.359375 0.328125
0.3671875 0.3203125
0.375 0.3203125
0.3671875 0.328125
0.375 0.328125
0.3515625 0.3359375
0.359375 0.3359375
0.3515625 0.34375
0.359375 0.34375
0.3671875 0.3359375
0.375 0.3359375
0.3671875 0.34375
0.375 0.34375
0.3203125 0.3515625
0.328125 0.3515625
0.3203125 0.359375
0.328125 0.359375
0.3359375 0.3515625
0.34375 0.3515625
0.3359375 0.359375
0.34375 0.359375
0.3203125 0.3671875
0.328125 0.3671875
0.3203125 0.375
0.328125 0.375
0.3359375 0.3671875
0.34375 0.3671875
0.3359375 0.375
0.34375 0.375
0.3515625 0.3515625
0.359375 0.3515625
0.3515625 0.359375
0.359375 0.359375
0.3671875 0.3515625
0.375 0.3515625
0.3671875 0.359375
0.375 0.359375
0.3515625 0.3671875
0.359375 0.3671875
0.3515625 0.375
0.359375 0.375
0.3671875 0.3671875
0.375 0.3671875
0.3671875 0.375
0.375 0.375
0.3828125 0.2578125
0.390625 0.2578125
0.3828125 0.265625
0.390625 0.265625
0.3984375 0.2578125
0.40625 0.2578125
0.3984375 0.265625
0.40625 0.265625
0.3828125 0.2734375
0.390625 0.2734375
0.3828125 0.28125
0.390625 0.28125
0.3984375 0.2734375
0.40625 0.2734375
0.3984375 0.28125
0.40625 0.28125
0.4140625 0.2578125
0.421875 0.2578125
0.4140625 0.265625
0.421875 0.265625
0.4296875 0.2578125
0.4375 0.2578125
0.4296875 0.265625
0.4375 0.265625
0.4140625 0.2734375
0.421875 0.2734375
0.4140625 0.28125
0.421875 0.28125
0.4296875 0.2734375
0.4375 0.2734375
0.4296875 0.28125
0.4375 0.28125
0.3828125 0.2890625
0.390625 0.2890625
0.3828125 0.296875
0.390625 0.296875
0.3984375 0.2890625
0.40625 0.2890625
0.3984375 0.296875
0.40625 0.296875
0.3828125 0.3046875
0.390625 0.3046875
0.3828125 0.3125
0.390625 0.3125
0.3984375 0.3046875
0.40625 0.3046875
0.3984375 0.3125
0.40625 0.3125
0.4140625 0.2890625
0.421875 0.2890625
0.4140625 0.296875
0.421875 0.296875
0.4296875 0.2890625
0.4375 0.2890625
0.4296875 0.296875
0.4375 0.296875
0.4140625 0.3046875
0.421875 0.3046875
0.4140625 0.3125
0.421875 0.3125
0.4296875 0.3046875
0.4375 0.3046875
0.4296875 0.3125
0.4375 0.3125
0.4453125 0.2578125
0.453125 0.2578125
0.4453125 0.265625
0.453125 0.265625
0.4609375 0.2578125
0.46875 0.2578125
0.4609375 0.265625
0.46875 0.265625
0.4453125 0.2734375
0.453125 0.2734375
0.4453125 0.28125
0.453125 0.28125
0.4609375 0.2734375
0.46875 0.2734375
0.4609375 0.28125
0.46875 0.28125
0.4765625 0.2578125
0.484375 0.2578125
0.4765625 0.265625
0.484375 0.265625
0.4921875 0.2578125
0.5 0.2578125
0.4921875 0.265625
0.5 0.265625
0.4765625 0.2734375
0.484375 0.2734375
0.4765625 0.28125
0.484375 0.28125
0.4921875 0.2734375
0.5 0.2734375
0.4921875 0.28125
0.5 0.28125
0.4453125 0.2890625
0.453125 0.2890625
0.4453125 0.296875
0.453125 0.296875
0.4609375 0.2890625
0.46875 0.2890625
0.4609375 0.296875
0.46875 0.296875
0.4453125 0.3046875
0.453125 0.3046875
0.4453125 0.3125
0.453125 0.3125
0.4609375 0.3046875
0.46875 0.3046875
0.4609375 0.3125
0.46875 0.3125
0.4765625 0.2890625
0.484375 0.2890625
0.4765625 0.296875
0.484375 0.296875
0.4921875 0.2890625
0.5 0.2890625
0.4921875 0.296875
0.5 0.296875
0.4765625 0.3046875
0.484375 0.3046875
0.4765625 0.3125
0.484375 0.3125
0.4921875 0.3046875
0.5 0.3046875
0.4921875 0.3125
0.5 0.3125
0.3828125 0.3203125
0.390625 0.3203125
0.3828125 0.328125
0.390625 0.328125
0.3984375 0.3203125
0.40625 0.3203125
0.3984375 0.328125
0.40625 0.328125
0.3828125 0.3359375
0.390625 0.3359375
0.3828125 0.34375
0.390625 0.34375
0.3984375 0.3359375
0.40625 0.3359375
0.3984375 0.34375
0.40625 0.34375
0.4140625 0.3203125
0.421875 0.3203125
0.4140625 0.328125
0.421875 0.328125
0.4296875 0.3203125
0.4375 0.3203125
0.4296875 0.328125
0.4375 0.328125
0.4140625 0.3359375
0.421875 0.3359375
0.4140625 0.34375
0.421875 0.34375
0.4296875 0.3359375
0.4375 0.3359375
0.4296875 0.34375
0.4375 0.34375
0.3828125 0.3515625
0.390625 0.3515625
0.3828125 0.359375
0.390625 0.359375
0.3984375 0.3515625
0.40625 0.3515625
0.3984375 0.359375
0.40625 0.359375
0.3828125 0.3671875
0.390625 0.3671875
0.3828125 0.375
0.390625 0.375
0.3984375 0.3671875
0.40625 0.3671875
0.3984375 0.375
0.40625 0.375
0.4140625 0.3515625
0.421875 0.3515625
0.4140625 0.359375
0.421875 0.359375
0.4296875 0.3515625
0.4375 0.3515625
0.4296875 0.359375
0.4375 0.359375
0.4140625 0.3671875
0.421875 0.3671875
0.4140625 0.375
0.421875 0.375
0.4296875 0.3671875
0.4375 0.3671875
0.4296875 0.375
0.4375 0.375
0.4453125 0.3203125
0.453125 0.3203125
0.4453125 0.328125
0.453125 0.328125
0.4609375 0.3203125
0.46875 0.3203125
0.4609375 0.328125
0.46875 0.328125
0.4453125 0.3359375
0.453125 0.3359375
0.4453125 0.34375
0.453125 0.34375
0.4609375 0.3359375
0.46875 0.3359375
0.4609375 0.34375
0.46875 0.34375
0.4765625 0.3203125
0.484375 0.3203125
0.4765625 0.328125
0.484375 0.328125
0.4921875 0.3203125
0.5 0.3203125
0.4921875 0.328125
0.5 0.328125
0.4765625 0.3359375
0.484375 0.3359375
0.4765625 0.34375
0.484375 0.34375
0.4921875 0.3359375
0.5 0.3359375
0.4921875 0.34375
0.5 0.34375
0.4453125 0.3515625
0.453125 0.3515625
0.4453125 0.359375
0.453125 0.359375
0.4609375 0.3515625
0.46875 0.3515625
0.4609375 0.359375
0.46875 0.359375
0.4453125 0.3671875
0.453125 0.3671875
0.4453125 0.375
0.453125 0.375
0.4609375 0.3671875
0.46875 0.3671875
0.4609375 0.375
0.46875 0.375
0.4765625 0.3515625
0.484375 0.3515625
0.4765625 0.359375
0.484375 0.359375
0.4921875 0.3515625
0.5 0.3515625
0.4921875 0.359375
0.5 0.359375
0.4765625 0.3671875
0.484375 0.3671875
0.4765625 0.375
0.484375 0.375
0.4921875 0.3671875
0.5 0.3671875
0.4921875 0.375
0.5 0.375
0.2578125 0.3828125
0.265625 0.3828125
0.2578125 0.390625
0.265625 0.390625
0.2734375 0.3828125
0.28125 0.3828125
0.2734375 0.390625
0.28125 0.390625
0.2578125 0.3984375
0.265625 0.3984375
0.2578125 0.40625
0.265625 0.40625
0.2734375 0.3984375
0.28125 0.3984375
0.2734375 0.40625
0.28125 0.40625
0.2890625 0.3828125
0.296875 0.3828125
0.2890625 0.390625
0.296875 0.390625
0.3046875 0.3828125
0.3125 0.3828125
0.3046875 0.390625
0.3125 0.390625
0.2890625 0.3984375
0.296875 0.3984375
0.2890625 0.40625
0.296875 0.40625
0.3046875 0.3984375
0.3125 0.3984375
0.3046875 0.40625
0.3125 0.40625
0.2578125 0.4140625
0.265625 0.4140625
0.2578125 0.421875
0.265625 0.421875
0.2734375 0.4140625
0.28125 0.4140625
0.2734375 0.421875
0.28125 0.421875
0.2578125 0.4296875
0.265625 0.4296875
0.2578125 0.4375
0.265625 0.4375
0.2734375 0.4296875
0.28125 0.4296875
0.2734375 0.4375
0.28125 0.4375
0.2890625 0.4140625
0.296875 0.4140625
0.2890625 0.421875
0.296875 0.421875
0.3046875 0.4140625
0.3125 0.4140625
0.3046875 0.421875
0.3125 0.421875
0.2890625 0.4296875
0.296875 0.4296875
0.2890625 0.4375
0.296875 0.4375
0.3046875 0.4296875
0.3125 0.4296875
0.3046875 0.4375
0.3125 0.4375
0.3203125 0.3828125
0.328125 0.3828125
0.3203125 0.390625
0.328125 0.390625
0.3359375 0.3828125
0.34375 0.3828125
0.3359375 0.390625
0.34375 0.390625
0.3203125 0.3984375
0.328125 0.3984375
0.3203125 0.40625
0.328125 0.40625
0.3359375 0.3984375
0.34375 0.3984375
0.3359375 0.40625
0.34375 0.40625
0.3515625 0.3828125
0.359375 0.3828125
0.3515625 0.390625
0.359375 0.390625
0.3671875 0.3828125
0.375 0.3828125
0.3671875 0.390625
0.375 0.390625
0.3515625 0.3984375
0.359375 0.3984375
0.3515625 0.40625
0.359375 0.40625
0.3671875 0.3984375
0.375 0.3984375
0.3671875 0.40625
0.375 0.40625
0.3203125 0.4140625
0.328125 0.4140625
0.3203125 0.421875
0.328125 0.421875
0.3359375 0.4140625
0.34375 0.4140625
0.3359375 0.421875
0.34375 0.421875
0.3203125 0.4296875
0.328125 0.4296875
0.3203125 0.4375
0.328125 0.4375
0.3359375 0.4296875
0.34375 0.4296875
0.3359375 0.4375
0.34375 0.4375
0.3515625 0.4140625
0.359375 0.4140625
0.3515625 0.421875
0.359375 0.421875
0.3671875 0.4140625
0.375 0.4140625
0.3671875 0.421875
0.375 0.421875
0.3515625 0.4296875
0.359375 0.4296875
0.3515625 0.4375
0.359375 0.4375
0.3671875 0.4296875
0.375 0.4296875
0.3671875 0.4375
0.375 0.4375
0.2578125 0.4453125
0.265625 0.4453125
0.2578125 0.453125
0.265625 0.453125
0.2734375 0.4453125
0.28125 0.4453125
0.2734375 0.453125
0.28125 0.453125
0.2578125 0.4609375
0.265625 0.4609375
0.2578125 0.46875
0.265625 0.46875
0.2734375 0.4609375
0.28125 0.4609375
0.2734375 0.46875
0.28125 0.46875
0.2890625 0.4453125
0.296875 0.4453125
0.2890625 0.453125
0.296875 0.453125
0.3046875 0.4453125
0.3125 0.4453125
0.3046875 0.453125
0.3125 0.453125
0.2890625 0.4609375
0.296875 0.4609375
0.2890625 0.46875
0.296875 0.46875
0.3046875 0.4609375
0.3125 0.4609375
0.3046875 0.46875
0.3125 0.46875
0.2578125 0.4765625
0.265625 0.4765625
0.2578125 0.484375
0.265625 0.484375
0.2734375 0.4765625
0.28125 0.4765625
0.2734375 0.484375
0.28125 0.484375
0.2578125 0.4921875
0.265625 0.4921875
0.2578125 0.5
0.265625 0.5
0.2734375 0.4921875
0.28125 0.4921875
0.2734375 0.5
0.28125 0.5
0.2890625 0.4765625
0.296875 0.4765625
0.2890625 0.484375
0.296875 0.484375
0.3046875 0.4765625
0.3125 0.4765625
0.3046875 0.484375
0.3125 0.484375
0.2890625 0.4921875
0.296875 0.4921875
0.2890625 0.5
0.296875 0.5
0.3046875 0.4921875
0.3125 0.4921875
0.3046875 0.5
0.3125 0.5
0.3203125 0.4453125
0.328125 0.4453125
0.3203125 0.453125
0.328125 0.453125
0.3359375 0.4453125
0.34375 0.4453125
0.3359375 0.453125
0.34375 0.453125
0.3203125 0.4609375
0.328125 0.4609375
0.3203125 0.46875
0.328125 0.46875
0.3359375 0.4609375
0.34375 0.4609375
0.3359375 0.46875
0.34375 0.46875
0.3515625 0.4453125
0.359375 0.4453125
0.3515625 0.453125
0.359375 0.453125
0.3671875 0.4453125
0.375 0.4453125
0.3671875 0.453125
0.375 0.453125
0.3515625 0.4609375
0.359375 0.4609375
0.3515625 0.46875
0.359375 0.46875
0.3671875 0.4609375
0.375 0.4609375
0.3671875 0.46875
0.375 0.46875
0.3203125 0.4765625
0.328125 0.4765625
0.3203125 0.484375
0.328125 0.484375
0.3359375 0.4765625
0.34375 0.4765625
0.3359375 0.484375
0.34375 0.484375
0.3203125 0.4921875
0.328125 0.4921875
0.3203125 0.5
0.328125 0.5
0.3359375 0.4921875
0.34375 0.4921875
0.3359375 0.5
0.34375 0.5
0.3515625 0.4765625
0.359375 0.4765625
0.3515625 0.484375
0.359375 0.484375
0.3671875 0.4765625
0.375 0.4765625
0.3671875 0.484375
0.375 0.484375
0.3515625 0.4921875
0.359375 0.4921875
0.3515625 0.5
0.359375 0.5
0.3671875 0.4921875
0.375 0.4921875
0.3671875 0.5
0.375 0.5
0.3828125 0.3828125
0.390625 0.3828125
0.3828125 0.390625
0.390625 0.390625
0.3984375 0.3828125
0.40625 0.3828125
0.3984375 0.390625
0.40625 0.390625
0.3828125 0.3984375
0.390625 0.3984375
0.3828125 0.40625
0.390625 0.40625
0.3984375 0.3984375
0.40625 0.3984375
0.3984375 0.40625
0.40625 0.40625
0.4140625 0.3828125
0.421875 0.3828125
0.4140625 0.390625
0.421875 0.390625
0.4296875 0.3828125
0.4375 0.3828125
0.4296875 0.390625
0.4375 0.390625
0.4140625 0.3984375
0.421875 0.3984375
0.4140625 0.40625
0.421875 0.40625
0.4296875 0.3984375
0.4375 0.3984375
0.4296875 0.40625
0.4375 0.40625
0.3828125 0.4140625
0.390625 0.4140625
0.3828125 0.421875
0.390625 0.421875
0.3984375 0.4140625
0.40625 0.4140625
0.3984375 0.421875
0.40625 0.421875
0.3828125 0.4296875
0.390625 0.4296875
0.3828125 0.4375
0.390625 0.4375
0.3984375 0.4296875
0.40625 0.4296875
0.3984375 0.4375
0.40625 0.4375
0.4140625 0.4140625
0.421875 0.4140625
0.4140625 0.421875
0.421875 0.421875
0.4296875 0.4140625
0.4375 0.4140625
0.4296875 0.421875
0.4375 0.421875
0.4140625 0.4296875
0.421875 0.4296875
0.4140625 0.4375
0.421875 0.4375
0.4296875 0.4296875
0.4375 0.4296875
0.4296875 0.4375
0.4375 0.4375
0.4453125 0.3828125
0.453125 0.3828125
0.4453125 0.390625
0.453125 0.390625
0.4609375 0.3828125
0.46875 0.3828125
0.4609375 0.390625
0.46875 0.390625
0.4453125 0.3984375
0.453125 0.3984375
0.4453125 0.40625
0.453125 0.40625
0.4609375 0.3984375
0.46875 0.3984375
0.4609375 0.40625
0.46875 0.40625
0.4765625 0.3828125
0.484375 0.3828125
0.4765625 0.390625
0.484375 0.390625
0.4921875 0.3828125
0.5 0.3828125
0.4921875 0.390625
0.5 0.390625
0.4765625 0.3984375
0.484375 0.3984375
0.4765625 0.40625
0.484375 0.40625
0.4921875 0.3984375
0.5 0.3984375
0.4921875 0.40625
0.5 0.40625
0.4453125 0.4140625
0.453125 0.4140625
0.4453125 0.421875
0.453125 0.421875
0.4609375 0.4140625
0.46875 0.4140625
0.4609375 0.421875
0.46875 0.421875
0.4453125 0.4296875
0.453125 0.4296875
0.4453125 0.4375
0.453125 0.4375
0.4609375 0.4296875
0.46875 0.4296875
0.4609375 0.4375
0.46875 0.4375
0.4765625 0.4140625
0.484375 0.4140625
0.4765625 0.421875
0.484375 0.421875
0.4921875 0.4140625
0.5 0.4140625
0.4921875 0.421875
0.5 0.421875
0.4765625 0.4296875
0.484375 0.4296875
0.4765625 0.4375
0.484375 0.4375
0.4921875 0.4296875
0.5 0.4296875
0.4921875 0.4375
0.5 0.4375
0.3828125 0.4453125
0.390625 0.4453125
0.3828125 0.453125
0.390625 0.453125
0.3984375 0.4453125
0.40625 0.4453125
0.3984375 0.453125
0.40625 0.453125
0.3828125 0.4609375
0.390625 0.4609375
0.3828125 0.46875
0.390625 0.46875
0.3984375 0.4609375
0.40625 0.4609375
0.3984375 0.46875
0.40625 0.46875
0.4140625 0.4453125
0.421875 0.4453125
0.4140625 0.453125
0.421875 0.453125
0.4296875 0.4453125
0.4375 0.4453125
0.4296875 0.453125
0.4375 0.453125
0.4140625 0.4609375
0.421875 0.4609375
0.4140625 0.46875
0.421875 0.46875
0.4296875 0.4609375
0.4375 0.4609375
0.4296875 0.46875
0.4375 0.46875
0.3828125 0.4765625
0.390625 0.4765625
0.3828125 0.484375
0.390625 0.484375
0.3984375 0.4765625
0.40625 0.4765625
0.3984375 0.484375
0.40625 0.484375
0.3828125 0.4921875
0.390625 0.4921875
0.3828125 0.5
0.390625 0.5
0.3984375 0.4921875
0.40625 0.4921875
0.3984375 0.5
0.40625 0.5
0.4140625 0.4765625
0.421875 0.4765625
0.4140625 0.484375
0.421875 0.484375
0.4296875 0.4765625
0.4375 0.4765625
0.4296875 0.484375
0.4375 0.484375
0.4140625 0.4921875
0.421875 0.4921875
0.4140625 0.5
0.421875 0.5
0.4296875 0.4921875
0.4375 0.4921875
0.4296875 0.5
0.4375 0.5
0.4453125 0.4453125
0.453125 0.4453125
0.4453125 0.453125
0.453125 0.453125
0.4609375 0.4453125
0.46875 0.4453125
0.4609375 0.453125
0.46875 0.453125
0.4453125 0.4609375
0.453125 0.4609375
0.4453125 0.46875
0.453125 0.46875
0.4609375 0.4609375
0.46875 0.4609375
0.4609375 0.46875
0.46875 0.46875
0.4765625 0.4453125
0.484375 0.4453125
0.4765625 0.453125
0.484375 0.453125
0.4921875 0.4453125
0.5 0.4453125
0.4921875 0.453125
0.5 0.453125
0.4765625 0.4609375
0.484375 0.4609375
0.4765625 0.46875
0.484375 0.46875
0.4921875 0.4609375
0.5 0.4609375
0.4921875 0.46875
0.5 0.46875
0.4453125 0.4765625
0.453125 0.4765625
0.4453125 0.484375
0.453125 0.484375
0.4609375 0.4765625
0.46875 0.4765625
0.4609375 0.484375
0.46875 0.484375
0.4453125 0.4921875
0.453125 0.4921875
0.4453125 0.5
0.453125 0.5
0.4609375 0.4921875
0.46875 0.4921875
0.4609375 0.5
0.46875 0.5
0.4765625 0.4765625
0.484375 0.4765625
0.4765625 0.484375
0.484375 0.484375
0.4921875 0.4765625
0.5 0.4765625
0.4921875 0.484375
0.5 0.484375
0.4765625 0.4921875
0.484375 0.4921875
0.4765625 0.5
0.484375 0.5
0.4921875 0.4921875
0.5 0.4921875
0.49609375 0.4921875
0.4921875 0.49609375
0.4921875 0.5
0.49609375 0.49609375
0.5 0.49609375
0.498046875 0.49609375
0.49609375 0.498046875
0.49609375 0.5
0.498046875 0.498046875
0.5 0.498046875
0.4990234375 0.498046875
0.498046875 0.4990234375
0.498046875 0.5
0.4990234375 0.4990234375
0.5 0.4990234375
0.49951171875 0.4990234375
0.4990234375 0.49951171875
0.4990234375 0.5
0.49951171875 0.49951171875
0.5 0.49951171875
0.499755859375 0.49951171875
0.49951171875 0.499755859375
0.49951171875 0.5
0.499755859375 0.499755859375
0.5 0.499755859375
0.4998779296875 0.499755859375
0.499755859375 0.4998779296875
0.499755859375 0.5
0.4998779296875 0.4998779296875
0.5 0.4998779296875
0.49993896484375 0.4998779296875
0.4998779296875 0.49993896484375
0.4998779296875 0.5
0.49993896484375 0.49993896484375
0.5 0.49993896484375
0.499969482421875 0.49993896484375
0.49993896484375 0.499969482421875
0.49993896484375 0.5
0.499969482421875 0.499969482421875
0.5 0.499969482421875
0.499984741210938 0.499969482421875
0.499969482421875 0.499984741210938
0.499969482421875 0.5
0.499984741210938 0.499984741210938
0.5 0.499984741210938
0.499992370605469 0.499984741210938
0.499984741210938 0.499992370605469
0.499984741210938 0.5
0.499992370605469 0.499992370605469
0.5 0.499992370605469
0.499992370605469 0.5
0.5 0.5
0.2578125 0.5078125
0.265625 0.5078125
0.2578125 0.515625
0.265625 0.515625
0.2734375 0.5078125
0.28125 0.5078125
0.2734375 0.515625
0.28125 0.515625
0.2578125 0.5234375
0.265625 0.5234375
0.2578125 0.53125
0.265625 0.53125
0.2734375 0.5234375
0.28125 0.5234375
0.2734375 0.53125
0.28125 0.53125
0.2890625 0.5078125
0.296875 0.5078125
0.2890625 0.515625
0.296875 0.515625
0.3046875 0.5078125
0.3125 0.5078125
0.3046875 0.515625
0.3125 0.515625
0.2890625 0.5234375
0.296875 0.5234375
0.2890625 0.53125
0.296875 0.53125
0.3046875 0.5234375
0.3125 0.5234375
0.3046875 0.53125
0.3125 0.53125
0.2578125 0.5390625
0.265625 0.5390625
0.2578125 0.546875
0.265625 0.546875
0.2734375 0.5390625
0.28125 0.5390625
0.2734375 0.546875
0.28125 0.546875
0.2578125 0.5546875
0.265625 0.5546875
0.2578125 0.5625
0.265625 0.5625
0.2734375 0.5546875
0.28125 0.5546875
0.2734375 0.5625
0.28125 0.5625
0.2890625 0.5390625
0.296875 0.5390625
0.2890625 0.546875
0.296875 0.546875
0.3046875 0.5390625
0.3125 0.5390625
0.3046875 0.546875
0.3125 0.546875
0.2890625 0.5546875
0.296875 0.5546875
0.2890625 0.5625
0.296875 0.5625
0.3046875 0.5546875
0.3125 0.5546875
0.3046875 0.5625
0.3125 0.5625
0.3203125 0.5078125
0.328125 0.5078125
0.3203125 0.515625
0.328125 0.515625
0.3359375 0.5078125
0.34375 0.5078125
0.3359375 0.515625
0.34375 0.515625
0.3203125 0.5234375
0.328125 0.5234375
0.3203125 0.53125
0.328125 0.53125
0.3359375 0.5234375
0.34375 0.5234375
0.3359375 0.53125
0.34375 0.53125
0.3515625 0.5078125
0.359375 0.5078125
0.3515625 0.515625
0.359375 0.515625
0.3671875 0.5078125
0.375 0.5078125
0.3671875 0.515625
0.375 0.515625
0.3515625 0.5234375
0.359375 0.5234375
0.3515625 0.53125
0.359375 0.53125
0.3671875 0.5234375
0.375 0.5234375
0.3671875 0.53125
0.375 0.53125
0.3203125 0.5390625
0.328125 0.5390625
0.3203125 0.546875
0.328125 0.546875
0.3359375 0.5390625
0.34375 0.5390625
0.3359375 0.546875
0.34375 0.546875
0.3203125 0.5546875
0.328125 0.5546875
0.3203125 0.5625
0.328125 0.5625
0.3359375 0.5546875
0.34375 0.5546875
0.3359375 0.5625
0.34375 0.5625
0.3515625 0.5390625
0.359375 0.5390625
0.3515625 0.546875
0.359375 0.546875
0.3671875 0.5390625
0.375 0.5390625
0.3671875 0.546875
0.375 0.546875
0.3515625 0.5546875
0.359375 0.5546875
0.3515625 0.5625
0.359375 0.5625
0.3671875 0.5546875
0.375 0.5546875
0.3671875 0.5625
0.375 0.5625
0.2578125 0.5703125
0.265625 0.5703125
0.2578125 0.578125
0.265625 0.578125
0.2734375 0.5703125
0.28125 0.5703125
0.2734375 0.578125
0.28125 0.578125
0.2578125 0.5859375
0.265625 0.5859375
0.2578125 0.59375
0.265625 0.59375
0.2734375 0.5859375
0.28125 0.5859375
0.2734375 0.59375
0.28125 0.59375
0.2890625 0.5703125
0.296875 0.5703125
0.2890625 0.578125
0.296875 0.578125
0.3046875 0.5703125
0.3125 0.5703125
0.3046875 0.578125
0.3125 0.578125
0.2890625 0.5859375
0.296875 0.5859375
0.2890625 0.59375
0.296875 0.59375
0.3046875 0.5859375
0.3125 0.5859375
0.3046875 0.59375
0.3125 0.59375
0.2578125 0.6015625
0.265625 0.6015625
0.2578125 0.609375
0.265625 0.609375
0.2734375 0.6015625
0.28125 0.6015625
0.2734375 0.609375
0.28125 0.609375
0.2578125 0.6171875
0.265625 0.6171875
0.2578125 0.625
0.265625 0.625
0.2734375 0.6171875
0.28125 0.6171875
0.2734375 0.625
0.28125 0.625
0.2890625 0.6015625
0.296875 0.6015625
0.2890625 0.609375
0.296875 0.609375
0.3046875 0.6015625
0.3125 0.6015625
0.3046875 0.609375
0.3125 0.609375
0.2890625 0.6171875
0.296875 0.6171875
0.2890625 0.625
0.296875 0.625
0.3046875 0.6171875
0.3125 0.6171875
0.3046875 0.625
0.3125 0.625
0.3203125 0.5703125
0.328125 0.5703125
0.3203125 0.578125
0.328125 0.578125
0.3359375 0.5703125
0.34375 0.5703125
0.3359375 0.578125
0.34375 0.578125
0.3203125 0.5859375
0.328125 0.5859375
0.3203125 0.59375
0.328125 0.59375
0.3359375 0.5859375
0.34375 0.5859375
0.3359375 0.59375
0.34375 0.59375
0.3515625 0.5703125
0.359375 0.5703125
0.3515625 0.578125
0.359375 0.578125
0.3671875 0.5703125
0.375 0.5703125
0.3671875 0.578125
0.375 0.578125
0.3515625 0.5859375
0.359375 0.5859375
0.3515625 0.59375
0.359375 0.59375
0.3671875 0.5859375
0.375 0.5859375
0.3671875 0.59375
0.375 0.59375
0.3203125 0.6015625
0.328125 0.6015625
0.3203125 0.609375
0.328125 0.609375
0.3359375 0.6015625
0.34375 0.6015625
0.3359375 0.609375
0.34375 0.609375
0.3203125 0.6171875
0.328125 0.6171875
0.3203125 0.625
0.328125 0.625
0.3359375 0.6171875
0.34375 0.6171875
0.3359375 0.625
0.34375 0.625
0.3515625 0.6015625
0.359375 0.6015625
0.3515625 0.609375
0.359375 0.609375
0.3671875 0.6015625
0.375 0.6015625
0.3671875 0.609375
0.375 0.609375
0.3515625 0.6171875
0.359375 0.6171875
0.3515625 0.625
0.359375 0.625
0.3671875 0.6171875
0.375 0.6171875
0.3671875 0.625
0.375 0.625
0.3828125 0.5078125
0.390625 0.5078125
0.3828125 0.515625
0.390625 0.515625
0.3984375 0.5078125
0.40625 0.5078125
0.3984375 0.515625
0.40625 0.515625
0.3828125 0.5234375
0.390625 0.5234375
0.3828125 0.53125
0.390625 0.53125
0.3984375 0.5234375
0.40625 0.5234375
0.3984375 0.53125
0.40625 0.53125
0.4140625 0.5078125
0.421875 0.5078125
0.4140625 0.515625
0.421875 0.515625
0.4296875 0.5078125
0.4375 0.5078125
0.4296875 0.515625
0.4375 0.515625
0.4140625 0.5234375
0.421875 0.5234375
0.4140625 0.53125
0.421875 0.53125
0.4296875 0.5234375
0.4375 0.5234375
0.4296875 0.53125
0.4375 0.53125
0.3828125 0.5390625
0.390625 0.5390625
0.3828125 0.546875
0.390625 0.546875
0.3984375 0.5390625
0.40625 0.5390625
0.3984375 0.546875
0.40625 0.546875
0.3828125 0.5546875
0.390625 0.5546875
0.3828125 0.5625
0.390625 0.5625
0.3984375 0.5546875
0.40625 0.5546875
0.3984375 0.5625
0.40625 0.5625
0.4140625 0.5390625
0.421875 0.5390625
0.4140625 0.546875
0.421875 0.546875
0.4296875 0.5390625
0.4375 0.5390625
0.4296875 0.546875
0.4375 0.546875
0.4140625 0.5546875
0.421875 0.5546875
0.4140625 0.5625
0.421875 0.5625
0.4296875 0.5546875
0.4375 0.5546875
0.4296875 0.5625
0.4375 0.5625
0.4453125 0.5078125
0.453125 0.5078125
0.4453125 0.515625
0.453125 0.515625
0.4609375 0.5078125
0.46875 0.5078125
0.4609375 0.515625
0.46875 0.515625
0.4453125 0.5234375
0.453125 0.5234375
0.4453125 0.53125
0.453125 0.53125
0.4609375 0.5234375
0.46875 0.5234375
0.4609375 0.53125
0.46875 0.53125
0.4765625 0.5078125
0.484375 0.5078125
0.4765625 0.515625
0.484375 0.515625
0.4921875 0.50390625
0.4921875 0.5078125
0.49609375 0.501953125
0.49609375 0.50390625
0.498046875 0.5009765625
0.498046875 0.501953125
0.4990234375 0.50048828125
0.4990234375 0.5009765625
0.49951171875 0.500244140625
0.49951171875 0.50048828125
0.499755859375 0.5001220703125
0.499755859375 0.500244140625
0.4998779296875 0.50006103515625
0.4998779296875 0.5001220703125
0.49993896484375 0.500030517578125
0.49993896484375 0.50006103515625
0.499969482421875 0.500015258789062
0.499969482421875 0.500030517578125
0.499984741210938 0.500007629394531
0.499984741210938 0.500015258789062
0.499992370605469 0.500007629394531
0.5 0.500007629394531
0.499992370605469 0.500015258789062
0.5 0.500015258789062
0.499984741210938 0.500030517578125
0.5 0.500030517578125
0.499969482421875 0.50006103515625
0.5 0.50006103515625
0.49993896484375 0.5001220703125
0.5 0.5001220703125
0.4998779296875 0.500244140625
0.5 0.500244140625
0.499755859375 0.50048828125
0.5 0.50048828125
0.49951171875 0.5009765625
0.5 0.5009765625
0.4990234375 0.501953125
0.5 0.501953125
0.498046875 0.50390625
0.5 0.50390625
0.49609375 0.5078125
0.5 0.5078125
0.4921875 0.515625
0.5 0.515625
0.4765625 0.5234375
0.484375 0.5234375
0.4765625 0.53125
0.484375 0.53125
0.4921875 0.5234375
0.5 0.5234375
0.4921875 0.53125
0.5 0.53125
0.4453125 0.5390625
0.453125 0.5390625
0.4453125 0.546875
0.453125 0.546875
0.4609375 0.5390625
0.46875 0.5390625
0.4609375 0.546875
0.46875 0.546875
0.4453125 0.5546875
0.453125 0.5546875
0.4453125 0.5625
0.453125 0.5625
0.4609375 0.5546875
0.46875 0.5546875
0.4609375 0.5625
0.46875 0.5625
0.4765625 0.5390625
0.484375 0.5390625
0.4765625 0.546875
0.484375 0.546875
0.4921875 0.5390625
0.5 0.5390625
0.4921875 0.546875
0.5 0.546875
0.4765625 0.5546875
0.484375 0.5546875
0.4765625 0.5625
0.484375 0.5625
0.4921875 0.5546875
0.5 0.5546875
0.4921875 0.5625
0.5 0.5625
0.3828125 0.5703125
0.390625 0.5703125
0.3828125 0.578125
0.390625 0.578125
0.3984375 0.5703125
0.40625 0.5703125
0.3984375 0.578125
0.40625 0.578125
0.3828125 0.5859375
0.390625 0.5859375
0.3828125 0.59375
0.390625 0.59375
0.3984375 0.5859375
0.40625 0.5859375
0.3984375 0.59375
0.40625 0.59375
0.4140625 0.5703125
0.421875 0.5703125
0.4140625 0.578125
0.421875 0.578125
0.4296875 0.5703125
0.4375 0.5703125
0.4296875 0.578125
0.4375 0.578125
0.4140625 0.5859375
0.421875 0.5859375
0.4140625 0.59375
0.421875 0.59375
0.4296875 0.5859375
0.4375 0.5859375
0.4296875 0.59375
0.4375 0.59375
0.3828125 0.6015625
0.390625 0.6015625
0.3828125 0.609375
0.390625 0.609375
0.3984375 0.6015625
0.40625 0.6015625
0.3984375 0.609375
0.40625 0.609375
0.3828125 0.6171875
0.390625 0.6171875
0.3828125 0.625
0.390625 0.625
0.3984375 0.6171875
0.40625 0.6171875
0.3984375 0.625
0.40625 0.625
0.4140625 0.6015625
0.421875 0.6015625
0.4140625 0.609375
0.421875 0.609375
0.4296875 0.6015625
0.4375 0.6015625
0.4296875 0.609375
0.4375 0.609375
0.4140625 0.6171875
0.421875 0.6171875
0.4140625 0.625
0.421875 0.625
0.4296875 0.6171875
0.4375 0.6171875
0.4296875 0.625
0.4375 0.625
0.4453125 0.5703125
0.453125 0.5703125
0.4453125 0.578125
0.453125 0.578125
0.4609375 0.5703125
0.46875 0.5703125
0.4609375 0.578125
0.46875 0.578125
0.4453125 0.5859375
0.453125 0.5859375
0.4453125 0.59375
0.453125 0.59375
0.4609375 0.5859375
0.46875 0.5859375
0.4609375 0.59375
0.46875 0.59375
0.4765625 0.5703125
0.484375 0.5703125
0.4765625 0.578125
0.484375 0.578125
0.4921875 0.5703125
0.5 0.5703125
0.4921875 0.578125
0.5 0.578125
0.4765625 0.5859375
0.484375 0.5859375
0.4765625 0.59375
0.484375 0.59375
0.4921875 0.5859375
0.5 0.5859375
0.4921875 0.59375
0.5 0.59375
0.4453125 0.6015625
0.453125 0.6015625
0.4453125 0.609375
0.453125 0.609375
0.4609375 0.6015625
0.46875 0.6015625
0.4609375 0.609375
0.46875 0.609375
0.4453125 0.6171875
0.453125 0.6171875
0.4453125 0.625
0.453125 0.625
0.4609375 0.6171875
0.46875 0.6171875
0.4609375 0.625
0.46875 0.625
0.4765625 0.6015625
0.484375 0.6015625
0.4765625 0.609375
0.484375 0.609375
0.4921875 0.6015625
0.5 0.6015625
0.4921875 0.609375
0.5 0.609375
0.4765625 0.6171875
0.484375 0.6171875
0.4765625 0.625
0.484375 0.625
0.4921875 0.6171875
0.5 0.6171875
0.4921875 0.625
0.5 0.625
0.2578125 0.6328125
0.265625 0.6328125
0.2578125 0.640625
0.265625 0.640625
0.2734375 0.6328125
0.28125 0.6328125
0.2734375 0.640625
0.28125 0.640625
0.2578125 0.6484375
0.265625 0.6484375
0.2578125 0.65625
0.265625 0.65625
0.2734375 0.6484375
0.28125 0.6484375
0.2734375 0.65625
0.28125 0.65625
0.2890625 0.6328125
0.296875 0.6328125
0.2890625 0.640625
0.296875 0.640625
0.3046875 0.6328125
0.3125 0.6328125
0.3046875 0.640625
0.3125 0.640625
0.2890625 0.6484375
0.296875 0.6484375
0.2890625 0.65625
0.296875 0.65625
0.3046875 0.6484375
0.3125 0.6484375
0.3046875 0.65625
0.3125 0.65625
0.2578125 0.6640625
0.265625 0.6640625
0.2578125 0.671875
0.265625 0.671875
0.2734375 0.6640625
0.28125 0.6640625
0.2734375 0.671875
0.28125 0.671875
0.2578125 0.6796875
0.265625 0.6796875
0.2578125 0.6875
0.265625 0.6875
0.2734375 0.6796875
0.28125 0.6796875
0.2734375 0.6875
0.28125 0.6875
0.2890625 0.6640625
0.296875 0.6640625
0.2890625 0.671875
0.296875 0.671875
0.3046875 0.6640625
0.3125 0.6640625
0.3046875 0.671875
0.3125 0.671875
0.2890625 0.6796875
0.296875 0.6796875
0.2890625 0.6875
0.296875 0.6875
0.3046875 0.6796875
0.3125 0.6796875
0.3046875 0.6875
0.3125 0.6875
0.3203125 0.6328125
0.328125 0.6328125
0.3203125 0.640625
0.328125 0.640625
0.3359375 0.6328125
0.34375 0.6328125
0.3359375 0.640625
0.34375 0.640625
0.3203125 0.6484375
0.328125 0.6484375
0.3203125 0.65625
0.328125 0.65625
0.3359375 0.6484375
0.34375 0.6484375
0.3359375 0.65625
0.34375 0.65625
0.3515625 0.6328125
0.359375 0.6328125
0.3515625 0.640625
0.359375 0.640625
0.3671875 0.6328125
0.375 0.6328125
0.3671875 0.640625
0.375 0.640625
0.3515625 0.6484375
0.359375 0.6484375
0.3515625 0.65625
0.359375 0.65625
0.3671875 0.6484375
0.375 0.6484375
0.3671875 0.65625
0.375 0.65625
0.3203125 0.6640625
0.328125 0.6640625
0.3203125 0.671875
0.328125 0.671875
0.3359375 0.6640625
0.34375 0.6640625
0.3359375 0.671875
0.34375 0.671875
0.3203125 0.6796875
0.328125 0.6796875
0.3203125 0.6875
0.328125 0.6875
0.3359375 0.6796875
0.34375 0.6796875
0.3359375 0.6875
0.34375 0.6875
0.3515625 0.6640625
0.359375 0.6640625
0.3515625 0.671875
0.359375 0.671875
0.3671875 0.6640625
0.375 0.6640625
0.3671875 0.671875
0.375 0.671875
0.3515625 0.6796875
0.359375 0.6796875
0.3515625 0.6875
0.359375 0.6875
0.3671875 0.6796875
0.375 0.6796875
0.3671875 0.6875
0.375 0.6875
0.2578125 0.6953125
0.265625 0.6953125
0.2578125 0.703125
0.265625 0.703125
0.2734375 0.6953125
0.28125 0.6953125
0.2734375 0.703125
0.28125 0.703125
0.2578125 0.7109375
0.265625 0.7109375
0.2578125 0.71875
0.265625 0.71875
0.2734375 0.7109375
0.28125 0.7109375
0.2734375 0.71875
0.28125 0.71875
0.2890625 0.6953125
0.296875 0.6953125
0.2890625 0.703125
0.296875 0.703125
0.3046875 0.6953125
0.3125 0.6953125
0.3046875 0.703125
0.3125 0.703125
0.2890625 0.7109375
0.296875 0.7109375
0.2890625 0.71875
0.296875 0.71875
0.3046875 0.7109375
0.3125 0.7109375
0.3046875 0.71875
0.3125 0.71875
0.2578125 0.7265625
0.265625 0.7265625
0.2578125 0.734375
0.265625 0.734375
0.2734375 0.7265625
0.28125 0.7265625
0.2734375 0.734375
0.28125 0.734375
0.2578125 0.7421875
0.265625 0.7421875
0.2578125 0.75
0.265625 0.75
0.2734375 0.7421875
0.28125 0.7421875
0.2734375 0.75
0.28125 0.75
0.2890625 0.7265625
0.296875 0.7265625
0.2890625 0.734375
0.296875 0.734375
0.3046875 0.7265625
0.3125 0.7265625
0.3046875 0.734375
0.3125 0.734375
0.2890625 0.7421875
0.296875 0.7421875
0.2890625 0.75
0.296875 0.75
0.3046875 0.7421875
0.3125 0.7421875
0.3046875 0.75
0.3125 0.75
0.3203125 0.6953125
0.328125 0.6953125
0.3203125 0.703125
0.328125 0.703125
0.3359375 0.6953125
0.34375 0.6953125
0.3359375 0.703125
0.34375 0.703125
0.3203125 0.7109375
0.328125 0.7109375
0.3203125 0.71875
0.328125 0.71875
0.3359375 0.7109375
0.34375 0.7109375
0.3359375 0.71875
0.34375 0.71875
0.3515625 0.6953125
0.359375 0.6953125
0.3515625 0.703125
0.359375 0.703125
0.3671875 0.6953125
0.375 0.6953125
0.3671875 0.703125
0.375 0.703125
0.3515625 0.7109375
0.359375 0.7109375
0.3515625 0.71875
0.359375 0.71875
0.3671875 0.7109375
0.375 0.7109375
0.3671875 0.71875
0.375 0.71875
0.3203125 0.7265625
0.328125 0.7265625
0.3203125 0.734375
0.328125 0.734375
0.3359375 0.7265625
0.34375 0.7265625
0.3359375 0.734375
0.34375 0.734375
0.3203125 0.7421875
0.328125 0.7421875
0.3203125 0.75
0.328125 0.75
0.3359375 0.7421875
0.34375 0.7421875
0.3359375 0.75
0.34375 0.75
0.3515625 0.7265625
0.359375 0.7265625
0.3515625 0.734375
0.359375 0.734375
0.3671875 0.7265625
0.375 0.7265625
0.3671875 0.734375
0.375 0.734375
0.3515625 0.7421875
0.359375 0.7421875
0.3515625 0.75
0.359375 0.75
0.3671875 0.7421875
0.375 0.7421875
0.3671875 0.75
0.375 0.75
0.3828125 0.6328125
0.390625 0.6328125
0.3828125 0.640625
0.390625 0.640625
0.3984375 0.6328125
0.40625 0.6328125
0.3984375 0.640625
0.40625 0.640625
0.3828125 0.6484375
0.390625 0.6484375
0.3828125 0.65625
0.390625 0.65625
0.3984375 0.6484375
0.40625 0.6484375
0.3984375 0.65625
0.40625 0.65625
0.4140625 0.6328125
0.421875 0.6328125
0.4140625 0.640625
0.421875 0.640625
0.4296875 0.6328125
0.4375 0.6328125
0.4296875 0.640625
0.4375 0.640625
0.4140625 0.6484375
0.421875 0.6484375
0.4140625 0.65625
0.421875 0.65625
0.4296875 0.6484375
0.4375 0.6484375
0.4296875 0.65625
0.4375 0.65625
0.3828125 0.6640625
0.390625 0.6640625
0.3828125 0.671875
0.390625 0.671875
0.3984375 0.6640625
0.40625 0.6640625
0.3984375 0.671875
0.40625 0.671875
0.3828125 0.6796875
0.390625 0.6796875
0.3828125 0.6875
0.390625 0.6875
0.3984375 0.6796875
0.40625 0.6796875
0.3984375 0.6875
0.40625 0.6875
0.4140625 0.6640625
0.421875 0.6640625
0.4140625 0.671875
0.421875 0.671875
0.4296875 0.6640625
0.4375 0.6640625
0.4296875 0.671875
0.4375 0.671875
0.4140625 0.6796875
0.421875 0.6796875
0.4140625 0.6875
0.421875 0.6875
0.4296875 0.6796875
0.4375 0.6796875
0.4296875 0.6875
0.4375 0.6875
0.4453125 0.6328125
0.453125 0.6328125
0.4453125 0.640625
0.453125 0.640625
0.4609375 0.6328125
0.46875 0.6328125
0.4609375 0.640625
0.46875 0.640625
0.4453125 0.6484375
0.453125 0.6484375
0.4453125 0.65625
0.453125 0.65625
0.4609375 0.6484375
0.46875 0.6484375
0.4609375 0.65625
0.46875 0.65625
0.4765625 0.6328125
0.484375 0.6328125
0.4765625 0.640625
0.484375 0.640625
0.4921875 0.6328125
0.5 0.6328125
0.4921875 0.640625
0.5 0.640625
0.4765625 0.6484375
0.484375 0.6484375
0.4765625 0.65625
0.484375 0.65625
0.4921875 0.6484375
0.5 0.6484375
0.4921875 0.65625
0.5 0.65625
0.4453125 0.6640625
0.453125 0.6640625
0.4453125 0.671875
0.453125 0.671875
0.4609375 0.6640625
0.46875 0.6640625
0.4609375 0.671875
0.46875 0.671875
0.4453125 0.6796875
0.453125 0.6796875
0.4453125 0.6875
0.453125 0.6875
0.4609375 0.6796875
0.46875 0.6796875
0.4609375 0.6875
0.46875 0.6875
0.4765625 0.6640625
0.484375 0.6640625
0.4765625 0.671875
0.484375 0.671875
0.4921875 0.6640625
0.5 0.6640625
0.4921875 0.671875
0.5 0.671875
0.4765625 0.6796875
0.484375 0.6796875
0.4765625 0.6875
0.484375 0.6875
0.4921875 0.6796875
0.5 0.6796875
0.4921875 0.6875
0.5 0.6875
0.3828125 0.6953125
0.390625 0.6953125
0.3828125 0.703125
0.390625 0.703125
0.3984375 0.6953125
0.40625 0.6953125
0.3984375 0.703125
0.40625 0.703125
0.3828125 0.7109375
0.390625 0.7109375
0.3828125 0.71875
0.390625 0.71875
0.3984375 0.7109375
0.40625 0.7109375
0.3984375 0.71875
0.40625 0.71875
0.4140625 0.6953125
0.421875 0.6953125
0.4140625 0.703125
0.421875 0.703125
0.4296875 0.6953125
0.4375 0.6953125
0.4296875 0.703125
0.4375 0.703125
0.4140625 0.7109375
0.421875 0.7109375
0.4140625 0.71875
0.421875 0.71875
0.4296875 0.7109375
0.4375 0.7109375
0.4296875 0.71875
0.4375 0.71875
0.3828125 0.7265625
0.390625 0.7265625
0.3828125 0.734375
0.390625 0.734375
0.3984375 0.7265625
0.40625 0.7265625
0.3984375 0.734375
0.40625 0.734375
0.3828125 0.7421875
0.390625 0.7421875
0.3828125 0.75
0.390625 0.75
0.3984375 0.7421875
0.40625 0.7421875
0.3984375 0.75
0.40625 0.75
0.4140625 0.7265625
0.421875 0.7265625
0.4140625 0.734375
0.421875 0.734375
0.4296875 0.7265625
0.4375 0.7265625
0.4296875 0.734375
0.4375 0.734375
0.4140625 0.7421875
0.421875 0.7421875
0.4140625 0.75
0.421875 0.75
0.4296875 0.7421875
0.4375 0.7421875
0.4296875 0.75
0.4375 0.75
0.4453125 0.6953125
0.453125 0.6953125
0.4453125 0.703125
0.453125 0.703125
0.4609375 0.6953125
0.46875 0.6953125
0.4609375 0.703125
0.46875 0.703125
0.4453125 0.7109375
0.453125 0.7109375
0.4453125 0.71875
0.453125 0.71875
0.4609375 0.7109375
0.46875 0.7109375
0.4609375 0.71875
0.46875 0.71875
0.4765625 0.6953125
0.484375 0.6953125
0.4765625 0.703125
0.484375 0.703125
0.4921875 0.6953125
0.5 0.6953125
0.4921875 0.703125
0.5 0.703125
0.4765625 0.7109375
0.484375 0.7109375
0.4765625 0.71875
0.484375 0.71875
0.4921875 0.7109375
0.5 0.7109375
0.4921875 0.71875
0.5 0.71875
0.4453125 0.7265625
0.453125 0.7265625
0.4453125 0.734375
0.453125 0.734375
0.4609375 0.7265625
0.46875 0.7265625
0.4609375 0.734375
0.46875 0.734375
0.4453125 0.7421875
0.453125 0.7421875
0.4453125 0.75
0.453125 0.75
0.4609375 0.7421875
0.46875 0.7421875
0.4609375 0.75
0.46875 0.75
0.4765625 0.7265625
0.484375 0.7265625
0.4765625 0.734375
0.484375 0.734375
0.4921875 0.7265625
0.5 0.7265625
0.4921875 0.734375
0.5 0.734375
0.4765625 0.7421875
0.484375 0.7421875
0.4765625 0.75
0.484375 0.75
0.4921875 0.7421875
0.5 0.7421875
0.4921875 0.75
0.5 0.75
0.2578125 0.7578125
0.265625 0.7578125
0.2578125 0.765625
0.265625 0.765625
0.2734375 0.7578125
0.28125 0.7578125
0.2734375 0.765625
0.28125 0.765625
0.2578125 0.7734375
0.265625 0.7734375
0.2578125 0.78125
0.265625 0.78125
0.2734375 0.7734375
0.28125 0.7734375
0.2734375 0.78125
0.28125 0.78125
0.2890625 0.7578125
0.296875 0.7578125
0.2890625 0.765625
0.296875 0.765625
0.3046875 0.7578125
0.3125 0.7578125
0.3046875 0.765625
0.3125 0.765625
0.2890625 0.7734375
0.296875 0.7734375
0.2890625 0.78125
0.296875 0.78125
0.3046875 0.7734375
0.3125 0.7734375
0.3046875 0.78125
0.3125 0.78125
0.2578125 0.7890625
0.265625 0.7890625
0.2578125 0.796875
0.265625 0.796875
0.2734375 0.7890625
0.28125 0.7890625
0.2734375 0.796875
0.28125 0.796875
0.2578125 0.8046875
0.265625 0.8046875
0.2578125 0.8125
0.265625 0.8125
0.2734375 0.8046875
0.28125 0.8046875
0.2734375 0.8125
0.28125 0.8125
0.2890625 0.7890625
0.296875 0.7890625
0.2890625 0.796875
0.296875 0.796875
0.3046875 0.7890625
0.3125 0.7890625
0.3046875 0.796875
0.3125 0.796875
0.2890625 0.8046875
0.296875 0.8046875
0.2890625 0.8125
0.296875 0.8125
0.3046875 0.8046875
0.3125 0.8046875
0.3046875 0.8125
0.3125 0.8125
0.3203125 0.7578125
0.328125 0.7578125
0.3203125 0.765625
0.328125 0.765625
0.3359375 0.7578125
0.34375 0.7578125
0.3359375 0.765625
0.34375 0.765625
0.3203125 0.7734375
0.328125 0.7734375
0.3203125 0.78125
0.328125 0.78125
0.3359375 0.7734375
0.34375 0.7734375
0.3359375 0.78125
0.34375 0.78125
0.3515625 0.7578125
0.359375 0.7578125
0.3515625 0.765625
0.359375 0.765625
0.3671875 0.7578125
0.375 0.7578125
0.3671875 0.765625
0.375 0.765625
0.3515625 0.7734375
0.359375 0.7734375
0.3515625 0.78125
0.359375 0.78125
0.3671875 0.7734375
0.375 0.7734375
0.3671875 0.78125
0.375 0.78125
0.3203125 0.7890625
0.328125 0.7890625
0.3203125 0.796875
0.328125 0.796875
0.3359375 0.7890625
0.34375 0.7890625
0.3359375 0.796875
0.34375 0.796875
0.3203125 0.8046875
0.328125 0.8046875
0.3203125 0.8125
0.328125 0.8125
0.3359375 0.8046875
0.34375 0.8046875
0.3359375 0.8125
0.34375 0.8125
0.3515625 0.7890625
0.359375 0.7890625
0.3515625 0.796875
0.359375 0.796875
0.3671875 0.7890625
0.375 0.7890625
0.3671875 0.796875
0.375 0.796875
0.3515625 0.8046875
0.359375 0.8046875
0.3515625 0.8125
0.359375 0.8125
0.3671875 0.8046875
0.375 0.8046875
0.3671875 0.8125
0.375 0.8125
0.2578125 0.8203125
0.265625 0.8203125
0.2578125 0.828125
0.265625 0.828125
0.2734375 0.8203125
0.28125 0.8203125
0.2734375 0.828125
0.28125 0.828125
0.2578125 0.8359375
0.265625 0.8359375
0.2578125 0.84375
0.265625 0.84375
0.2734375 0.8359375
0.28125 0.8359375
0.2734375 0.84375
0.28125 0.84375
0.2890625 0.8203125
0.296875 0.8203125
0.2890625 0.828125
0.296875 0.828125
0.3046875 0.8203125
0.3125 0.8203125
0.3046875 0.828125
0.3125 0.828125
0.2890625 0.8359375
0.296875 0.8359375
0.2890625 0.84375
0.296875 0.84375
0.3046875 0.8359375
0.3125 0.8359375
0.3046875 0.84375
0.3125 0.84375
0.2578125 0.8515625
0.265625 0.8515625
0.2578125 0.859375
0.265625 0.859375
0.2734375 0.8515625
0.28125 0.8515625
0.2734375 0.859375
0.28125 0.859375
0.2578125 0.8671875
0.265625 0.8671875
0.2578125 0.875
0.265625 0.875
0.2734375 0.8671875
0.28125 0.8671875
0.2734375 0.875
0.28125 0.875
0.2890625 0.8515625
0.296875 0.8515625
0.2890625 0.859375
0.296875 0.859375
0.3046875 0.8515625
0.3125 0.8515625
0.3046875 0.859375
0.3125 0.859375
0.2890625 0.8671875
0.296875 0.8671875
0.2890625 0.875
0.296875 0.875
0.3046875 0.8671875
0.3125 0.8671875
0.3046875 0.875
0.3125 0.875
0.3203125 0.8203125
0.328125 0.8203125
0.3203125 0.828125
0.328125 0.828125
0.3359375 0.8203125
0.34375 0.8203125
0.3359375 0.828125
0.34375 0.828125
0.3203125 0.8359375
0.328125 0.8359375
0.3203125 0.84375
0.328125 0.84375
0.3359375 0.8359375
0.34375 0.8359375
0.3359375 0.84375
0.34375 0.84375
0.3515625 0.8203125
0.359375 0.8203125
0.3515625 0.828125
0.359375 0.828125
0.3671875 0.8203125
0.375 0.8203125
0.3671875 0.828125
0.375 0.828125
0.3515625 0.8359375
0.359375 0.8359375
0.3515625 0.84375
0.359375 0.84375
0.3671875 0.8359375
0.375 0.8359375
0.3671875 0.84375
0.375 0.84375
0.3203125 0.8515625
0.328125 0.8515625
0.3203125 0.859375
0.328125 0.859375
0.3359375 0.8515625
0.34375 0.8515625
0.3359375 0.859375
0.34375 0.859375
0.3203125 0.8671875
0.328125 0.8671875
0.3203125 0.875
0.328125 0.875
0.3359375 0.8671875
0.34375 0.8671875
0.3359375 0.875
0.34375 0.875
0.3515625 0.8515625
0.359375 0.8515625
0.3515625 0.859375
0.359375 0.859375
0.3671875 0.8515625
0.375 0.8515625
0.3671875 0.859375
0.375 0.859375
0.3515625 0.8671875
0.359375 0.8671875
0.3515625 0.875
0.359375 0.875
0.3671875 0.8671875
0.375 0.8671875
0.3671875 0.875
0.375 0.875
0.3828125 0.7578125
0.390625 0.7578125
0.3828125 0.765625
0.390625 0.765625
0.3984375 0.7578125
0.40625 0.7578125
0.3984375 0.765625
0.40625 0.765625
0.3828125 0.7734375
0.390625 0.7734375
0.3828125 0.78125
0.390625 0.78125
0.3984375 0.7734375
0.40625 0.7734375
0.3984375 0.78125
0.40625 0.78125
0.4140625 0.7578125
0.421875 0.7578125
0.4140625 0.765625
0.421875 0.765625
0.4296875 0.7578125
0.4375 0.7578125
0.4296875 0.765625
0.4375 0.765625
0.4140625 0.7734375
0.421875 0.7734375
0.4140625 0.78125
0.421875 0.78125
0.4296875 0.7734375
0.4375 0.7734375
0.4296875 0.78125
0.4375 0.78125
0.3828125 0.7890625
0.390625 0.7890625
0.3828125 0.796875
0.390625 0.796875
0.3984375 0.7890625
0.40625 0.7890625
0.3984375 0.796875
0.40625 0.796875
0.3828125 0.8046875
0.390625 0.8046875
0.3828125 0.8125
0.390625 0.8125
0.3984375 0.8046875
0.40625 0.8046875
0.3984375 0.8125
0.40625 0.8125
0.4140625 0.7890625
0.421875 0.7890625
0.4140625 0.796875
0.421875 0.796875
0.4296875 0.7890625
0.4375 0.7890625
0.4296875 0.796875
0.4375 0.796875
0.4140625 0.8046875
0.421875 0.8046875
0.4140625 0.8125
0.421875 0.8125
0.4296875 0.8046875
0.4375 0.8046875
0.4296875 0.8125
0.4375 0.8125
0.4453125 0.7578125
0.453125 0.7578125
0.4453125 0.765625
0.453125 0.765625
0.4609375 0.7578125
0.46875 0.7578125
0.4609375 0.765625
0.46875 0.765625
0.4453125 0.7734375
0.453125 0.7734375
0.4453125 0.78125
0.453125 0.78125
0.4609375 0.7734375
0.46875 0.7734375
0.4609375 0.78125
0.46875 0.78125
0.4765625 0.7578125
0.484375 0.7578125
0.4765625 0.765625
0.484375 0.765625
0.4921875 0.7578125
0.5 0.7578125
0.4921875 0.765625
0.5 0.765625
0.4765625 0.7734375
0.484375 0.7734375
0.4765625 0.78125
0.484375 0.78125
0.4921875 0.7734375
0.5 0.7734375
0.4921875 0.78125
0.5 0.78125
0.4453125 0.7890625
0.453125 0.7890625
0.4453125 0.796875
0.453125 0.796875
0.4609375 0.7890625
0.46875 0.7890625
0.4609375 0.796875
0.46875 0.796875
0.4453125 0.8046875
0.453125 0.8046875
0.4453125 0.8125
0.453125 0.8125
0.4609375 0.8046875
0.46875 0.8046875
0.4609375 0.8125
0.46875 0.8125
0.4765625 0.7890625
0.484375 0.7890625
0.4765625 0.796875
0.484375 0.796875
0.4921875 0.7890625
0.5 0.7890625
0.4921875 0.796875
0.5 0.796875
0.4765625 0.8046875
0.484375 0.8046875
0.4765625 0.8125
0.484375 0.8125
0.4921875 0.8046875
0.5 0.8046875
0.4921875 0.8125
0.5 0.8125
0.3828125 0.8203125
0.390625 0.8203125
0.3828125 0.828125
0.390625 0.828125
0.3984375 0.8203125
0.40625 0.8203125
0.3984375 0.828125
0.40625 0.828125
0.3828125 0.8359375
0.390625 0.8359375
0.3828125 0.84375
0.390625 0.84375
0.3984375 0.8359375
0.40625 0.8359375
0.3984375 0.84375
0.40625 0.84375
0.4140625 0.8203125
0.421875 0.8203125
0.4140625 0.828125
0.421875 0.828125
0.4296875 0.8203125
0.4375 0.8203125
0.4296875 0.828125
0.4375 0.828125
0.4140625 0.8359375
0.421875 0.8359375
0.4140625 0.84375
0.421875 0.84375
0.4296875 0.8359375
0.4375 0.8359375
0.4296875 0.84375
0.4375 0.84375
0.3828125 0.8515625
0.390625 0.8515625
0.3828125 0.859375
0.390625 0.859375
0.3984375 0.8515625
0.40625 0.8515625
0.3984375 0.859375
0.40625 0.859375
0.3828125 0.8671875
0.390625 0.8671875
0.3828125 0.875
0.390625 0.875
0.3984375 0.8671875
0.40625 0.8671875
0.3984375 0.875
0.40625 0.875
0.4140625 0.8515625
0.421875 0.8515625
0.4140625 0.859375
0.421875 0.859375
0.4296875 0.8515625
0.4375 0.8515625
0.4296875 0.859375
0.4375 0.859375
0.4140625 0.8671875
0.421875 0.8671875
0.4140625 0.875
0.421875 0.875
0.4296875 0.8671875
0.4375 0.8671875
0.4296875 0.875
0.4375 0.875
0.4453125 0.8203125
0.453125 0.8203125
0.4453125 0.828125
0.453125 0.828125
0.4609375 0.8203125
0.46875 0.8203125
0.4609375 0.828125
0.46875 0.828125
0.4453125 0.8359375
0.453125 0.8359375
0.4453125 0.84375
0.453125 0.84375
0.4609375 0.8359375
0.46875 0.8359375
0.4609375 0.84375
0.46875 0.84375
0.4765625 0.8203125
0.484375 0.8203125
0.4765625 0.828125
0.484375 0.828125
0.4921875 0.8203125
0.5 0.8203125
0.4921875 0.828125
0.5 0.828125
0.4765625 0.8359375
0.484375 0.8359375
0.4765625 0.84375
0.484375 0.84375
0.4921875 0.8359375
0.5 0.8359375
0.4921875 0.84375
0.5 0.84375
0.4453125 0.8515625
0.453125 0.8515625
0.4453125 0.859375
0.453125 0.859375
0.4609375 0.8515625
0.46875 0.8515625
0.4609375 0.859375
0.46875 0.859375
0.4453125 0.8671875
0.453125 0.8671875
0.4453125 0.875
0.453125 0.875
0.4609375 0.8671875
0.46875 0.8671875
0.4609375 0.875
0.46875 0.875
0.4765625 0.8515625
0.484375 0.8515625
0.4765625 0.859375
0.484375 0.859375
0.4921875 0.8515625
0.5 0.8515625
0.4921875 0.859375
0.5 0.859375
0.4765625 0.8671875
0.484375 0.8671875
0.4765625 0.875
0.484375 0.875
0.4921875 0.8671875
0.5 0.8671875
0.4921875 0.875
0.5 0.875
0.2578125 0.8828125
0.265625 0.8828125
0.2578125 0.890625
0.265625 0.890625
0.2734375 0.8828125
0.28125 0.8828125
0.2734375 0.890625
0.28125 0.890625
0.2578125 0.8984375
0.265625 0.8984375
0.2578125 0.90625
0.265625 0.90625
0.2734375 0.8984375
0.28125 0.8984375
0.2734375 0.90625
0.28125 0.90625
0.2890625 0.8828125
0.296875 0.8828125
0.2890625 0.890625
0.296875 0.890625
0.3046875 0.8828125
0.3125 0.8828125
0.3046875 0.890625
0.3125 0.890625
0.2890625 0.8984375
0.296875 0.8984375
0.2890625 0.90625
0.296875 0.90625
0.3046875 0.8984375
0.3125 0.8984375
0.3046875 0.90625
0.3125 0.90625
0.2578125 0.9140625
0.265625 0.9140625
0.2578125 0.921875
0.265625 0.921875
0.2734375 0.9140625
0.28125 0.9140625
0.2734375 0.921875
0.28125 0.921875
0.2578125 0.9296875
0.265625 0.9296875
0.2578125 0.9375
0.265625 0.9375
0.2734375 0.9296875
0.28125 0.9296875
0.2734375 0.9375
0.28125 0.9375
0.2890625 0.9140625
0.296875 0.9140625
0.2890625 0.921875
0.296875 0.921875
0.3046875 0.9140625
0.3125 0.9140625
0.3046875 0.921875
0.3125 0.921875
0.2890625 0.9296875
0.296875 0.9296875
0.2890625 0.9375
0.296875 0.9375
0.3046875 0.9296875
0.3125 0.9296875
0.3046875 0.9375
0.3125 0.9375
0.3203125 0.8828125
0.328125 0.8828125
0.3203125 0.890625
0.328125 0.890625
0.3359375 0.8828125
0.34375 0.8828125
0.3359375 0.890625
0.34375 0.890625
0.3203125 0.8984375
0.328125 0.8984375
0.3203125 0.90625
0.328125 0.90625
0.3359375 0.8984375
0.34375 0.8984375
0.3359375 0.90625
0.34375 0.90625
0.3515625 0.8828125
0.359375 0.8828125
0.3515625 0.890625
0.359375 0.890625
0.3671875 0.8828125
0.375 0.8828125
0.3671875 0.890625
0.375 0.890625
0.3515625 0.8984375
0.359375 0.8984375
0.3515625 0.90625
0.359375 0.90625
0.3671875 0.8984375
0.375 0.8984375
0.3671875 0.90625
0.375 0.90625
0.3203125 0.9140625
0.328125 0.9140625
0.3203125 0.921875
0.328125 0.921875
0.3359375 0.9140625
0.34375 0.9140625
0.3359375 0.921875
0.34375 0.921875
0.3203125 0.9296875
0.328125 0.9296875
0.3203125 0.9375
0.328125 0.9375
0.3359375 0.9296875
0.34375 0.9296875
0.3359375 0.9375
0.34375 0.9375
0.3515625 0.9140625
0.359375 0.9140625
0.3515625 0.921875
0.359375 0.921875
0.3671875 0.9140625
0.375 0.9140625
0.3671875 0.921875
0.375 0.921875
0.3515625 0.9296875
0.359375 0.9296875
0.3515625 0.9375
0.359375 0.9375
0.3671875 0.9296875
0.375 0.9296875
0.3671875 0.9375
0.375 0.9375
0.2578125 0.9453125
0.265625 0.9453125
0.2578125 0.953125
0.265625 0.953125
0.2734375 0.9453125
0.28125 0.9453125
0.2734375 0.953125
0.28125 0.953125
0.2578125 0.9609375
0.265625 0.9609375
0.2578125 0.96875
0.265625 0.96875
0.2734375 0.9609375
0.28125 0.9609375
0.2734375 0.96875
0.28125 0.96875
0.2890625 0.9453125
0.296875 0.9453125
0.2890625 0.953125
0.296875 0.953125
0.3046875 0.9453125
0.3125 0.9453125
0.3046875 0.953125
0.3125 0.953125
0.2890625 0.9609375
0.296875 0.9609375
0.2890625 0.96875
0.296875 0.96875
0.3046875 0.9609375
0.3125 0.9609375
0.3046875 0.96875
0.3125 0.96875
0.2578125 0.9765625
0.265625 0.9765625
0.2578125 0.984375
0.265625 0.984375
0.2734375 0.9765625
0.28125 0.9765625
0.2734375 0.984375
0.28125 0.984375
0.2578125 0.9921875
0.265625 0.9921875
0.2578125 1
0.265625 1
0.2734375 0.9921875
0.28125 0.9921875
0.2734375 1
0.28125 1
0.2890625 0.9765625
0.296875 0.9765625
0.2890625 0.984375
0.296875 0.984375
0.3046875 0.9765625
0.3125 0.9765625
0.3046875 0.984375
0.3125 0.984375
0.2890625 0.9921875
0.296875 0.9921875
0.2890625 1
0.296875 1
0.3046875 0.9921875
0.3125 0.9921875
0.3046875 1
0.3125 1
0.3203125 0.9453125
0.328125 0.9453125
0.3203125 0.953125
0.328125 0.953125
0.3359375 0.9453125
0.34375 0.9453125
0.3359375 0.953125
0.34375 0.953125
0.3203125 0.9609375
0.328125 0.9609375
0.3203125 0.96875
0.328125 0.96875
0.3359375 0.9609375
0.34375 0.9609375
0.3359375 0.96875
0.34375 0.96875
0.3515625 0.9453125
0.359375 0.9453125
0.3515625 0.953125
0.359375 0.953125
0.3671875 0.9453125
0.375 0.9453125
0.3671875 0.953125
0.375 0.953125
0.3515625 0.9609375
0.359375 0.9609375
0.3515625 0.96875
0.359375 0.96875
0.3671875 0.9609375
0.375 0.9609375
0.3671875 0.96875
0.375 0.96875
0.3203125 0.9765625
0.328125 0.9765625
0.3203125 0.984375
0.328125 0.984375
0.3359375 0.9765625
0.34375 0.9765625
0.3359375 0.984375
0.34375 0.984375
0.3203125 0.9921875
0.328125 0.9921875
0.3203125 1
0.328125 1
0.3359375 0.9921875
0.34375 0.9921875
0.3359375 1
0.34375 1
0.3515625 0.9765625
0.359375 0.9765625
0.3515625 0.984375
0.359375 0.984375
0.3671875 0.9765625
0.375 0.9765625
0.3671875 0.984375
0.375 0.984375
0.3515625 0.9921875
0.359375 0.9921875
0.3515625 1
0.359375 1
0.3671875 0.9921875
0.375 0.9921875
0.3671875 1
0.375 1
0.3828125 0.8828125
0.390625 0.8828125
0.3828125 0.890625
0.390625 0.890625
0.3984375 0.8828125
0.40625 0.8828125
0.3984375 0.890625
0.40625 0.890625
0.3828125 0.8984375
0.390625 0.8984375
0.3828125 0.90625
0.390625 0.90625
0.3984375 0.8984375
0.40625 0.8984375
0.3984375 0.90625
0.40625 0.90625
0.4140625 0.8828125
0.421875 0.8828125
0.4140625 0.890625
0.421875 0.890625
0.4296875 0.8828125
0.4375 0.8828125
0.4296875 0.890625
0.4375 0.890625
0.4140625 0.8984375
0.421875 0.8984375
0.4140625 0.90625
0.421875 0.90625
0.4296875 0.8984375
0.4375 0.8984375
0.4296875 0.90625
0.4375 0.90625
0.3828125 0.9140625
0.390625 0.9140625
0.3828125 0.921875
0.390625 0.921875
0.3984375 0.9140625
0.40625 0.9140625
0.3984375 0.921875
0.40625 0.921875
0.3828125 0.9296875
0.390625 0.9296875
0.3828125 0.9375
0.390625 0.9375
0.3984375 0.9296875
0.40625 0.9296875
0.3984375 0.9375
0.40625 0.9375
0.4140625 0.9140625
0.421875 0.9140625
0.4140625 0.921875
0.421875 0.921875
0.4296875 0.9140625
0.4375 0.9140625
0.4296875 0.921875
0.4375 0.921875
0.4140625 0.9296875
0.421875 0.9296875
0.4140625 0.9375
0.421875 0.9375
0.4296875 0.9296875
0.4375 0.9296875
0.4296875 0.9375
0.4375 0.9375
0.4453125 0.8828125
0.453125 0.8828125
0.4453125 0.890625
0.453125 0.890625
0.4609375 0.8828125
0.46875 0.8828125
0.4609375 0.890625
0.46875 0.890625
0.4453125 0.8984375
0.453125 0.8984375
0.4453125 0.90625
0.453125 0.90625
0.4609375 0.8984375
0.46875 0.8984375
0.4609375 0.90625
0.46875 0.90625
0.4765625 0.8828125
0.484375 0.8828125
0.4765625 0.890625
0.484375 0.890625
0.4921875 0.8828125
0.5 0.8828125
0.4921875 0.890625
0.5 0.890625
0.4765625 0.8984375
0.484375 0.8984375
0.4765625 0.90625
0.484375 0.90625
0.4921875 0.8984375
0.5 0.8984375
0.4921875 0.90625
0.5 0.90625
0.4453125 0.9140625
0.453125 0.9140625
0.4453125 0.921875
0.453125 0.921875
0.4609375 0.9140625
0.46875 0.9140625
0.4609375 0.921875
0.46875 0.921875
0.4453125 0.9296875
0.453125 0.9296875
0.4453125 0.9375
0.453125 0.9375
0.4609375 0.9296875
0.46875 0.9296875
0.4609375 0.9375
0.46875 0.9375
0.4765625 0.9140625
0.484375 0.9140625
0.4765625 0.921875
0.484375 0.921875
0.4921875 0.9140625
0.5 0.9140625
0.4921875 0.921875
0.5 0.921875
0.4765625 0.9296875
0.484375 0.9296875
0.4765625 0.9375
0.484375 0.9375
0.4921875 0.9296875
0.5 0.9296875
0.4921875 0.9375
0.5 0.9375
0.3828125 0.9453125
0.390625 0.9453125
0.3828125 0.953125
0.390625 0.953125
0.3984375 0.9453125
0.40625 0.9453125
0.3984375 0.953125
0.40625 0.953125
0.3828125 0.9609375
0.390625 0.9609375
0.3828125 0.96875
0.390625 0.96875
0.3984375 0.9609375
0.40625 0.9609375
0.3984375 0.96875
0.40625 0.96875
0.4140625 0.9453125
0.421875 0.9453125
0.4140625 0.953125
0.421875 0.953125
0.4296875 0.9453125
0.4375 0.9453125
0.4296875 0.953125
0.4375 0.953125
0.4140625 0.9609375
0.421875 0.9609375
0.4140625 0.96875
0.421875 0.96875
0.4296875 0.9609375
0.4375 0.9609375
0.4296875 0.96875
0.4375 0.96875
0.3828125 0.9765625
0.390625 0.9765625
0.3828125 0.984375
0.390625 0.984375
0.3984375 0.9765625
0.40625 0.9765625
0.3984375 0.984375
0.40625 0.984375
0.3828125 0.9921875
0.390625 0.9921875
0.3828125 1
0.390625 1
0.3984375 0.9921875
0.40625 0.9921875
0.3984375 1
0.40625 1
0.4140625 0.9765625
0.421875 0.9765625
0.4140625 0.984375
0.421875 0.984375
0.4296875 0.9765625
0.4375 0.9765625
0.4296875 0.984375
0.4375 0.984375
0.4140625 0.9921875
0.421875 0.9921875
0.4140625 1
0.421875 1
0.4296875 0.9921875
0.4375 0.9921875
0.4296875 1
0.4375 1
0.4453125 0.9453125
0.453125 0.9453125
0.4453125 0.953125
0.453125 0.953125
0.4609375 0.9453125
0.46875 0.9453125
0.4609375 0.953125
0.46875 0.953125
0.4453125 0.9609375
0.453125 0.9609375
0.4453125 0.96875
0.453125 0.96875
0.4609375 0.9609375
0.46875 0.9609375
0.4609375 0.96875
0.46875 0.96875
0.4765625 0.9453125
0.484375 0.9453125
0.4765625 0.953125
0.484375 0.953125
0.4921875 0.9453125
0.5 0.9453125
0.4921875 0.953125
0.5 0.953125
0.4765625 0.9609375
0.484375 0.9609375
0.4765625 0.96875
0.484375 0.96875
0.4921875 0.9609375
0.5 0.9609375
0.4921875 0.96875
0.5 0.96875
0.4453125 0.9765625
0.453125 0.9765625
0.4453125 0.984375
0.453125 0.984375
0.4609375 0.9765625
0.46875 0.9765625
0.4609375 0.984375
0.46875 0.984375
0.4453125 0.9921875
0.453125 0.9921875
0.4453125 1
0.453125 1
0.4609375 0.9921875
0.46875 0.9921875
0.4609375 1
0.46875 1
0.4765625 0.9765625
0.484375 0.9765625
0.4765625 0.984375
0.484375 0.984375
0.4921875 0.9765625
0.5 0.9765625
0.4921875 0.984375
0.5 0.984375
0.4765625 0.9921875
0.484375 0.9921875
0.4765625 1
0.484375 1
0.4921875 0.9921875
0.5 0.9921875
0.4921875 1
0.5 1
0.5078125 0
0.5078125 0.0078125
0.515625 0
0.515625 0.0078125
0.5078125 0.015625
0.515625 0.015625
0.5234375 0
0.5234375 0.0078125
0.53125 0
0.53125 0.0078125
0.5234375 0.015625
0.53125 0.015625
0.5078125 0.0234375
0.515625 0.0234375
0.5078125 0.03125
0.515625 0.03125
0.5234375 0.0234375
0.53125 0.0234375
0.5234375 0.03125
0.53125 0.03125
0.5390625 0
0.5390625 0.0078125
0.546875 0
0.546875 0.0078125
0.5390625 0.015625
0.546875 0.015625
0.5546875 0
0.5546875 0.0078125
0.5625 0
0.5625 0.0078125
0.5546875 0.015625
0.5625 0.015625
0.5390625 0.0234375
0.546875 0.0234375
0.5390625 0.03125
0.546875 0.03125
0.5546875 0.0234375
0.5625 0.0234375
0.5546875 0.03125
0.5625 0.03125
0.5078125 0.0390625
0.515625 0.0390625
0.5078125 0.046875
0.515625 0.046875
0.5234375 0.0390625
0.53125 0.0390625
0.5234375 0.046875
0.53125 0.046875
0.5078125 0.0546875
0.515625 0.0546875
0.5078125 0.0625
0.515625 0.0625
0.5234375 0.0546875
0.53125 0.0546875
0.5234375 0.0625
0.53125 0.0625
0.5390625 0.0390625
0.546875 0.0390625
0.5390625 0.046875
0.546875 0.046875
0.5546875 0.0390625
0.5625 0.0390625
0.5546875 0.046875
0.5625 0.046875
0.5390625 0.0546875
0.546875 0.0546875
0.5390625 0.0625
0.546875 0.0625
0.5546875 0.0546875
0.5625 0.0546875
0.5546875 0.0625
0.5625 0.0625
0.5703125 0
0.5703125 0.0078125
0.578125 0
0.578125 0.0078125
0.5703125 0.015625
0.578125 0.015625
0.5859375 0
0.5859375 0.0078125
0.59375 0
0.59375 0.0078125
0.5859375 0.015625
0.59375 0.015625
0.5703125 0.0234375
0.578125 0.0234375
0.5703125 0.03125
0.578125 0.03125
0.5859375 0.0234375
0.59375 0.0234375
0.5859375 0.03125
0.59375 0.03125
0.6015625 0
0.6015625 0.0078125
0.609375 0
0.609375 0.0078125
0.6015625 0.015625
0.609375 0.015625
0.6171875 0
0.6171875 0.0078125
0.625 0
0.625 0.0078125
0.6171875 0.015625
0.625 0.015625
0.6015625 0.0234375
0.609375 0.0234375
0.6015625 0.03125
0.609375 0.03125
0.6171875 0.0234375
0.625 0.0234375
0.6171875 0.03125
0.625 0.03125
0.5703125 0.0390625
0.578125 0.0390625
0.5703125 0.046875
0.578125 0.046875
0.5859375 0.0390625
0.59375 0.0390625
0.5859375 0.046875
0.59375 0.046875
0.5703125 0.0546875
0.578125 0.0546875
0.5703125 0.0625
0.578125 0.0625
0.5859375 0.0546875
0.59375 0.0546875
0.5859375 0.0625
0.59375 0.0625
0.6015625 0.0390625
0.609375 0.0390625
0.6015625 0.046875
0.609375 0.046875
0.6171875 0.0390625
0.625 0.0390625
0.6171875 0.046875
0.625 0.046875
0.6015625 0.0546875
0.609375 0.0546875
0.6015625 0.0625
0.609375 0.0625
0.6171875 0.0546875
0.625 0.0546875
0.6171875 0.0625
0.625 0.0625
0.5078125 0.0703125
0.515625 0.0703125
0.5078125 0.078125
0.515625 0.078125
0.5234375 0.0703125
0.53125 0.0703125
0.5234375 0.078125
0.53125 0.078125
0.5078125 0.0859375
0.515625 0.0859375
0.5078125 0.09375
0.515625 0.09375
0.5234375 0.0859375
0.53125 0.0859375
0.5234375 0.09375
0.53125 0.09375
0.5390625 0.0703125
0.546875 0.0703125
0.5390625 0.078125
0.546875 0.078125
0.5546875 0.0703125
0.5625 0.0703125
0.5546875 0.078125
0.5625 0.078125
0.5390625 0.0859375
0.546875 0.0859375
0.5390625 0.09375
0.546875 0.09375
0.5546875 0.0859375
0.5625 0.0859375
0.5546875 0.09375
0.5625 0.09375
0.5078125 0.1015625
0.515625 0.1015625
0.5078125 0.109375
0.515625 0.109375
0.5234375 0.1015625
0.53125 0.1015625
0.5234375 0.109375
0.53125 0.109375
0.5078125 0.1171875
0.515625 0.1171875
0.5078125 0.125
0.515625 0.125
0.5234375 0.1171875
0.53125 0.1171875
0.5234375 0.125
0.53125 0.125
0.5390625 0.1015625
0.546875 0.1015625
0.5390625 0.109375
0.546875 0.109375
0.5546875 0.1015625
0.5625 0.1015625
0.5546875 0.109375
0.5625 0.109375
0.5390625 0.1171875
0.546875 0.1171875
0.5390625 0.125
0.546875 0.125
0.5546875 0.1171875
0.5625 0.1171875
0.5546875 0.125
0.5625 0.125
0.5703125 0.0703125
0.578125 0.0703125
0.5703125 0.078125
0.578125 0.078125
0.5859375 0.0703125
0.59375 0.0703125
0.5859375 0.078125
0.59375 0.078125
0.5703125 0.0859375
0.578125 0.0859375
0.5703125 0.09375
0.578125 0.09375
0.5859375 0.0859375
0.59375 0.0859375
0.5859375 0.09375
0.59375 0.09375
0.6015625 0.0703125
0.609375 0.0703125
0.6015625 0.078125
0.609375 0.078125
0.6171875 0.0703125
0.625 0.0703125
0.6171875 0.078125
0.625 0.078125
0.6015625 0.0859375
0.609375 0.0859375
0.6015625 0.09375
0.609375 0.09375
0.6171875 0.0859375
0.625 0.0859375
0.6171875 0.09375
0.625 0.09375
0.5703125 0.1015625
0.578125 0.1015625
0.5703125 0.109375
0.578125 0.109375
0.5859375 0.1015625
0.59375 0.1015625
0.5859375 0.109375
0.59375 0.109375
0.5703125 0.1171875
0.578125 0.1171875
0.5703125 0.125
0.578125 0.125
0.5859375 0.1171875
0.59375 0.1171875
0.5859375 0.125
0.59375 0.125
0.6015625 0.1015625
0.609375 0.1015625
0.6015625 0.109375
0.609375 0.109375
0.6171875 0.1015625
0.625 0.1015625
0.6171875 0.109375
0.625 0.109375
0.6015625 0.1171875
0.609375 0.1171875
0.6015625 0.125
0.609375 0.125
0.6171875 0.1171875
0.625 0.1171875
0.6171875 0.125
0.625 0.125
0.6328125 0
0.6328125 0.0078125
0.640625 0
0.640625 0.0078125
0.6328125 0.015625
0.640625 0.015625
0.6484375 0
0.6484375 0.0078125
0.65625 0
0.65625 0.0078125
0.6484375 0.015625
0.65625 0.015625
0.6328125 0.0234375
0.640625 0.0234375
0.6328125 0.03125
0.640625 0.03125
0.6484375 0.0234375
0.65625 0.0234375
0.6484375 0.03125
0.65625 0.03125
0.6640625 0
0.6640625 0.0078125
0.671875 0
0.671875 0.0078125
0.6640625 0.015625
0.671875 0.015625
0.6796875 0
0.6796875 0.0078125
0.6875 0
0.6875 0.0078125
0.6796875 0.015625
0.6875 0.015625
0.6640625 0.0234375
0.671875 0.0234375
0.6640625 0.03125
0.671875 0.03125
0.6796875 0.0234375
0.6875 0.0234375
0.6796875 0.03125
0.6875 0.03125
0.6328125 0.0390625
0.640625 0.0390625
0.6328125 0.046875
0.640625 0.046875
0.6484375 0.0390625
0.65625 0.0390625
0.6484375 0.046875
0.65625 0.046875
0.6328125 0.0546875
0.640625 0.0546875
0.6328125 0.0625
0.640625 0.0625
0.6484375 0.0546875
0.65625 0.0546875
0.6484375 0.0625
0.65625 0.0625
0.6640625 0.0390625
0.671875 0.0390625
0.6640625 0.046875
0.671875 0.046875
0.6796875 0.0390625
0.6875 0.0390625
0.6796875 0.046875
0.6875 0.046875
0.6640625 0.0546875
0.671875 0.0546875
0.6640625 0.0625
0.671875 0.0625
0.6796875 0.0546875
0.6875 0.0546875
0.6796875 0.0625
0.6875 0.0625
0.6953125 0
0.6953125 0.0078125
0.703125 0
0.703125 0.0078125
0.6953125 0.015625
0.703125 0.015625
0.7109375 0
0.7109375 0.0078125
0.71875 0
0.71875 0.0078125
0.7109375 0.015625
0.71875 0.015625
0.6953125 0.0234375
0.703125 0.0234375
0.6953125 0.03125
0.703125 0.03125
0.7109375 0.0234375
0.71875 0.0234375
0.7109375 0.03125
0.71875 0.03125
0.7265625 0
0.7265625 0.0078125
0.734375 0
0.734375 0.0078125
0.7265625 0.015625
0.734375 0.015625
0.7421875 0
0.7421875 0.0078125
0.75 0
0.75 0.0078125
0.7421875 0.015625
0.75 0.015625
0.7265625 0.0234375
0.734375 0.0234375
0.7265625 0.03125
0.734375 0.03125
0.7421875 0.0234375
0.75 0.0234375
0.7421875 0.03125
0.75 0.03125
0.6953125 0.0390625
0.703125 0.0390625
0.6953125 0.046875
0.703125 0.046875
0.7109375 0.0390625
0.71875 0.0390625
0.7109375 0.046875
0.71875 0.046875
0.6953125 0.0546875
0.703125 0.0546875
0.6953125 0.0625
0.703125 0.0625
0.7109375 0.0546875
0.71875 0.0546875
0.7109375 0.0625
0.71875 0.0625
0.7265625 0.0390625
0.734375 0.0390625
0.7265625 0.046875
0.734375 0.046875
0.7421875 0.0390625
0.75 0.0390625
0.7421875 0.046875
0.75 0.046875
0.7265625 0.0546875
0.734375 0.0546875
0.7265625 0.0625
0.734375 0.0625
0.7421875 0.0546875
0.75 0.0546875
0.7421875 0.0625
0.75 0.0625
0.6328125 0.0703125
0.640625 0.0703125
0.6328125 0.078125
0.640625 0.078125
0.6484375 0.0703125
0.65625 0.0703125
0.6484375 0.078125
0.65625 0.078125
0.6328125 0.0859375
0.640625 0.0859375
0.6328125 0.09375
0.640625 0.09375
0.6484375 0.0859375
0.65625 0.0859375
0.6484375 0.09375
0.65625 0.09375
0.6640625 0.0703125
0.671875 0.0703125
0.6640625 0.078125
0.671875 0.078125
0.6796875 0.0703125
0.6875 0.0703125
0.6796875 0.078125
0.6875 0.078125
0.6640625 0.0859375
0.671875 0.0859375
0.6640625 0.09375
0.671875 0.09375
0.6796875 0.0859375
0.6875 0.0859375
0.6796875 0.09375
0.6875 0.09375
0.6328125 0.1015625
0.640625 0.1015625
0.6328125 0.109375
0.640625 0.109375
0.6484375 0.1015625
0.65625 0.1015625
0.6484375 0.109375
0.65625 0.109375
0.6328125 0.1171875
0.640625 0.1171875
0.6328125 0.125
0.640625 0.125
0.6484375 0.1171875
0.65625 0.1171875
0.6484375 0.125
0.65625 0.125
0.6640625 0.1015625
0.671875 0.1015625
0.6640625 0.109375
0.671875 0.109375
0.6796875 0.1015625
0.6875 0.1015625
0.6796875 0.109375
0.6875 0.109375
0.6640625 0.1171875
0.671875 0.1171875
0.6640625 0.125
0.671875 0.125
0.6796875 0.1171875
0.6875 0.1171875
0.6796875 0.125
0.6875 0.125
0.6953125 0.0703125
0.703125 0.0703125
0.6953125 0.078125
0.703125 0.078125
0.7109375 0.0703125
0.71875 0.0703125
0.7109375 0.078125
0.71875 0.078125
0.6953125 0.0859375
0.703125 0.0859375
0.6953125 0.09375
0.703125 0.09375
0.7109375 0.0859375
0.71875 0.0859375
0.7109375 0.09375
0.71875 0.09375
0.7265625 0.0703125
0.734375 0.0703125
0.7265625 0.078125
0.734375 0.078125
0.7421875 0.0703125
0.75 0.0703125
0.7421875 0.078125
0.75 0.078125
0.7265625 0.0859375
0.734375 0.0859375
0.7265625 0.09375
0.734375 0.09375
0.7421875 0.0859375
0.75 0.0859375
0.7421875 0.09375
0.75 0.09375
0.6953125 0.1015625
0.703125 0.1015625
0.6953125 0.109375
0.703125 0.109375
0.7109375 0.1015625
0.71875 0.1015625
0.7109375 0.109375
0.71875 0.109375
0.6953125 0.1171875
0.703125 0.1171875
0.6953125 0.125
0.703125 0.125
0.7109375 0.1171875
0.71875 0.1171875
0.7109375 0.125
0.71875 0.125
0.7265625 0.1015625
0.734375 0.1015625
0.7265625 0.109375
0.734375 0.109375
0.7421875 0.1015625
0.75 0.1015625
0.7421875 0.109375
0.75 0.109375
0.7265625 0.1171875
0.734375 0.1171875
0.7265625 0.125
0.734375 0.125
0.7421875 0.1171875
0.75 0.1171875
0.7421875 0.125
0.75 0.125
0.5078125 0.1328125
0.515625 0.1328125
0.5078125 0.140625
0.515625 0.140625
0.5234375 0.1328125
0.53125 0.1328125
0.5234375 0.140625
0.53125 0.140625
0.5078125 0.1484375
0.515625 0.1484375
0.5078125 0.15625
0.515625 0.15625
0.5234375 0.1484375
0.53125 0.1484375
0.5234375 0.15625
0.53125 0.15625
0.5390625 0.1328125
0.546875 0.1328125
0.5390625 0.140625
0.546875 0.140625
0.5546875 0.1328125
0.5625 0.1328125
0.5546875 0.140625
0.5625 0.140625
0.5390625 0.1484375
0.546875 0.1484375
0.5390625 0.15625
0.546875 0.15625
0.5546875 0.1484375
0.5625 0.1484375
0.5546875 0.15625
0.5625 0.15625
0.5078125 0.1640625
0.515625 0.1640625
0.5078125 0.171875
0.515625 0.171875
0.5234375 0.1640625
0.53125 0.1640625
0.5234375 0.171875
0.53125 0.171875
0.5078125 0.1796875
0.515625 0.1796875
0.5078125 0.1875
0.515625 0.1875
0.5234375 0.1796875
0.53125 0.1796875
0.5234375 0.1875
0.53125 0.1875
0.5390625 0.1640625
0.546875 0.1640625
0.5390625 0.171875
0.546875 0.171875
0.5546875 0.1640625
0.5625 0.1640625
0.5546875 0.171875
0.5625 0.171875
0.5390625 0.1796875
0.546875 0.1796875
0.5390625 0.1875
0.546875 0.1875
0.5546875 0.1796875
0.5625 0.1796875
0.5546875 0.1875
0.5625 0.1875
0.5703125 0.1328125
0.578125 0.1328125
0.5703125 0.140625
0.578125 0.140625
0.5859375 0.1328125
0.59375 0.1328125
0.5859375 0.140625
0.59375 0.140625
0.5703125 0.1484375
0.578125 0.1484375
0.5703125 0.15625
0.578125 0.15625
0.5859375 0.1484375
0.59375 0.1484375
0.5859375 0.15625
0.59375 0.15625
0.6015625 0.1328125
0.609375 0.1328125
0.6015625 0.140625
0.609375 0.140625
0.6171875 0.1328125
0.625 0.1328125
0.6171875 0.140625
0.625 0.140625
0.6015625 0.1484375
0.609375 0.1484375
0.6015625 0.15625
0.609375 0.15625
0.6171875 0.1484375
0.625 0.1484375
0.6171875 0.15625
0.625 0.15625
0.5703125 0.1640625
0.578125 0.1640625
0.5703125 0.171875
0.578125 0.171875
0.5859375 0.1640625
0.59375 0.1640625
0.5859375 0.171875
0.59375 0.171875
0.5703125 0.1796875
0.578125 0.1796875
0.5703125 0.1875
0.578125 0.1875
0.5859375 0.1796875
0.59375 0.1796875
0.5859375 0.1875
0.59375 0.1875
0.6015625 0.1640625
0.609375 0.1640625
0.6015625 0.171875
0.609375 0.171875
0.6171875 0.1640625
0.625 0.1640625
0.6171875 0.171875
0.625 0.171875
0.6015625 0.1796875
0.609375 0.1796875
0.6015625 0.1875
0.609375 0.1875
0.6171875 0.1796875
0.625 0.1796875
0.6171875 0.1875
0.625 0.1875
0.5078125 0.1953125
0.515625 0.1953125
0.5078125 0.203125
0.515625 0.203125
0.5234375 0.1953125
0.53125 0.1953125
0.5234375 0.203125
0.53125 0.203125
0.5078125 0.2109375
0.515625 0.2109375
0.5078125 0.21875
0.515625 0.21875
0.5234375 0.2109375
0.53125 0.2109375
0.5234375 0.21875
0.53125 0.21875
0.5390625 0.1953125
0.546875 0.1953125
0.5390625 0.203125
0.546875 0.203125
0.5546875 0.1953125
0.5625 0.1953125
0.5546875 0.203125
0.5625 0.203125
0.5390625 0.2109375
0.546875 0.2109375
0.5390625 0.21875
0.546875 0.21875
0.5546875 0.2109375
0.5625 0.2109375
0.5546875 0.21875
0.5625 0.21875
0.5078125 0.2265625
0.515625 0.2265625
0.5078125 0.234375
0.515625 0.234375
0.5234375 0.2265625
0.53125 0.2265625
0.5234375 0.234375
0.53125 0.234375
0.5078125 0.2421875
0.515625 0.2421875
0.5078125 0.25
0.515625 0.25
0.5234375 0.2421875
0.53125 0.2421875
0.5234375 0.25
0.53125 0.25
0.5390625 0.2265625
0.546875 0.2265625
0.5390625 0.234375
0.546875 0.234375
0.5546875 0.2265625
0.5625 0.2265625
0.5546875 0.234375
0.5625 0.234375
0.5390625 0.2421875
0.546875 0.2421875
0.5390625 0.25
0.546875 0.25
0.5546875 0.2421875
0.5625 0.2421875
0.5546875 0.25
0.5625 0.25
0.5703125 0.1953125
0.578125 0.1953125
0.5703125 0.203125
0.578125 0.203125
0.5859375 0.1953125
0.59375 0.1953125
0.5859375 0.203125
0.59375 0.203125
0.5703125 0.2109375
0.578125 0.2109375
0.5703125 0.21875
0.578125 0.21875
0.5859375 0.2109375
0.59375 0.2109375
0.5859375 0.21875
0.59375 0.21875
0.6015625 0.1953125
0.609375 0.1953125
0.6015625 0.203125
0.609375 0.203125
0.6171875 0.1953125
0.625 0.1953125
0.6171875 0.203125
0.625 0.203125
0.6015625 0.2109375
0.609375 0.2109375
0.6015625 0.21875
0.609375 0.21875
0.6171875 0.2109375
0.625 0.2109375
0.6171875 0.21875
0.625 0.21875
0.5703125 0.2265625
0.578125 0.2265625
0.5703125 0.234375
0.578125 0.234375
0.5859375 0.2265625
0.59375 0.2265625
0.5859375 0.234375
0.59375 0.234375
0.5703125 0.2421875
0.578125 0.2421875
0.5703125 0.25
0.578125 0.25
0.5859375 0.2421875
0.59375 0.2421875
0.5859375 0.25
0.59375 0.25
0.6015625 0.2265625
0.609375 0.2265625
0.6015625 0.234375
0.609375 0.234375
0.6171875 0.2265625
0.625 0.2265625
0.6171875 0.234375
0.625 0.234375
0.6015625 0.2421875
0.609375 0.2421875
0.6015625 0.25
0.609375 0.25
0.6171875 0.2421875
0.625 0.2421875
0.6171875 0.25
0.625 0.25
0.6328125 0.1328125
0.640625 0.1328125
0.6328125 0.140625
0.640625 0.140625
0.6484375 0.1328125
0.65625 0.1328125
0.6484375 0.140625
0.65625 0.140625
0.6328125 0.1484375
0.640625 0.1484375
0.6328125 0.15625
0.640625 0.15625
0.6484375 0.1484375
0.65625 0.1484375
0.6484375 0.15625
0.65625 0.15625
0.6640625 0.1328125
0.671875 0.1328125
0.6640625 0.140625
0.671875 0.140625
0.6796875 0.1328125
0.6875 0.1328125
0.6796875 0.140625
0.6875 0.140625
0.6640625 0.1484375
0.671875 0.1484375
0.6640625 0.15625
0.671875 0.15625
0.6796875 0.1484375
0.6875 0.1484375
0.6796875 0.15625
0.6875 0.15625
0.6328125 0.1640625
0.640625 0.1640625
0.6328125 0.171875
0.640625 0.171875
0.6484375 0.1640625
0.65625 0.1640625
0.6484375 0.171875
0.65625 0.171875
0.6328125 0.1796875
0.640625 0.1796875
0.6328125 0.1875
0.640625 0.1875
0.6484375 0.1796875
0.65625 0.1796875
0.6484375 0.1875
0.65625 0.1875
0.6640625 0.1640625
0.671875 0.1640625
0.6640625 0.171875
0.671875 0.171875
0.6796875 0.1640625
0.6875 0.1640625
0.6796875 0.171875
0.6875 0.171875
0.6640625 0.1796875
0.671875 0.1796875
0.6640625 0.1875
0.671875 0.1875
0.6796875 0.1796875
0.6875 0.1796875
0.6796875 0.1875
0.6875 0.1875
0.6953125 0.1328125
0.703125 0.1328125
0.6953125 0.140625
0.703125 0.140625
0.7109375 0.1328125
0.71875 0.1328125
0.7109375 0.140625
0.71875 0.140625
0.6953125 0.1484375
0.703125 0.1484375
0.6953125 0.15625
0.703125 0.15625
0.7109375 0.1484375
0.71875 0.1484375
0.7109375 0.15625
0.71875 0.15625
0.7265625 0.1328125
0.734375 0.1328125
0.7265625 0.140625
0.734375 0.140625
0.7421875 0.1328125
0.75 0.1328125
0.7421875 0.140625
0.75 0.140625
0.7265625 0.1484375
0.734375 0.1484375
0.7265625 0.15625
0.734375 0.15625
0.7421875 0.1484375
0.75 0.1484375
0.7421875 0.15625
0.75 0.15625
0.6953125 0.1640625
0.703125 0.1640625
0.6953125 0.171875
0.703125 0.171875
0.7109375 0.1640625
0.71875 0.1640625
0.7109375 0.171875
0.71875 0.171875
0.6953125 0.1796875
0.703125 0.1796875
0.6953125 0.1875
0.703125 0.1875
0.7109375 0.1796875
0.71875 0.1796875
0.7109375 0.1875
0.71875 0.1875
0.7265625 0.1640625
0.734375 0.1640625
0.7265625 0.171875
0.734375 0.171875
0.7421875 0.1640625
0.75 0.1640625
0.7421875 0.171875
0.75 0.171875
0.7265625 0.1796875
0.734375 0.1796875
0.7265625 0.1875
0.734375 0.1875
0.7421875 0.1796875
0.75 0.1796875
0.7421875 0.1875
0.75 0.1875
0.6328125 0.1953125
0.640625 0.1953125
0.6328125 0.203125
0.640625 0.203125
0.6484375 0.1953125
0.65625 0.1953125
0.6484375 0.203125
0.65625 0.203125
0.6328125 0.2109375
0.640625 0.2109375
0.6328125 0.21875
0.640625 0.21875
0.6484375 0.2109375
0.65625 0.2109375
0.6484375 0.21875
0.65625 0.21875
0.6640625 0.1953125
0.671875 0.1953125
0.6640625 0.203125
0.671875 0.203125
0.6796875 0.1953125
0.6875 0.1953125
0.6796875 0.203125
0.6875 0.203125
0.6640625 0.2109375
0.671875 0.2109375
0.6640625 0.21875
0.671875 0.21875
0.6796875 0.2109375
0.6875 0.2109375
0.6796875 0.21875
0.6875 0.21875
0.6328125 0.2265625
0.640625 0.2265625
0.6328125 0.234375
0.640625 0.234375
0.6484375 0.2265625
0.65625 0.2265625
0.6484375 0.234375
0.65625 0.234375
0.6328125 0.2421875
0.640625 0.2421875
0.6328125 0.25
0.640625 0.25
0.6484375 0.2421875
0.65625 0.2421875
0.6484375 0.25
0.65625 0.25
0.6640625 0.2265625
0.671875 0.2265625
0.6640625 0.234375
0.671875 0.234375
0.6796875 0.2265625
0.6875 0.2265625
0.6796875 0.234375
0.6875 0.234375
0.6640625 0.2421875
0.671875 0.2421875
0.6640625 0.25
0.671875 0.25
0.6796875 0.2421875
0.6875 0.2421875
0.6796875 0.25
0.6875 0.25
0.6953125 0.1953125
0.703125 0.1953125
0.6953125 0.203125
0.703125 0.203125
0.7109375 0.1953125
0.71875 0.1953125
0.7109375 0.203125
0.71875 0.203125
0.6953125 0.2109375
0.703125 0.2109375
0.6953125 0.21875
0.703125 0.21875
0.7109375 0.2109375
0.71875 0.2109375
0.7109375 0.21875
0.71875 0.21875
0.7265625 0.1953125
0.734375 0.1953125
0.7265625 0.203125
0.734375 0.203125
0.7421875 0.1953125
0.75 0.1953125
0.7421875 0.203125
0.75 0.203125
0.7265625 0.2109375
0.734375 0.2109375
0.7265625 0.21875
0.734375 0.21875
0.7421875 0.2109375
0.75 0.2109375
0.7421875 0.21875
0.75 0.21875
0.6953125 0.2265625
0.703125 0.2265625
0.6953125 0.234375
0.703125 0.234375
0.7109375 0.2265625
0.71875 0.2265625
0.7109375 0.234375
0.71875 0.234375
0.6953125 0.2421875
0.703125 0.2421875
0.6953125 0.25
0.703125 0.25
0.7109375 0.2421875
0.71875 0.2421875
0.7109375 0.25
0.71875 0.25
0.7265625 0.2265625
0.734375 0.2265625
0.7265625 0.234375
0.734375 0.234375
0.7421875 0.2265625
0.75 0.2265625
0.7421875 0.234375
0.75 0.234375
0.7265625 0.2421875
0.734375 0.2421875
0.7265625 0.25
0.734375 0.25
0.7421875 0.2421875
0.75 0.2421875
0.7421875 0.25
0.75 0.25
0.5078125 0.2578125
0.515625 0.2578125
0.5078125 0.265625
0.515625 0.265625
0.5234375 0.2578125
0.53125 0.2578125
0.5234375 0.265625
0.53125 0.265625
0.5078125 0.2734375
0.515625 0.2734375
0.5078125 0.28125
0.515625 0.28125
0.5234375 0.2734375
0.53125 0.2734375
0.5234375 0.28125
0.53125 0.28125
0.5390625 0.2578125
0.546875 0.2578125
0.5390625 0.265625
0.546875 0.265625
0.5546875 0.2578125
0.5625 0.2578125
0.5546875 0.265625
0.5625 0.265625
0.5390625 0.2734375
0.546875 0.2734375
0.5390625 0.28125
0.546875 0.28125
0.5546875 0.2734375
0.5625 0.2734375
0.5546875 0.28125
0.5625 0.28125
0.5078125 0.2890625
0.515625 0.2890625
0.5078125 0.296875
0.515625 0.296875
0.5234375 0.2890625
0.53125 0.2890625
0.5234375 0.296875
0.53125 0.296875
0.5078125 0.3046875
0.515625 0.3046875
0.5078125 0.3125
0.515625 0.3125
0.5234375 0.3046875
0.53125 0.3046875
0.5234375 0.3125
0.53125 0.3125
0.5390625 0.2890625
0.546875 0.2890625
0.5390625 0.296875
0.546875 0.296875
0.5546875 0.2890625
0.5625 0.2890625
0.5546875 0.296875
0.5625 0.296875
0.5390625 0.3046875
0.546875 0.3046875
0.5390625 0.3125
0.546875 0.3125
0.5546875 0.3046875
0.5625 0.3046875
0.5546875 0.3125
0.5625 0.3125
0.5703125 0.2578125
0.578125 0.2578125
0.5703125 0.265625
0.578125 0.265625
0.5859375 0.2578125
0.59375 0.2578125
0.5859375 0.265625
0.59375 0.265625
0.5703125 0.2734375
0.578125 0.2734375
0.5703125 0.28125
0.578125 0.28125
0.5859375 0.2734375
0.59375 0.2734375
0.5859375 0.28125
0.59375 0.28125
0.6015625 0.2578125
0.609375 0.2578125
0.6015625 0.265625
0.609375 0.265625
0.6171875 0.2578125
0.625 0.2578125
0.6171875 0.265625
0.625 0.265625
0.6015625 0.2734375
0.609375 0.2734375
0.6015625 0.28125
0.609375 0.28125
0.6171875 0.2734375
0.625 0.2734375
0.6171875 0.28125
0.625 0.28125
0.5703125 0.2890625
0.578125 0.2890625
0.5703125 0.296875
0.578125 0.296875
0.5859375 0.2890625
0.59375 0.2890625
0.5859375 0.296875
0.59375 0.296875
0.5703125 0.3046875
0.578125 0.3046875
0.5703125 0.3125
0.578125 0.3125
0.5859375 0.3046875
0.59375 0.3046875
0.5859375 0.3125
0.59375 0.3125
0.6015625 0.2890625
0.609375 0.2890625
0.6015625 0.296875
0.609375 0.296875
0.6171875 0.2890625
0.625 0.2890625
0.6171875 0.296875
0.625 0.296875
0.6015625 0.3046875
0.609375 0.3046875
0.6015625 0.3125
0.609375 0.3125
0.6171875 0.3046875
0.625 0.3046875
0.6171875 0.3125
0.625 0.3125
0.5078125 0.3203125
0.515625 0.3203125
0.5078125 0.328125
0.515625 0.328125
0.5234375 0.3203125
0.53125 0.3203125
0.5234375 0.328125
0.53125 0.328125
0.5078125 0.3359375
0.515625 0.3359375
0.5078125 0.34375
0.515625 0.34375
0.5234375 0.3359375
0.53125 0.3359375
0.5234375 0.34375
0.53125 0.34375
0.5390625 0.3203125
0.546875 0.3203125
0.5390625 0.328125
0.546875 0.328125
0.5546875 0.3203125
0.5625 0.3203125
0.5546875 0.328125
0.5625 0.328125
0.5390625 0.3359375
0.546875 0.3359375
0.5390625 0.34375
0.546875 0.34375
0.5546875 0.3359375
0.5625 0.3359375
0.5546875 0.34375
0.5625 0.34375
0.5078125 0.3515625
0.515625 0.3515625
0.5078125 0.359375
0.515625 0.359375
0.5234375 0.3515625
0.53125 0.3515625
0.5234375 0.359375
0.53125 0.359375
0.5078125 0.3671875
0.515625 0.3671875
0.5078125 0.375
0.515625 0.375
0.5234375 0.3671875
0.53125 0.3671875
0.5234375 0.375
0.53125 0.375
0.5390625 0.3515625
0.546875 0.3515625
0.5390625 0.359375
0.546875 0.359375
0.5546875 0.3515625
0.5625 0.3515625
0.5546875 0.359375
0.5625 0.359375
0.5390625 0.3671875
0.546875 0.3671875
0.5390625 0.375
0.546875 0.375
0.5546875 0.3671875
0.5625 0.3671875
0.5546875 0.375
0.5625 0.375
0.5703125 0.3203125
0.578125 0.3203125
0.5703125 0.328125
0.578125 0.328125
0.5859375 0.3203125
0.59375 0.3203125
0.5859375 0.328125
0.59375 0.328125
0.5703125 0.3359375
0.578125 0.3359375
0.5703125 0.34375
0.578125 0.34375
0.5859375 0.3359375
0.59375 0.3359375
0.5859375 0.34375
0.59375 0.34375
0.6015625 0.3203125
0.609375 0.3203125
0.6015625 0.328125
0.609375 0.328125
0.6171875 0.3203125
0.625 0.3203125
0.6171875 0.328125
0.625 0.328125
0.6015625 0.3359375
0.609375 0.3359375
0.6015625 0.34375
0.609375 0.34375
0.6171875 0.3359375
0.625 0.3359375
0.6171875 0.34375
0.625 0.34375
0.5703125 0.3515625
0.578125 0.3515625
0.5703125 0.359375
0.578125 0.359375
0.5859375 0.3515625
0.59375 0.3515625
0.5859375 0.359375
0.59375 0.359375
0.5703125 0.3671875
0.578125 0.3671875
0.5703125 0.375
0.578125 0.375
0.5859375 0.3671875
0.59375 0.3671875
0.5859375 0.375
0.59375 0.375
0.6015625 0.3515625
0.609375 0.3515625
0.6015625 0.359375
0.609375 0.359375
0.6171875 0.3515625
0.625 0.3515625
0.6171875 0.359375
0.625 0.359375
0.6015625 0.3671875
0.609375 0.3671875
0.6015625 0.375
0.609375 0.375
0.6171875 0.3671875
0.625 0.3671875
0.6171875 0.375
0.625 0.375
0.6328125 0.2578125
0.640625 0.2578125
0.6328125 0.265625
0.640625 0.265625
0.6484375 0.2578125
0.65625 0.2578125
0.6484375 0.265625
0.65625 0.265625
0.6328125 0.2734375
0.640625 0.2734375
0.6328125 0.28125
0.640625 0.28125
0.6484375 0.2734375
0.65625 0.2734375
0.6484375 0.28125
0.65625 0.28125
0.6640625 0.2578125
0.671875 0.2578125
0.6640625 0.265625
0.671875 0.265625
0.6796875 0.2578125
0.6875 0.2578125
0.6796875 0.265625
0.6875 0.265625
0.6640625 0.2734375
0.671875 0.2734375
0.6640625 0.28125
0.671875 0.28125
0.6796875 0.2734375
0.6875 0.2734375
0.6796875 0.28125
0.6875 0.28125
0.6328125 0.2890625
0.640625 0.2890625
0.6328125 0.296875
0.640625 0.296875
0.6484375 0.2890625
0.65625 0.2890625
0.6484375 0.296875
0.65625 0.296875
0.6328125 0.3046875
0.640625 0.3046875
0.6328125 0.3125
0.640625 0.3125
0.6484375 0.3046875
0.65625 0.3046875
0.6484375 0.3125
0.65625 0.3125
0.6640625 0.2890625
0.671875 0.2890625
0.6640625 0.296875
0.671875 0.296875
0.6796875 0.2890625
0.6875 0.2890625
0.6796875 0.296875
0.6875 0.296875
0.6640625 0.3046875
0.671875 0.3046875
0.6640625 0.3125
0.671875 0.3125
0.6796875 0.3046875
0.6875 0.3046875
0.6796875 0.3125
0.6875 0.3125
0.6953125 0.2578125
0.703125 0.2578125
0.6953125 0.265625
0.703125 0.265625
0.7109375 0.2578125
0.71875 0.2578125
0.7109375 0.265625
0.71875 0.265625
0.6953125 0.2734375
0.703125 0.2734375
0.6953125 0.28125
0.703125 0.28125
0.7109375 0.2734375
0.71875 0.2734375
0.7109375 0.28125
0.71875 0.28125
0.7265625 0.2578125
0.734375 0.2578125
0.7265625 0.265625
0.734375 0.265625
0.7421875 0.2578125
0.75 0.2578125
0.7421875 0.265625
0.75 0.265625
0.7265625 0.2734375
0.734375 0.2734375
0.7265625 0.28125
0.734375 0.28125
0.7421875 0.2734375
0.75 0.2734375
0.7421875 0.28125
0.75 0.28125
0.6953125 0.2890625
0.703125 0.2890625
0.6953125 0.296875
0.703125 0.296875
0.7109375 0.2890625
0.71875 0.2890625
0.7109375 0.296875
0.71875 0.296875
0.6953125 0.3046875
0.703125 0.3046875
0.6953125 0.3125
0.703125 0.3125
0.7109375 0.3046875
0.71875 0.3046875
0.7109375 0.3125
0.71875 0.3125
0.7265625 0.2890625
0.734375 0.2890625
0.7265625 0.296875
0.734375 0.296875
0.7421875 0.2890625
0.75 0.2890625
0.7421875 0.296875
0.75 0.296875
0.7265625 0.3046875
0.734375 0.3046875
0.7265625 0.3125
0.734375 0.3125
0.7421875 0.3046875
0.75 0.3046875
0.7421875 0.3125
0.75 0.3125
0.6328125 0.3203125
0.640625 0.3203125
0.6328125 0.328125
0.640625 0.328125
0.6484375 0.3203125
0.65625 0.3203125
0.6484375 0.328125
0.65625 0.328125
0.6328125 0.3359375
0.640625 0.3359375
0.6328125 0.34375
0.640625 0.34375
0.6484375 0.3359375
0.65625 0.3359375
0.6484375 0.34375
0.65625 0.34375
0.6640625 0.3203125
0.671875 0.3203125
0.6640625 0.328125
0.671875 0.328125
0.6796875 0.3203125
0.6875 0.3203125
0.6796875 0.328125
0.6875 0.328125
0.6640625 0.3359375
0.671875 0.3359375
0.6640625 0.34375
0.671875 0.34375
0.6796875 0.3359375
0.6875 0.3359375
0.6796875 0.34375
0.6875 0.34375
0.6328125 0.3515625
0.640625 0.3515625
0.6328125 0.359375
0.640625 0.359375
0.6484375 0.3515625
0.65625 0.3515625
0.6484375 0.359375
0.65625 0.359375
0.6328125 0.3671875
0.640625 0.3671875
0.6328125 0.375
0.640625 0.375
0.6484375 0.3671875
0.65625 0.3671875
0.6484375 0.375
0.65625 0.375
0.6640625 0.3515625
0.671875 0.3515625
0.6640625 0.359375
0.671875 0.359375
0.6796875 0.3515625
0.6875 0.3515625
0.6796875 0.359375
0.6875 0.359375
0.6640625 0.3671875
0.671875 0.3671875
0.6640625 0.375
0.671875 0.375
0.6796875 0.3671875
0.6875 0.3671875
0.6796875 0.375
0.6875 0.375
0.6953125 0.3203125
0.703125 0.3203125
0.6953125 0.328125
0.703125 0.328125
0.7109375 0.3203125
0.71875 0.3203125
0.7109375 0.328125
0.71875 0.328125
0.6953125 0.3359375
0.703125 0.3359375
0.6953125 0.34375
0.703125 0.34375
0.7109375 0.3359375
0.71875 0.3359375
0.7109375 0.34375
0.71875 0.34375
0.7265625 0.3203125
0.734375 0.3203125
0.7265625 0.328125
0.734375 0.328125
0.7421875 0.3203125
0.75 0.3203125
0.7421875 0.328125
0.75 0.328125
0.7265625 0.3359375
0.734375 0.3359375
0.7265625 0.34375
0.734375 0.34375
0.7421875 0.3359375
0.75 0.3359375
0.7421875 0.34375
0.75 0.34375
0.6953125 0.3515625
0.703125 0.3515625
0.6953125 0.359375
0.703125 0.359375
0.7109375 0.3515625
0.71875 0.3515625
0.7109375 0.359375
0.71875 0.359375
0.6953125 0.3671875
0.703125 0.3671875
0.6953125 0.375
0.703125 0.375
0.7109375 0.3671875
0.71875 0.3671875
0.7109375 0.375
0.71875 0.375
0.7265625 0.3515625
0.734375 0.3515625
0.7265625 0.359375
0.734375 0.359375
0.7421875 0.3515625
0.75 0.3515625
0.7421875 0.359375
0.75 0.359375
0.7265625 0.3671875
0.734375 0.3671875
0.7265625 0.375
0.734375 0.375
0.7421875 0.3671875
0.75 0.3671875
0.7421875 0.375
0.75 0.375
0.5078125 0.3828125
0.515625 0.3828125
0.5078125 0.390625
0.515625 0.390625
0.5234375 0.3828125
0.53125 0.3828125
0.5234375 0.390625
0.53125 0.390625
0.5078125 0.3984375
0.515625 0.3984375
0.5078125 0.40625
0.515625 0.40625
0.5234375 0.3984375
0.53125 0.3984375
0.5234375 0.40625
0.53125 0.40625
0.5390625 0.3828125
0.546875 0.3828125
0.5390625 0.390625
0.546875 0.390625
0.5546875 0.3828125
0.5625 0.3828125
0.5546875 0.390625
0.5625 0.390625
0.5390625 0.3984375
0.546875 0.3984375
0.5390625 0.40625
0.546875 0.40625
0.5546875 0.3984375
0.5625 0.3984375
0.5546875 0.40625
0.5625 0.40625
0.5078125 0.4140625
0.515625 0.4140625
0.5078125 0.421875
0.515625 0.421875
0.5234375 0.4140625
0.53125 0.4140625
0.5234375 0.421875
0.53125 0.421875
0.5078125 0.4296875
0.515625 0.4296875
0.5078125 0.4375
0.515625 0.4375
0.5234375 0.4296875
0.53125 0.4296875
0.5234375 0.4375
0.53125 0.4375
0.5390625 0.4140625
0.546875 0.4140625
0.5390625 0.421875
0.546875 0.421875
0.5546875 0.4140625
0.5625 0.4140625
0.5546875 0.421875
0.5625 0.421875
0.5390625 0.4296875
0.546875 0.4296875
0.5390625 0.4375
0.546875 0.4375
0.5546875 0.4296875
0.5625 0.4296875
0.5546875 0.4375
0.5625 0.4375
0.5703125 0.3828125
0.578125 0.3828125
0.5703125 0.390625
0.578125 0.390625
0.5859375 0.3828125
0.59375 0.3828125
0.5859375 0.390625
0.59375 0.390625
0.5703125 0.3984375
0.578125 0.3984375
0.5703125 0.40625
0.578125 0.40625
0.5859375 0.3984375
0.59375 0.3984375
0.5859375 0.40625
0.59375 0.40625
0.6015625 0.3828125
0.609375 0.3828125
0.6015625 0.390625
0.609375 0.390625
0.6171875 0.3828125
0.625 0.3828125
0.6171875 0.390625
0.625 0.390625
0.6015625 0.3984375
0.609375 0.3984375
0.6015625 0.40625
0.609375 0.40625
0.6171875 0.3984375
0.625 0.3984375
0.6171875 0.40625
0.625 0.40625
0.5703125 0.4140625
0.578125 0.4140625
0.5703125 0.421875
0.578125 0.421875
0.5859375 0.4140625
0.59375 0.4140625
0.5859375 0.421875
0.59375 0.421875
0.5703125 0.4296875
0.578125 0.4296875
0.5703125 0.4375
0.578125 0.4375
0.5859375 0.4296875
0.59375 0.4296875
0.5859375 0.4375
0.59375 0.4375
0.6015625 0.4140625
0.609375 0.4140625
0.6015625 0.421875
0.609375 0.421875
0.6171875 0.4140625
0.625 0.4140625
0.6171875 0.421875
0.625 0.421875
0.6015625 0.4296875
0.609375 0.4296875
0.6015625 0.4375
0.609375 0.4375
0.6171875 0.4296875
0.625 0.4296875
0.6171875 0.4375
0.625 0.4375
0.5078125 0.4453125
0.515625 0.4453125
0.5078125 0.453125
0.515625 0.453125
0.5234375 0.4453125
0.53125 0.4453125
0.5234375 0.453125
0.53125 0.453125
0.5078125 0.4609375
0.515625 0.4609375
0.5078125 0.46875
0.515625 0.46875
0.5234375 0.4609375
0.53125 0.4609375
0.5234375 0.46875
0.53125 0.46875
0.5390625 0.4453125
0.546875 0.4453125
0.5390625 0.453125
0.546875 0.453125
0.5546875 0.4453125
0.5625 0.4453125
0.5546875 0.453125
0.5625 0.453125
0.5390625 0.4609375
0.546875 0.4609375
0.5390625 0.46875
0.546875 0.46875
0.5546875 0.4609375
0.5625 0.4609375
0.5546875 0.46875
0.5625 0.46875
0.5078125 0.4765625
0.515625 0.4765625
0.5078125 0.484375
0.515625 0.484375
0.5234375 0.4765625
0.53125 0.4765625
0.5234375 0.484375
0.53125 0.484375
0.5078125 0.4921875
0.50390625 0.4921875
0.515625 0.4921875
0.50390625 0.49609375
0.501953125 0.49609375
0.5078125 0.49609375
0.501953125 0.498046875
0.5009765625 0.498046875
0.50390625 0.498046875
0.5009765625 0.4990234375
0.50048828125 0.4990234375
0.501953125 0.4990234375
0.50048828125 0.49951171875
0.500244140625 0.49951171875
0.5009765625 0.49951171875
0.500244140625 0.499755859375
0.5001220703125 0.499755859375
0.50048828125 0.499755859375
0.5001220703125 0.4998779296875
0.50006103515625 0.4998779296875
0.500244140625 0.4998779296875
0.50006103515625 0.49993896484375
0.500030517578125 0.49993896484375
0.5001220703125 0.49993896484375
0.500030517578125 0.499969482421875
0.500015258789062 0.499969482421875
0.50006103515625 0.499969482421875
0.500015258789062 0.499984741210938
0.500007629394531 0.499984741210938
0.500030517578125 0.499984741210938
0.500007629394531 0.499992370605469
0.500015258789062 0.499992370605469
0.500007629394531 0.5
0.500015258789062 0.5
0.500030517578125 0.5
0.50006103515625 0.5
0.5001220703125 0.5
0.500244140625 0.5
0.50048828125 0.5
0.5009765625 0.5
0.501953125 0.5
0.50390625 0.5
0.5078125 0.5
0.515625 0.5
0.5234375 0.4921875
0.53125 0.4921875
0.5234375 0.5
0.53125 0.5
0.5390625 0.4765625
0.546875 0.4765625
0.5390625 0.484375
0.546875 0.484375
0.5546875 0.4765625
0.5625 0.4765625
0.5546875 0.484375
0.5625 0.484375
0.5390625 0.4921875
0.546875 0.4921875
0.5390625 0.5
0.546875 0.5
0.5546875 0.4921875
0.5625 0.4921875
0.5546875 0.5
0.5625 0.5
0.5703125 0.4453125
0.578125 0.4453125
0.5703125 0.453125
0.578125 0.453125
0.5859375 0.4453125
0.59375 0.4453125
0.5859375 0.453125
0.59375 0.453125
0.5703125 0.4609375
0.578125 0.4609375
0.5703125 0.46875
0.578125 0.46875
0.5859375 0.4609375
0.59375 0.4609375
0.5859375 0.46875
0.59375 0.46875
0.6015625 0.4453125
0.609375 0.4453125
0.6015625 0.453125
0.609375 0.453125
0.6171875 0.4453125
0.625 0.4453125
0.6171875 0.453125
0.625 0.453125
0.6015625 0.4609375
0.609375 0.4609375
0.6015625 0.46875
0.609375 0.46875
0.6171875 0.4609375
0.625 0.4609375
0.6171875 0.46875
0.625 0.46875
0.5703125 0.4765625
0.578125 0.4765625
0.5703125 0.484375
0.578125 0.484375
0.5859375 0.4765625
0.59375 0.4765625
0.5859375 0.484375
0.59375 0.484375
0.5703125 0.4921875
0.578125 0.4921875
0.5703125 0.5
0.578125 0.5
0.5859375 0.4921875
0.59375 0.4921875
0.5859375 0.5
0.59375 0.5
0.6015625 0.4765625
0.609375 0.4765625
0.6015625 0.484375
0.609375 0.484375
0.6171875 0.4765625
0.625 0.4765625
0.6171875 0.484375
0.625 0.484375
0.6015625 0.4921875
0.609375 0.4921875
0.6015625 0.5
0.609375 0.5
0.6171875 0.4921875
0.625 0.4921875
0.6171875 0.5
0.625 0.5
0.6328125 0.3828125
0.640625 0.3828125
0.6328125 0.390625
0.640625 0.390625
0.6484375 0.3828125
0.65625 0.3828125
0.6484375 0.390625
0.65625 0.390625
0.6328125 0.3984375
0.640625 0.3984375
0.6328125 0.40625
0.640625 0.40625
0.6484375 0.3984375
0.65625 0.3984375
0.6484375 0.40625
0.65625 0.40625
0.6640625 0.3828125
0.671875 0.3828125
0.6640625 0.390625
0.671875 0.390625
0.6796875 0.3828125
0.6875 0.3828125
0.6796875 0.390625
0.6875 0.390625
0.6640625 0.3984375
0.671875 0.3984375
0.6640625 0.40625
0.671875 0.40625
0.6796875 0.3984375
0.6875 0.3984375
0.6796875 0.40625
0.6875 0.40625
0.6328125 0.4140625
0.640625 0.4140625
0.6328125 0.421875
0.640625 0.421875
0.6484375 0.4140625
0.65625 0.4140625
0.6484375 0.421875
0.65625 0.421875
0.6328125 0.4296875
0.640625 0.4296875
0.6328125 0.4375
0.640625 0.4375
0.6484375 0.4296875
0.65625 0.4296875
0.6484375 0.4375
0.65625 0.4375
0.6640625 0.4140625
0.671875 0.4140625
0.6640625 0.421875
0.671875 0.421875
0.6796875 0.4140625
0.6875 0.4140625
0.6796875 0.421875
0.6875 0.421875
0.6640625 0.4296875
0.671875 0.4296875
0.6640625 0.4375
0.671875 0.4375
0.6796875 0.4296875
0.6875 0.4296875
0.6796875 0.4375
0.6875 0.4375
0.6953125 0.3828125
0.703125 0.3828125
0.6953125 0.390625
0.703125 0.390625
0.7109375 0.3828125
0.71875 0.3828125
0.7109375 0.390625
0.71875 0.390625
0.6953125 0.3984375
0.703125 0.3984375
0.6953125 0.40625
0.703125 0.40625
0.7109375 0.3984375
0.71875 0.3984375
0.7109375 0.40625
0.71875 0.40625
0.7265625 0.3828125
0.734375 0.3828125
0.7265625 0.390625
0.734375 0.390625
0.7421875 0.3828125
0.75 0.3828125
0.7421875 0.390625
0.75 0.390625
0.7265625 0.3984375
0.734375 0.3984375
0.7265625 0.40625
0.734375 0.40625
0.7421875 0.3984375
0.75 0.3984375
0.7421875 0.40625
0.75 0.40625
0.6953125 0.4140625
0.703125 0.4140625
0.6953125 0.421875
0.703125 0.421875
0.7109375 0.4140625
0.71875 0.4140625
0.7109375 0.421875
0.71875 0.421875
0.6953125 0.4296875
0.703125 0.4296875
0.6953125 0.4375
0.703125 0.4375
0.7109375 0.4296875
0.71875 0.4296875
0.7109375 0.4375
0.71875 0.4375
0.7265625 0.4140625
0.734375 0.4140625
0.7265625 0.421875
0.734375 0.421875
0.7421875 0.4140625
0.75 0.4140625
0.7421875 0.421875
0.75 0.421875
0.7265625 0.4296875
0.734375 0.4296875
0.7265625 0.4375
0.734375 0.4375
0.7421875 0.4296875
0.75 0.4296875
0.7421875 0.4375
0.75 0.4375
0.6328125 0.4453125
0.640625 0.4453125
0.6328125 0.453125
0.640625 0.453125
0.6484375 0.4453125
0.65625 0.4453125
0.6484375 0.453125
0.65625 0.453125
0.6328125 0.4609375
0.640625 0.4609375
0.6328125 0.46875
0.640625 0.46875
0.6484375 0.4609375
0.65625 0.4609375
0.6484375 0.46875
0.65625 0.46875
0.6640625 0.4453125
0.671875 0.4453125
0.6640625 0.453125
0.671875 0.453125
0.6796875 0.4453125
0.6875 0.4453125
0.6796875 0.453125
0.6875 0.453125
0.6640625 0.4609375
0.671875 0.4609375
0.6640625 0.46875
0.671875 0.46875
0.6796875 0.4609375
0.6875 0.4609375
0.6796875 0.46875
0.6875 0.46875
0.6328125 0.4765625
0.640625 0.4765625
0.6328125 0.484375
0.640625 0.484375
0.6484375 0.4765625
0.65625 0.4765625
0.6484375 0.484375
0.65625 0.484375
0.6328125 0.4921875
0.640625 0.4921875
0.6328125 0.5
0.640625 0.5
0.6484375 0.4921875
0.65625 0.4921875
0.6484375 0.5
0.65625 0.5
0.6640625 0.4765625
0.671875 0.4765625
0.6640625 0.484375
0.671875 0.484375
0.6796875 0.4765625
0.6875 0.4765625
0.6796875 0.484375
0.6875 0.484375
0.6640625 0.4921875
0.671875 0.4921875
0.6640625 0.5
0.671875 0.5
0.6796875 0.4921875
0.6875 0.4921875
0.6796875 0.5
0.6875 0.5
0.6953125 0.4453125
0.703125 0.4453125
0.6953125 0.453125
0.703125 0.453125
0.7109375 0.4453125
0.71875 0.4453125
0.7109375 0.453125
0.71875 0.453125
0.6953125 0.4609375
0.703125 0.4609375
0.6953125 0.46875
0.703125 0.46875
0.7109375 0.4609375
0.71875 0.4609375
0.7109375 0.46875
0.71875 0.46875
0.7265625 0.4453125
0.734375 0.4453125
0.7265625 0.453125
0.734375 0.453125
0.7421875 0.4453125
0.75 0.4453125
0.7421875 0.453125
0.75 0.453125
0.7265625 0.4609375
0.734375 0.4609375
0.7265625 0.46875
0.734375 0.46875
0.7421875 0.4609375
0.75 0.4609375
0.7421875 0.46875
0.75 0.46875
0.6953125 0.4765625
0.703125 0.4765625
0.6953125 0.484375
0.703125 0.484375
0.7109375 0.4765625
0.71875 0.4765625
0.7109375 0.484375
0.71875 0.484375
0.6953125 0.4921875
0.703125 0.4921875
0.6953125 0.5
0.703125 0.5
0.7109375 0.4921875
0.71875 0.4921875
0.7109375 0.5
0.71875 0.5
0.7265625 0.4765625
0.734375 0.4765625
0.7265625 0.484375
0.734375 0.484375
0.7421875 0.4765625
0.75 0.4765625
0.7421875 0.484375
0.75 0.484375
0.7265625 0.4921875
0.734375 0.4921875
0.7265625 0.5
0.734375 0.5
0.7421875 0.4921875
0.75 0.4921875
0.7421875 0.5
0.75 0.5
0.500007629394531 0.500007629394531
0.500015258789062 0.500007629394531
0.500007629394531 0.500015258789062
0.500015258789062 0.500015258789062
0.500030517578125 0.500015258789062
0.500015258789062 0.500030517578125
0.500030517578125 0.500030517578125
0.50006103515625 0.500030517578125
0.500030517578125 0.50006103515625
0.50006103515625 0.50006103515625
0.5001220703125 0.50006103515625
0.50006103515625 0.5001220703125
0.5001220703125 0.5001220703125
0.500244140625 0.5001220703125
0.5001220703125 0.500244140625
0.500244140625 0.500244140625
0.50048828125 0.500244140625
0.500244140625 0.50048828125
0.50048828125 0.50048828125
0.5009765625 0.50048828125
0.50048828125 0.5009765625
0.5009765625 0.5009765625
0.501953125 0.5009765625
0.5009765625 0.501953125
0.501953125 0.501953125
0.50390625 0.501953125
0.501953125 0.50390625
0.50390625 0.50390625
0.5078125 0.50390625
0.50390625 0.5078125
0.5078125 0.5078125
0.515625 0.5078125
0.5078125 0.515625
0.515625 0.515625
0.5234375 0.5078125
0.53125 0.5078125
0.5234375 0.515625
0.53125 0.515625
0.5078125 0.5234375
0.515625 0.5234375
0.5078125 0.53125
0.515625 0.53125
0.5234375 0.5234375
0.53125 0.5234375
0.5234375 0.53125
0.53125 0.53125
0.5390625 0.5078125
0.546875 0.5078125
0.5390625 0.515625
0.546875 0.515625
0.5546875 0.5078125
0.5625 0.5078125
0.5546875 0.515625
0.5625 0.515625
0.5390625 0.5234375
0.546875 0.5234375
0.5390625 0.53125
0.546875 0.53125
0.5546875 0.5234375
0.5625 0.5234375
0.5546875 0.53125
0.5625 0.53125
0.5078125 0.5390625
0.515625 0.5390625
0.5078125 0.546875
0.515625 0.546875
0.5234375 0.5390625
0.53125 0.5390625
0.5234375 0.546875
0.53125 0.546875
0.5078125 0.5546875
0.515625 0.5546875
0.5078125 0.5625
0.515625 0.5625
0.5234375 0.5546875
0.53125 0.5546875
0.5234375 0.5625
0.53125 0.5625
0.5390625 0.5390625
0.546875 0.5390625
0.5390625 0.546875
0.546875 0.546875
0.5546875 0.5390625
0.5625 0.5390625
0.5546875 0.546875
0.5625 0.546875
0.5390625 0.5546875
0.546875 0.5546875
0.5390625 0.5625
0.546875 0.5625
0.5546875 0.5546875
0.5625 0.5546875
0.5546875 0.5625
0.5625 0.5625
0.5703125 0.5078125
0.578125 0.5078125
0.5703125 0.515625
0.578125 0.515625
0.5859375 0.5078125
0.59375 0.5078125
0.5859375 0.515625
0.59375 0.515625
0.5703125 0.5234375
0.578125 0.5234375
0.5703125 0.53125
0.578125 0.53125
0.5859375 0.5234375
0.59375 0.5234375
0.5859375 0.53125
0.59375 0.53125
0.6015625 0.5078125
0.609375 0.5078125
0.6015625 0.515625
0.609375 0.515625
0.6171875 0.5078125
0.625 0.5078125
0.6171875 0.515625
0.625 0.515625
0.6015625 0.5234375
0.609375 0.5234375
0.6015625 0.53125
0.609375 0.53125
0.6171875 0.5234375
0.625 0.5234375
0.6171875 0.53125
0.625 0.53125
0.5703125 0.5390625
0.578125 0.5390625
0.5703125 0.546875
0.578125 0.546875
0.5859375 0.5390625
0.59375 0.5390625
0.5859375 0.546875
0.59375 0.546875
0.5703125 0.5546875
0.578125 0.5546875
0.5703125 0.5625
0.578125 0.5625
0.5859375 0.5546875
0.59375 0.5546875
0.5859375 0.5625
0.59375 0.5625
0.6015625 0.5390625
0.609375 0.5390625
0.6015625 0.546875
0.609375 0.546875
0.6171875 0.5390625
0.625 0.5390625
0.6171875 0.546875
0.625 0.546875
0.6015625 0.5546875
0.609375 0.5546875
0.6015625 0.5625
0.609375 0.5625
0.6171875 0.5546875
0.625 0.5546875
0.6171875 0.5625
0.625 0.5625
0.5078125 0.5703125
0.515625 0.5703125
0.5078125 0.578125
0.515625 0.578125
0.5234375 0.5703125
0.53125 0.5703125
0.5234375 0.578125
0.53125 0.578125
0.5078125 0.5859375
0.515625 0.5859375
0.5078125 0.59375
0.515625 0.59375
0.5234375 0.5859375
0.53125 0.5859375
0.5234375 0.59375
0.53125 0.59375
0.5390625 0.5703125
0.546875 0.5703125
0.5390625 0.578125
0.546875 0.578125
0.5546875 0.5703125
0.5625 0.5703125
0.5546875 0.578125
0.5625 0.578125
0.5390625 0.5859375
0.546875 0.5859375
0.5390625 0.59375
0.546875 0.59375
0.5546875 0.5859375
0.5625 0.5859375
0.5546875 0.59375
0.5625 0.59375
0.5078125 0.6015625
0.515625 0.6015625
0.5078125 0.609375
0.515625 0.609375
0.5234375 0.6015625
0.53125 0.6015625
0.5234375 0.609375
0.53125 0.609375
0.5078125 0.6171875
0.515625 0.6171875
0.5078125 0.625
0.515625 0.625
0.5234375 0.6171875
0.53125 0.6171875
0.5234375 0.625
0.53125 0.625
0.5390625 0.6015625
0.546875 0.6015625
0.5390625 0.609375
0.546875 0.609375
0.5546875 0.6015625
0.5625 0.6015625
0.5546875 0.609375
0.5625 0.609375
0.5390625 0.6171875
0.546875 0.6171875
0.5390625 0.625
0.546875 0.625
0.5546875 0.6171875
0.5625 0.6171875
0.5546875 0.625
0.5625 0.625
0.5703125 0.5703125
0.578125 0.5703125
0.5703125 0.578125
0.578125 0.578125
0.5859375 0.5703125
0.59375 0.5703125
0.5859375 0.578125
0.59375 0.578125
0.5703125 0.5859375
0.578125 0.5859375
0.5703125 0.59375
0.578125 0.59375
0.5859375 0.5859375
0.59375 0.5859375
0.5859375 0.59375
0.59375 0.59375
0.6015625 0.5703125
0.609375 0.5703125
0.6015625 0.578125
0.609375 0.578125
0.6171875 0.5703125
0.625 0.5703125
0.6171875 0.578125
0.625 0.578125
0.6015625 0.5859375
0.609375 0.5859375
0.6015625 0.59375
0.609375 0.59375
0.6171875 0.5859375
0.625 0.5859375
0.6171875 0.59375
0.625 0.59375
0.5703125 0.6015625
0.578125 0.6015625
0.5703125 0.609375
0.578125 0.609375
0.5859375 0.6015625
0.59375 0.6015625
0.5859375 0.609375
0.59375 0.609375
0.5703125 0.6171875
0.578125 0.6171875
0.5703125 0.625
0.578125 0.625
0.5859375 0.6171875
0.59375 0.6171875
0.5859375 0.625
0.59375 0.625
0.6015625 0.6015625
0.609375 0.6015625
0.6015625 0.609375
0.609375 0.609375
0.6171875 0.6015625
0.625 0.6015625
0.6171875 0.609375
0.625 0.609375
0.6015625 0.6171875
0.609375 0.6171875
0.6015625 0.625
0.609375 0.625
0.6171875 0.6171875
0.625 0.6171875
0.6171875 0.625
0.625 0.625
0.6328125 0.5078125
0.640625 0.5078125
0.6328125 0.515625
0.640625 0.515625
0.6484375 0.5078125
0.65625 0.5078125
0.6484375 0.515625
0.65625 0.515625
0.6328125 0.5234375
0.640625 0.5234375
0.6328125 0.53125
0.640625 0.53125
0.6484375 0.5234375
0.65625 0.5234375
0.6484375 0.53125
0.65625 0.53125
0.6640625 0.5078125
0.671875 0.5078125
0.6640625 0.515625
0.671875 0.515625
0.6796875 0.5078125
0.6875 0.5078125
0.6796875 0.515625
0.6875 0.515625
0.6640625 0.5234375
0.671875 0.5234375
0.6640625 0.53125
0.671875 0.53125
0.6796875 0.5234375
0.6875 0.5234375
0.6796875 0.53125
0.6875 0.53125
0.6328125 0.5390625
0.640625 0.5390625
0.6328125 0.546875
0.640625 0.546875
0.6484375 0.5390625
0.65625 0.5390625
0.6484375 0.546875
0.65625 0.546875
0.6328125 0.5546875
0.640625 0.5546875
0.6328125 0.5625
0.640625 0.5625
0.6484375 0.5546875
0.65625 0.5546875
0.6484375 0.5625
0.65625 0.5625
0.6640625 0.5390625
0.671875 0.5390625
0.6640625 0.546875
0.671875 0.546875
0.6796875 0.5390625
0.6875 0.5390625
0.6796875 0.546875
0.6875 0.546875
0.6640625 0.5546875
0.671875 0.5546875
0.6640625 0.5625
0.671875 0.5625
0.6796875 0.5546875
0.6875 0.5546875
0.6796875 0.5625
0.6875 0.5625
0.6953125 0.5078125
0.703125 0.5078125
0.6953125 0.515625
0.703125 0.515625
0.7109375 0.5078125
0.71875 0.5078125
0.7109375 0.515625
0.71875 0.515625
0.6953125 0.5234375
0.703125 0.5234375
0.6953125 0.53125
0.703125 0.53125
0.7109375 0.5234375
0.71875 0.5234375
0.7109375 0.53125
0.71875 0.53125
0.7265625 0.5078125
0.734375 0.5078125
0.7265625 0.515625
0.734375 0.515625
0.7421875 0.5078125
0.75 0.5078125
0.7421875 0.515625
0.75 0.515625
0.7265625 0.5234375
0.734375 0.5234375
0.7265625 0.53125
0.734375 0.53125
0.7421875 0.5234375
0.75 0.5234375
0.7421875 0.53125
0.75 0.53125
0.6953125 0.5390625
0.703125 0.5390625
0.6953125 0.546875
0.703125 0.546875
0.7109375 0.5390625
0.71875 0.5390625
0.7109375 0.546875
0.71875 0.546875
0.6953125 0.5546875
0.703125 0.5546875
0.6953125 0.5625
0.703125 0.5625
0.7109375 0.5546875
0.71875 0.5546875
0.7109375 0.5625
0.71875 0.5625
0.7265625 0.5390625
0.734375 0.5390625
0.7265625 0.546875
0.734375 0.546875
0.7421875 0.5390625
0.75 0.5390625
0.7421875 0.546875
0.75 0.546875
0.7265625 0.5546875
0.734375 0.5546875
0.7265625 0.5625
0.734375 0.5625
0.7421875 0.5546875
0.75 0.5546875
0.7421875 0.5625
0.75 0.5625
0.6328125 0.5703125
0.640625 0.5703125
0.6328125 0.578125
0.640625 0.578125
0.6484375 0.5703125
0.65625 0.5703125
0.6484375 0.578125
0.65625 0.578125
0.6328125 0.5859375
0.640625 0.5859375
0.6328125 0.59375
0.640625 0.59375
0.6484375 0.5859375
0.65625 0.5859375
0.6484375 0.59375
0.65625 0.59375
0.6640625 0.5703125
0.671875 0.5703125
0.6640625 0.578125
0.671875 0.578125
0.6796875 0.5703125
0.6875 0.5703125
0.6796875 0.578125
0.6875 0.578125
0.6640625 0.5859375
0.671875 0.5859375
0.6640625 0.59375
0.671875 0.59375
0.6796875 0.5859375
0.6875 0.5859375
0.6796875 0.59375
0.6875 0.59375
0.6328125 0.6015625
0.640625 0.6015625
0.6328125 0.609375
0.640625 0.609375
0.6484375 0.6015625
0.65625 0.6015625
0.6484375 0.609375
0.65625 0.609375
0.6328125 0.6171875
0.640625 0.6171875
0.6328125 0.625
0.640625 0.625
0.6484375 0.6171875
0.65625 0.6171875
0.6484375 0.625
0.65625 0.625
0.6640625 0.6015625
0.671875 0.6015625
0.6640625 0.609375
0.671875 0.609375
0.6796875 0.6015625
0.6875 0.6015625
0.6796875 0.609375
0.6875 0.609375
0.6640625 0.6171875
0.671875 0.6171875
0.6640625 0.625
0.671875 0.625
0.6796875 0.6171875
0.6875 0.6171875
0.6796875 0.625
0.6875 0.625
0.6953125 0.5703125
0.703125 0.5703125
0.6953125 0.578125
0.703125 0.578125
0.7109375 0.5703125
0.71875 0.5703125
0.7109375 0.578125
0.71875 0.578125
0.6953125 0.5859375
0.703125 0.5859375
0.6953125 0.59375
0.703125 0.59375
0.7109375 0.5859375
0.71875 0.5859375
0.7109375 0.59375
0.71875 0.59375
0.7265625 0.5703125
0.734375 0.5703125
0.7265625 0.578125
0.734375 0.578125
0.7421875 0.5703125
0.75 0.5703125
0.7421875 0.578125
0.75 0.578125
0.7265625 0.5859375
0.734375 0.5859375
0.7265625 0.59375
0.734375 0.59375
0.7421875 0.5859375
0.75 0.5859375
0.7421875 0.59375
0.75 0.59375
0.6953125 0.6015625
0.703125 0.6015625
0.6953125 0.609375
0.703125 0.609375
0.7109375 0.6015625
0.71875 0.6015625
0.7109375 0.609375
0.71875 0.609375
0.6953125 0.6171875
0.703125 0.6171875
0.6953125 0.625
0.703125 0.625
0.7109375 0.6171875
0.71875 0.6171875
0.7109375 0.625
0.71875 0.625
0.7265625 0.6015625
0.734375 0.6015625
0.7265625 0.609375
0.734375 0.609375
0.7421875 0.6015625
0.75 0.6015625
0.7421875 0.609375
0.75 0.609375
0.7265625 0.6171875
0.734375 0.6171875
0.7265625 0.625
0.734375 0.625
0.7421875 0.6171875
0.75 0.6171875
0.7421875 0.625
0.75 0.625
0.5078125 0.6328125
0.515625 0.6328125
0.5078125 0.640625
0.515625 0.640625
0.5234375 0.6328125
0.53125 0.6328125
0.5234375 0.640625
0.53125 0.640625
0.5078125 0.6484375
0.515625 0.6484375
0.5078125 0.65625
0.515625 0.65625
0.5234375 0.6484375
0.53125 0.6484375
0.5234375 0.65625
0.53125 0.65625
0.5390625 0.6328125
0.546875 0.6328125
0.5390625 0.640625
0.546875 0.640625
0.5546875 0.6328125
0.5625 0.6328125
0.5546875 0.640625
0.5625 0.640625
0.5390625 0.6484375
0.546875 0.6484375
0.5390625 0.65625
0.546875 0.65625
0.5546875 0.6484375
0.5625 0.6484375
0.5546875 0.65625
0.5625 0.65625
0.5078125 0.6640625
0.515625 0.6640625
0.5078125 0.671875
0.515625 0.671875
0.5234375 0.6640625
0.53125 0.6640625
0.5234375 0.671875
0.53125 0.671875
0.5078125 0.6796875
0.515625 0.6796875
0.5078125 0.6875
0.515625 0.6875
0.5234375 0.6796875
0.53125 0.6796875
0.5234375 0.6875
0.53125 0.6875
0.5390625 0.6640625
0.546875 0.6640625
0.5390625 0.671875
0.546875 0.671875
0.5546875 0.6640625
0.5625 0.6640625
0.5546875 0.671875
0.5625 0.671875
0.5390625 0.6796875
0.546875 0.6796875
0.5390625 0.6875
0.546875 0.6875
0.5546875 0.6796875
0.5625 0.6796875
0.5546875 0.6875
0.5625 0.6875
0.5703125 0.6328125
0.578125 0.6328125
0.5703125 0.640625
0.578125 0.640625
0.5859375 0.6328125
0.59375 0.6328125
0.5859375 0.640625
0.59375 0.640625
0.5703125 0.6484375
0.578125 0.6484375
0.5703125 0.65625
0.578125 0.65625
0.5859375 0.6484375
0.59375 0.6484375
0.5859375 0.65625
0.59375 0.65625
0.6015625 0.6328125
0.609375 0.6328125
0.6015625 0.640625
0.609375 0.640625
0.6171875 0.6328125
0.625 0.6328125
0.6171875 0.640625
0.625 0.640625
0.6015625 0.6484375
0.609375 0.6484375
0.6015625 0.65625
0.609375 0.65625
0.6171875 0.6484375
0.625 0.6484375
0.6171875 0.65625
0.625 0.65625
0.5703125 0.6640625
0.578125 0.6640625
0.5703125 0.671875
0.578125 0.671875
0.5859375 0.6640625
0.59375 0.6640625
0.5859375 0.671875
0.59375 0.671875
0.5703125 0.6796875
0.578125 0.6796875
0.5703125 0.6875
0.578125 0.6875
0.5859375 0.6796875
0.59375 0.6796875
0.5859375 0.6875
0.59375 0.6875
0.6015625 0.6640625
0.609375 0.6640625
0.6015625 0.671875
0.609375 0.671875
0.6171875 0.6640625
0.625 0.6640625
0.6171875 0.671875
0.625 0.671875
0.6015625 0.6796875
0.609375 0.6796875
0.6015625 0.6875
0.609375 0.6875
0.6171875 0.6796875
0.625 0.6796875
0.6171875 0.6875
0.625 0.6875
0.5078125 0.6953125
0.515625 0.6953125
0.5078125 0.703125
0.515625 0.703125
0.5234375 0.6953125
0.53125 0.6953125
0.5234375 0.703125
0.53125 0.703125
0.5078125 0.7109375
0.515625 0.7109375
0.5078125 0.71875
0.515625 0.71875
0.5234375 0.7109375
0.53125 0.7109375
0.5234375 0.71875
0.53125 0.71875
0.5390625 0.6953125
0.546875 0.6953125
0.5390625 0.703125
0.546875 0.703125
0.5546875 0.6953125
0.5625 0.6953125
0.5546875 0.703125
0.5625 0.703125
0.5390625 0.7109375
0.546875 0.7109375
0.5390625 0.71875
0.546875 0.71875
0.5546875 0.7109375
0.5625 0.7109375
0.5546875 0.71875
0.5625 0.71875
0.5078125 0.7265625
0.515625 0.7265625
0.5078125 0.734375
0.515625 0.734375
0.5234375 0.7265625
0.53125 0.7265625
0.5234375 0.734375
0.53125 0.734375
0.5078125 0.7421875
0.515625 0.7421875
0.5078125 0.75
0.515625 0.75
0.5234375 0.7421875
0.53125 0.7421875
0.5234375 0.75
0.53125 0.75
0.5390625 0.7265625
0.546875 0.7265625
0.5390625 0.734375
0.546875 0.734375
0.5546875 0.7265625
0.5625 0.7265625
0.5546875 0.734375
0.5625 0.734375
0.5390625 0.7421875
0.546875 0.7421875
0.5390625 0.75
0.546875 0.75
0.5546875 0.7421875
0.5625 0.7421875
0.5546875 0.75
0.5625 0.75
0.5703125 0.6953125
0.578125 0.6953125
0.5703125 0.703125
0.578125 0.703125
0.5859375 0.6953125
0.59375 0.6953125
0.5859375 0.703125
0.59375 0.703125
0.5703125 0.7109375
0.578125 0.7109375
0.5703125 0.71875
0.578125 0.71875
0.5859375 0.7109375
0.59375 0.7109375
0.5859375 0.71875
0.59375 0.71875
0.6015625 0.6953125
0.609375 0.6953125
0.6015625 0.703125
0.609375 0.703125
0.6171875 0.6953125
0.625 0.6953125
0.6171875 0.703125
0.625 0.703125
0.6015625 0.7109375
0.609375 0.7109375
0.6015625 0.71875
0.609375 0.71875
0.6171875 0.7109375
0.625 0.7109375
0.6171875 0.71875
0.625 0.71875
0.5703125 0.7265625
0.578125 0.7265625
0.5703125 0.734375
0.578125 0.734375
0.5859375 0.7265625
0.59375 0.7265625
0.5859375 0.734375
0.59375 0.734375
0.5703125 0.7421875
0.578125 0.7421875
0.5703125 0.75
0.578125 0.75
0.5859375 0.7421875
0.59375 0.7421875
0.5859375 0.75
0.59375 0.75
0.6015625 0.7265625
0.609375 0.7265625
0.6015625 0.734375
0.609375 0.734375
0.6171875 0.7265625
0.625 0.7265625
0.6171875 0.734375
0.625 0.734375
0.6015625 0.7421875
0.609375 0.7421875
0.6015625 0.75
0.609375 0.75
0.6171875 0.7421875
0.625 0.7421875
0.6171875 0.75
0.625 0.75
0.6328125 0.6328125
0.640625 0.6328125
0.6328125 0.640625
0.640625 0.640625
0.6484375 0.6328125
0.65625 0.6328125
0.6484375 0.640625
0.65625 0.640625
0.6328125 0.6484375
0.640625 0.6484375
0.6328125 0.65625
0.640625 0.65625
0.6484375 0.6484375
0.65625 0.6484375
0.6484375 0.65625
0.65625 0.65625
0.6640625 0.6328125
0.671875 0.6328125
0.6640625 0.640625
0.671875 0.640625
0.6796875 0.6328125
0.6875 0.6328125
0.6796875 0.640625
0.6875 0.640625
0.6640625 0.6484375
0.671875 0.6484375
0.6640625 0.65625
0.671875 0.65625
0.6796875 0.6484375
0.6875 0.6484375
0.6796875 0.65625
0.6875 0.65625
0.6328125 0.6640625
0.640625 0.6640625
0.6328125 0.671875
0.640625 0.671875
0.6484375 0.6640625
0.65625 0.6640625
0.6484375 0.671875
0.65625 0.671875
0.6328125 0.6796875
0.640625 0.6796875
0.6328125 0.6875
0.640625 0.6875
0.6484375 0.6796875
0.65625 0.6796875
0.6484375 0.6875
0.65625 0.6875
0.6640625 0.6640625
0.671875 0.6640625
0.6640625 0.671875
0.671875 0.671875
0.6796875 0.6640625
0.6875 0.6640625
0.6796875 0.671875
0.6875 0.671875
0.6640625 0.6796875
0.671875 0.6796875
0.6640625 0.6875
0.671875 0.6875
0.6796875 0.6796875
0.6875 0.6796875
0.6796875 0.6875
0.6875 0.6875
0.6953125 0.6328125
0.703125 0.6328125
0.6953125 0.640625
0.703125 0.640625
0.7109375 0.6328125
0.71875 0.6328125
0.7109375 0.640625
0.71875 0.640625
0.6953125 0.6484375
0.703125 0.6484375
0.6953125 0.65625
0.703125 0.65625
0.7109375 0.6484375
0.71875 0.6484375
0.7109375 0.65625
0.71875 0.65625
0.7265625 0.6328125
0.734375 0.6328125
0.7265625 0.640625
0.734375 0.640625
0.7421875 0.6328125
0.75 0.6328125
0.7421875 0.640625
0.75 0.640625
0.7265625 0.6484375
0.734375 0.6484375
0.7265625 0.65625
0.734375 0.65625
0.7421875 0.6484375
0.75 0.6484375
0.7421875 0.65625
0.75 0.65625
0.6953125 0.6640625
0.703125 0.6640625
0.6953125 0.671875
0.703125 0.671875
0.7109375 0.6640625
0.71875 0.6640625
0.7109375 0.671875
0.71875 0.671875
0.6953125 0.6796875
0.703125 0.6796875
0.6953125 0.6875
0.703125 0.6875
0.7109375 0.6796875
0.71875 0.6796875
0.7109375 0.6875
0.71875 0.6875
0.7265625 0.6640625
0.734375 0.6640625
0.7265625 0.671875
0.734375 0.671875
0.7421875 0.6640625
0.75 0.6640625
0.7421875 0.671875
0.75 0.671875
0.7265625 0.6796875
0.734375 0.6796875
0.7265625 0.6875
0.734375 0.6875
0.7421875 0.6796875
0.75 0.6796875
0.7421875 0.6875
0.75 0.6875
0.6328125 0.6953125
0.640625 0.6953125
0.6328125 0.703125
0.640625 0.703125
0.6484375 0.6953125
0.65625 0.6953125
0.6484375 0.703125
0.65625 0.703125
0.6328125 0.7109375
0.640625 0.7109375
0.6328125 0.71875
0.640625 0.71875
0.6484375 0.7109375
0.65625 0.7109375
0.6484375 0.71875
0.65625 0.71875
0.6640625 0.6953125
0.671875 0.6953125
0.6640625 0.703125
0.671875 0.703125
0.6796875 0.6953125
0.6875 0.6953125
0.6796875 0.703125
0.6875 0.703125
0.6640625 0.7109375
0.671875 0.7109375
0.6640625 0.71875
0.671875 0.71875
0.6796875 0.7109375
0.6875 0.7109375
0.6796875 0.71875
0.6875 0.71875
0.6328125 0.7265625
0.640625 0.7265625
0.6328125 0.734375
0.640625 0.734375
0.6484375 0.7265625
0.65625 0.7265625
0.6484375 0.734375
0.65625 0.734375
0.6328125 0.7421875
0.640625 0.7421875
0.6328125 0.75
0.640625 0.75
0.6484375 0.7421875
0.65625 0.7421875
0.6484375 0.75
0.65625 0.75
0.6640625 0.7265625
0.671875 0.7265625
0.6640625 0.734375
0.671875 0.734375
0.6796875 0.7265625
0.6875 0.7265625
0.6796875 0.734375
0.6875 0.734375
0.6640625 0.7421875
0.671875 0.7421875
0.6640625 0.75
0.671875 0.75
0.6796875 0.7421875
0.6875 0.7421875
0.6796875 0.75
0.6875 0.75
0.6953125 0.6953125
0.703125 0.6953125
0.6953125 0.703125
0.703125 0.703125
0.7109375 0.6953125
0.71875 0.6953125
0.7109375 0.703125
0.71875 0.703125
0.6953125 0.7109375
0.703125 0.7109375
0.6953125 0.71875
0.703125 0.71875
0.7109375 0.7109375
0.71875 0.7109375
0.7109375 0.71875
0.71875 0.71875
0.7265625 0.6953125
0.734375 0.6953125
0.7265625 0.703125
0.734375 0.703125
0.7421875 0.6953125
0.75 0.6953125
0.7421875 0.703125
0.75 0.703125
0.7265625 0.7109375
0.734375 0.7109375
0.7265625 0.71875
0.734375 0.71875
0.7421875 0.7109375
0.75 0.7109375
0.7421875 0.71875
0.75 0.71875
0.6953125 0.7265625
0.703125 0.7265625
0.6953125 0.734375
0.703125 0.734375
0.7109375 0.7265625
0.71875 0.7265625
0.7109375 0.734375
0.71875 0.734375
0.6953125 0.7421875
0.703125 0.7421875
0.6953125 0.75
0.703125 0.75
0.7109375 0.7421875
0.71875 0.7421875
0.7109375 0.75
0.71875 0.75
0.7265625 0.7265625
0.734375 0.7265625
0.7265625 0.734375
0.734375 0.734375
0.7421875 0.7265625
0.75 0.7265625
0.7421875 0.734375
0.75 0.734375
0.7265625 0.7421875
0.734375 0.7421875
0.7265625 0.75
0.734375 0.75
0.7421875 0.7421875
0.75 0.7421875
0.7421875 0.75
0.75 0.75
0.5078125 0.7578125
0.515625 0.7578125
0.5078125 0.765625
0.515625 0.765625
0.5234375 0.7578125
0.53125 0.7578125
0.5234375 0.765625
0.53125 0.765625
0.5078125 0.7734375
0.515625 0.7734375
0.5078125 0.78125
0.515625 0.78125
0.5234375 0.7734375
0.53125 0.7734375
0.5234375 0.78125
0.53125 0.78125
0.5390625 0.7578125
0.546875 0.7578125
0.5390625 0.765625
0.546875 0.765625
0.5546875 0.7578125
0.5625 0.7578125
0.5546875 0.765625
0.5625 0.765625
0.5390625 0.7734375
0.546875 0.7734375
0.5390625 0.78125
0.546875 0.78125
0.5546875 0.7734375
0.5625 0.7734375
0.5546875 0.78125
0.5625 0.78125
0.5078125 0.7890625
0.515625 0.7890625
0.5078125 0.796875
0.515625 0.796875
0.5234375 0.7890625
0.53125 0.7890625
0.5234375 0.796875
0.53125 0.796875
0.5078125 0.8046875
0.515625 0.8046875
0.5078125 0.8125
0.515625 0.8125
0.5234375 0.8046875
0.53125 0.8046875
0.5234375 0.8125
0.53125 0.8125
0.5390625 0.7890625
0.546875 0.7890625
0.5390625 0.796875
0.546875 0.796875
0.5546875 0.7890625
0.5625 0.7890625
0.5546875 0.796875
0.5625 0.796875
0.5390625 0.8046875
0.546875 0.8046875
0.5390625 0.8125
0.546875 0.8125
0.5546875 0.8046875
0.5625 0.8046875
0.5546875 0.8125
0.5625 0.8125
0.5703125 0.7578125
0.578125 0.7578125
0.5703125 0.765625
0.578125 0.765625
0.5859375 0.7578125
0.59375 0.7578125
0.5859375 0.765625
0.59375 0.765625
0.5703125 0.7734375
0.578125 0.7734375
0.5703125 0.78125
0.578125 0.78125
0.5859375 0.7734375
0.59375 0.7734375
0.5859375 0.78125
0.59375 0.78125
0.6015625 0.7578125
0.609375 0.7578125
0.6015625 0.765625
0.609375 0.765625
0.6171875 0.7578125
0.625 0.7578125
0.6171875 0.765625
0.625 0.765625
0.6015625 0.7734375
0.609375 0.7734375
0.6015625 0.78125
0.609375 0.78125
0.6171875 0.7734375
0.625 0.7734375
0.6171875 0.78125
0.625 0.78125
0.5703125 0.7890625
0.578125 0.7890625
0.5703125 0.796875
0.578125 0.796875
0.5859375 0.7890625
0.59375 0.7890625
0.5859375 0.796875
0.59375 0.796875
0.5703125 0.8046875
0.578125 0.8046875
0.5703125 0.8125
0.578125 0.8125
0.5859375 0.8046875
0.59375 0.8046875
0.5859375 0.8125
0.59375 0.8125
0.6015625 0.7890625
0.609375 0.7890625
0.6015625 0.796875
0.609375 0.796875
0.6171875 0.7890625
0.625 0.7890625
0.6171875 0.796875
0.625 0.796875
0.6015625 0.8046875
0.609375 0.8046875
0.6015625 0.8125
0.609375 0.8125
0.6171875 0.8046875
0.625 0.8046875
0.6171875 0.8125
0.625 0.8125
0.5078125 0.8203125
0.515625 0.8203125
0.5078125 0.828125
0.515625 0.828125
0.5234375 0.8203125
0.53125 0.8203125
0.5234375 0.828125
0.53125 0.828125
0.5078125 0.8359375
0.515625 0.8359375
0.5078125 0.84375
0.515625 0.84375
0.5234375 0.8359375
0.53125 0.8359375
0.5234375 0.84375
0.53125 0.84375
0.5390625 0.8203125
0.546875 0.8203125
0.5390625 0.828125
0.546875 0.828125
0.5546875 0.8203125
0.5625 0.8203125
0.5546875 0.828125
0.5625 0.828125
0.5390625 0.8359375
0.546875 0.8359375
0.5390625 0.84375
0.546875 0.84375
0.5546875 0.8359375
0.5625 0.8359375
0.5546875 0.84375
0.5625 0.84375
0.5078125 0.8515625
0.515625 0.8515625
0.5078125 0.859375
0.515625 0.859375
0.5234375 0.8515625
0.53125 0.8515625
0.5234375 0.859375
0.53125 0.859375
0.5078125 0.8671875
0.515625 0.8671875
0.5078125 0.875
0.515625 0.875
0.5234375 0.8671875
0.53125 0.8671875
0.5234375 0.875
0.53125 0.875
0.5390625 0.8515625
0.546875 0.8515625
0.5390625 0.859375
0.546875 0.859375
0.5546875 0.8515625
0.5625 0.8515625
0.5546875 0.859375
0.5625 0.859375
0.5390625 0.8671875
0.546875 0.8671875
0.5390625 0.875
0.546875 0.875
0.5546875 0.8671875
0.5625 0.8671875
0.5546875 0.875
0.5625 0.875
0.5703125 0.8203125
0.578125 0.8203125
0.5703125 0.828125
0.578125 0.828125
0.5859375 0.8203125
0.59375 0.8203125
0.5859375 0.828125
0.59375 0.828125
0.5703125 0.8359375
0.578125 0.8359375
0.5703125 0.84375
0.578125 0.84375
0.5859375 0.8359375
0.59375 0.8359375
0.5859375 0.84375
0.59375 0.84375
0.6015625 0.8203125
0.609375 0.8203125
0.6015625 0.828125
0.609375 0.828125
0.6171875 0.8203125
0.625 0.8203125
0.6171875 0.828125
0.625 0.828125
0.6015625 0.8359375
0.609375 0.8359375
0.6015625 0.84375
0.609375 0.84375
0.6171875 0.8359375
0.625 0.8359375
0.6171875 0.84375
0.625 0.84375
0.5703125 0.8515625
0.578125 0.8515625
0.5703125 0.859375
0.578125 0.859375
0.5859375 0.8515625
0.59375 0.8515625
0.5859375 0.859375
0.59375 0.859375
0.5703125 0.8671875
0.578125 0.8671875
0.5703125 0.875
0.578125 0.875
0.5859375 0.8671875
0.59375 0.8671875
0.5859375 0.875
0.59375 0.875
0.6015625 0.8515625
0.609375 0.8515625
0.6015625 0.859375
0.609375 0.859375
0.6171875 0.8515625
0.625 0.8515625
0.6171875 0.859375
0.625 0.859375
0.6015625 0.8671875
0.609375 0.8671875
0.6015625 0.875
0.609375 0.875
0.6171875 0.8671875
0.625 0.8671875
0.6171875 0.875
0.625 0.875
0.6328125 0.7578125
0.640625 0.7578125
0.6328125 0.765625
0.640625 0.765625
0.6484375 0.7578125
0.65625 0.7578125
0.6484375 0.765625
0.65625 0.765625
0.6328125 0.7734375
0.640625 0.7734375
0.6328125 0.78125
0.640625 0.78125
0.6484375 0.7734375
0.65625 0.7734375
0.6484375 0.78125
0.65625 0.78125
0.6640625 0.7578125
0.671875 0.7578125
0.6640625 0.765625
0.671875 0.765625
0.6796875 0.7578125
0.6875 0.7578125
0.6796875 0.765625
0.6875 0.765625
0.6640625 0.7734375
0.671875 0.7734375
0.6640625 0.78125
0.671875 0.78125
0.6796875 0.7734375
0.6875 0.7734375
0.6796875 0.78125
0.6875 0.78125
0.6328125 0.7890625
0.640625 0.7890625
0.6328125 0.796875
0.640625 0.796875
0.6484375 0.7890625
0.65625 0.7890625
0.6484375 0.796875
0.65625 0.796875
0.6328125 0.8046875
0.640625 0.8046875
0.6328125 0.8125
0.640625 0.8125
0.6484375 0.8046875
0.65625 0.8046875
0.6484375 0.8125
0.65625 0.8125
0.6640625 0.7890625
0.671875 0.7890625
0.6640625 0.796875
0.671875 0.796875
0.6796875 0.7890625
0.6875 0.7890625
0.6796875 0.796875
0.6875 0.796875
0.6640625 0.8046875
0.671875 0.8046875
0.6640625 0.8125
0.671875 0.8125
0.6796875 0.8046875
0.6875 0.8046875
0.6796875 0.8125
0.6875 0.8125
0.6953125 0.7578125
0.703125 0.7578125
0.6953125 0.765625
0.703125 0.765625
0.7109375 0.7578125
0.71875 0.7578125
0.7109375 0.765625
0.71875 0.765625
0.6953125 0.7734375
0.703125 0.7734375
0.6953125 0.78125
0.703125 0.78125
0.7109375 0.7734375
0.71875 0.7734375
0.7109375 0.78125
0.71875 0.78125
0.7265625 0.7578125
0.734375 0.7578125
0.7265625 0.765625
0.734375 0.765625
0.7421875 0.7578125
0.75 0.7578125
0.7421875 0.765625
0.75 0.765625
0.7265625 0.7734375
0.734375 0.7734375
0.7265625 0.78125
0.734375 0.78125
0.7421875 0.7734375
0.75 0.7734375
0.7421875 0.78125
0.75 0.78125
0.6953125 0.7890625
0.703125 0.7890625
0.6953125 0.796875
0.703125 0.796875
0.7109375 0.7890625
0.71875 0.7890625
0.7109375 0.796875
0.71875 0.796875
0.6953125 0.8046875
0.703125 0.8046875
0.6953125 0.8125
0.703125 0.8125
0.7109375 0.8046875
0.71875 0.8046875
0.7109375 0.8125
0.71875 0.8125
0.7265625 0.7890625
0.734375 0.7890625
0.7265625 0.796875
0.734375 0.796875
0.7421875 0.7890625
0.75 0.7890625
0.7421875 0.796875
0.75 0.796875
0.7265625 0.8046875
0.734375 0.8046875
0.7265625 0.8125
0.734375 0.8125
0.7421875 0.8046875
0.75 0.8046875
0.7421875 0.8125
0.75 0.8125
0.6328125 0.8203125
0.640625 0.8203125
0.6328125 0.828125
0.640625 0.828125
0.6484375 0.8203125
0.65625 0.8203125
0.6484375 0.828125
0.65625 0.828125
0.6328125 0.8359375
0.640625 0.8359375
0.6328125 0.84375
0.640625 0.84375
0.6484375 0.8359375
0.65625 0.8359375
0.6484375 0.84375
0.65625 0.84375
0.6640625 0.8203125
0.671875 0.8203125
0.6640625 0.828125
0.671875 0.828125
0.6796875 0.8203125
0.6875 0.8203125
0.6796875 0.828125
0.6875 0.828125
0.6640625 0.8359375
0.671875 0.8359375
0.6640625 0.84375
0.671875 0.84375
0.6796875 0.8359375
0.6875 0.8359375
0.6796875 0.84375
0.6875 0.84375
0.6328125 0.8515625
0.640625 0.8515625
0.6328125 0.859375
0.640625 0.859375
0.6484375 0.8515625
0.65625 0.8515625
0.6484375 0.859375
0.65625 0.859375
0.6328125 0.8671875
0.640625 0.8671875
0.6328125 0.875
0.640625 0.875
0.6484375 0.8671875
0.65625 0.8671875
0.6484375 0.875
0.65625 0.875
0.6640625 0.8515625
0.671875 0.8515625
0.6640625 0.859375
0.671875 0.859375
0.6796875 0.8515625
0.6875 0.8515625
0.6796875 0.859375
0.6875 0.859375
0.6640625 0.8671875
0.671875 0.8671875
0.6640625 0.875
0.671875 0.875
0.6796875 0.8671875
0.6875 0.8671875
0.6796875 0.875
0.6875 0.875
0.6953125 0.8203125
0.703125 0.8203125
0.6953125 0.828125
0.703125 0.828125
0.7109375 0.8203125
0.71875 0.8203125
0.7109375 0.828125
0.71875 0.828125
0.6953125 0.8359375
0.703125 0.8359375
0.6953125 0.84375
0.703125 0.84375
0.7109375 0.8359375
0.71875 0.8359375
0.7109375 0.84375
0.71875 0.84375
0.7265625 0.8203125
0.734375 0.8203125
0.7265625 0.828125
0.734375 0.828125
0.7421875 0.8203125
0.75 0.8203125
0.7421875 0.828125
0.75 0.828125
0.7265625 0.8359375
0.734375 0.8359375
0.7265625 0.84375
0.734375 0.84375
0.7421875 0.8359375
0.75 0.8359375
0.7421875 0.84375
0.75 0.84375
0.6953125 0.8515625
0.703125 0.8515625
0.6953125 0.859375
0.703125 0.859375
0.7109375 0.8515625
0.71875 0.8515625
0.7109375 0.859375
0.71875 0.859375
0.6953125 0.8671875
0.703125 0.8671875
0.6953125 0.875
0.703125 0.875
0.7109375 0.8671875
0.71875 0.8671875
0.7109375 0.875
0.71875 0.875
0.7265625 0.8515625
0.734375 0.8515625
0.7265625 0.859375
0.734375 0.859375
0.7421875 0.8515625
0.75 0.8515625
0.7421875 0.859375
0.75 0.859375
0.7265625 0.8671875
0.734375 0.8671875
0.7265625 0.875
0.734375 0.875
0.7421875 0.8671875
0.75 0.8671875
0.7421875 0.875
0.75 0.875
0.5078125 0.8828125
0.515625 0.8828125
0.5078125 0.890625
0.515625 0.890625
0.5234375 0.8828125
0.53125 0.8828125
0.5234375 0.890625
0.53125 0.890625
0.5078125 0.8984375
0.515625 0.8984375
0.5078125 0.90625
0.515625 0.90625
0.5234375 0.8984375
0.53125 0.8984375
0.5234375 0.90625
0.53125 0.90625
0.5390625 0.8828125
0.546875 0.8828125
0.5390625 0.890625
0.546875 0.890625
0.5546875 0.8828125
0.5625 0.8828125
0.5546875 0.890625
0.5625 0.890625
0.5390625 0.8984375
0.546875 0.8984375
0.5390625 0.90625
0.546875 0.90625
0.5546875 0.8984375
0.5625 0.8984375
0.5546875 0.90625
0.5625 0.90625
0.5078125 0.9140625
0.515625 0.9140625
0.5078125 0.921875
0.515625 0.921875
0.5234375 0.9140625
0.53125 0.9140625
0.5234375 0.921875
0.53125 0.921875
0.5078125 0.9296875
0.515625 0.9296875
0.5078125 0.9375
0.515625 0.9375
0.5234375 0.9296875
0.53125 0.9296875
0.5234375 0.9375
0.53125 0.9375
0.5390625 0.9140625
0.546875 0.9140625
0.5390625 0.921875
0.546875 0.921875
0.5546875 0.9140625
0.5625 0.9140625
0.5546875 0.921875
0.5625 0.921875
0.5390625 0.9296875
0.546875 0.9296875
0.5390625 0.9375
0.546875 0.9375
0.5546875 0.9296875
0.5625 0.9296875
0.5546875 0.9375
0.5625 0.9375
0.5703125 0.8828125
0.578125 0.8828125
0.5703125 0.890625
0.578125 0.890625
0.5859375 0.8828125
0.59375 0.8828125
0.5859375 0.890625
0.59375 0.890625
0.5703125 0.8984375
0.578125 0.8984375
0.5703125 0.90625
0.578125 0.90625
0.5859375 0.8984375
0.59375 0.8984375
0.5859375 0.90625
0.59375 0.90625
0.6015625 0.8828125
0.609375 0.8828125
0.6015625 0.890625
0.609375 0.890625
0.6171875 0.8828125
0.625 0.8828125
0.6171875 0.890625
0.625 0.890625
0.6015625 0.8984375
0.609375 0.8984375
0.6015625 0.90625
0.609375 0.90625
0.6171875 0.8984375
0.625 0.8984375
0.6171875 0.90625
0.625 0.90625
0.5703125 0.9140625
0.578125 0.9140625
0.5703125 0.921875
0.578125 0.921875
0.5859375 0.9140625
0.59375 0.9140625
0.5859375 0.921875
0.59375 0.921875
0.5703125 0.9296875
0.578125 0.9296875
0.5703125 0.9375
0.578125 0.9375
0.5859375 0.9296875
0.59375 0.9296875
0.5859375 0.9375
0.59375 0.9375
0.6015625 0.9140625
0.609375 0.9140625
0.6015625 0.921875
0.609375 0.921875
0.6171875 0.9140625
0.625 0.9140625
0.6171875 0.921875
0.625 0.921875
0.6015625 0.9296875
0.609375 0.9296875
0.6015625 0.9375
0.609375 0.9375
0.6171875 0.9296875
0.625 0.9296875
0.6171875 0.9375
0.625 0.9375
0.5078125 0.9453125
0.515625 0.9453125
0.5078125 0.953125
0.515625 0.953125
0.5234375 0.9453125
0.53125 0.9453125
0.5234375 0.953125
0.53125 0.953125
0.5078125 0.9609375
0.515625 0.9609375
0.5078125 0.96875
0.515625 0.96875
0.5234375 0.9609375
0.53125 0.9609375
0.5234375 0.96875
0.53125 0.96875
0.5390625 0.9453125
0.546875 0.9453125
0.5390625 0.953125
0.546875 0.953125
0.5546875 0.9453125
0.5625 0.9453125
0.5546875 0.953125
0.5625 0.953125
0.5390625 0.9609375
0.546875 0.9609375
0.5390625 0.96875
0.546875 0.96875
0.5546875 0.9609375
0.5625 0.9609375
0.5546875 0.96875
0.5625 0.96875
0.5078125 0.9765625
0.515625 0.9765625
0.5078125 0.984375
0.515625 0.984375
0.5234375 0.9765625
0.53125 0.9765625
0.5234375 0.984375
0.53125 0.984375
0.5078125 0.9921875
0.515625 0.9921875
0.5078125 1
0.515625 1
0.5234375 0.9921875
0.53125 0.9921875
0.5234375 1
0.53125 1
0.5390625 0.9765625
0.546875 0.9765625
0.5390625 0.984375
0.546875 0.984375
0.5546875 0.9765625
0.5625 0.9765625
0.5546875 0.984375
0.5625 0.984375
0.5390625 0.9921875
0.546875 0.9921875
0.5390625 1
0.546875 1
0.5546875 0.9921875
0.5625 0.9921875
0.5546875 1
0.5625 1
0.5703125 0.9453125
0.578125 0.9453125
0.5703125 0.953125
0.578125 0.953125
0.5859375 0.9453125
0.59375 0.9453125
0.5859375 0.953125
0.59375 0.953125
0.5703125 0.9609375
0.578125 0.9609375
0.5703125 0.96875
0.578125 0.96875
0.5859375 0.9609375
0.59375 0.9609375
0.5859375 0.96875
0.59375 0.96875
0.6015625 0.9453125
0.609375 0.9453125
0.6015625 0.953125
0.609375 0.953125
0.6171875 0.9453125
0.625 0.9453125
0.6171875 0.953125
0.625 0.953125
0.6015625 0.9609375
0.609375 0.9609375
0.6015625 0.96875
0.609375 0.96875
0.6171875 0.9609375
0.625 0.9609375
0.6171875 0.96875
0.625 0.96875
0.5703125 0.9765625
0.578125 0.9765625
0.5703125 0.984375
0.578125 0.984375
0.5859375 0.9765625
0.59375 0.9765625
0.5859375 0.984375
0.59375 0.984375
0.5703125 0.9921875
0.578125 0.9921875
0.5703125 1
0.578125 1
0.5859375 0.9921875
0.59375 0.9921875
0.5859375 1
0.59375 1
0.6015625 0.9765625
0.609375 0.9765625
0.6015625 0.984375
0.609375 0.984375
0.6171875 0.9765625
0.625 0.9765625
0.6171875 0.984375
0.625 0.984375
0.6015625 0.9921875
0.609375 0.9921875
0.6015625 1
0.609375 1
0.6171875 0.9921875
0.625 0.9921875
0.6171875 1
0.625 1
0.6328125 0.8828125
0.640625 0.8828125
0.6328125 0.890625
0.640625 0.890625
0.6484375 0.8828125
0.65625 0.8828125
0.6484375 0.890625
0.65625 0.890625
0.6328125 0.8984375
0.640625 0.8984375
0.6328125 0.90625
0.640625 0.90625
0.6484375 0.8984375
0.65625 0.8984375
0.6484375 0.90625
0.65625 0.90625
0.6640625 0.8828125
0.671875 0.8828125
0.6640625 0.890625
0.671875 0.890625
0.6796875 0.8828125
0.6875 0.8828125
0.6796875 0.890625
0.6875 0.890625
0.6640625 0.8984375
0.671875 0.8984375
0.6640625 0.90625
0.671875 0.90625
0.6796875 0.8984375
0.6875 0.8984375
0.6796875 0.90625
0.6875 0.90625
0.6328125 0.9140625
0.640625 0.9140625
0.6328125 0.921875
0.640625 0.921875
0.6484375 0.9140625
0.65625 0.9140625
0.6484375 0.921875
0.65625 0.921875
0.6328125 0.9296875
0.640625 0.9296875
0.6328125 0.9375
0.640625 0.9375
0.6484375 0.9296875
0.65625 0.9296875
0.6484375 0.9375
0.65625 0.9375
0.6640625 0.9140625
0.671875 0.9140625
0.6640625 0.921875
0.671875 0.921875
0.6796875 0.9140625
0.6875 0.9140625
0.6796875 0.921875
0.6875 0.921875
0.6640625 0.9296875
0.671875 0.9296875
0.6640625 0.9375
0.671875 0.9375
0.6796875 0.9296875
0.6875 0.9296875
0.6796875 0.9375
0.6875 0.9375
0.6953125 0.8828125
0.703125 0.8828125
0.6953125 0.890625
0.703125 0.890625
0.7109375 0.8828125
0.71875 0.8828125
0.7109375 0.890625
0.71875 0.890625
0.6953125 0.8984375
0.703125 0.8984375
0.6953125 0.90625
0.703125 0.90625
0.7109375 0.8984375
0.71875 0.8984375
0.7109375 0.90625
0.71875 0.90625
0.7265625 0.8828125
0.734375 0.8828125
0.7265625 0.890625
0.734375 0.890625
0.7421875 0.8828125
0.75 0.8828125
0.7421875 0.890625
0.75 0.890625
0.7265625 0.8984375
0.734375 0.8984375
0.7265625 0.90625
0.734375 0.90625
0.7421875 0.8984375
0.75 0.8984375
0.7421875 0.90625
0.75 0.90625
0.6953125 0.9140625
0.703125 0.9140625
0.6953125 0.921875
0.703125 0.921875
0.7109375 0.9140625
0.71875 0.9140625
0.7109375 0.921875
0.71875 0.921875
0.6953125 0.9296875
0.703125 0.9296875
0.6953125 0.9375
0.703125 0.9375
0.7109375 0.9296875
0.71875 0.9296875
0.7109375 0.9375
0.71875 0.9375
0.7265625 0.9140625
0.734375 0.9140625
0.7265625 0.921875
0.734375 0.921875
0.7421875 0.9140625
0.75 0.9140625
0.7421875 0.921875
0.75 0.921875
0.7265625 0.9296875
0.734375 0.9296875
0.7265625 0.9375
0.734375 0.9375
0.7421875 0.9296875
0.75 0.9296875
0.7421875 0.9375
0.75 0.9375
0.6328125 0.9453125
0.640625 0.9453125
0.6328125 0.953125
0.640625 0.953125
0.6484375 0.9453125
0.65625 0.9453125
0.6484375 0.953125
0.65625 0.953125
0.6328125 0.9609375
0.640625 0.9609375
0.6328125 0.96875
0.640625 0.96875
0.6484375 0.9609375
0.65625 0.9609375
0.6484375 0.96875
0.65625 0.96875
0.6640625 0.9453125
0.671875 0.9453125
0.6640625 0.953125
0.671875 0.953125
0.6796875 0.9453125
0.6875 0.9453125
0.6796875 0.953125
0.6875 0.953125
0.6640625 0.9609375
0.671875 0.9609375
0.6640625 0.96875
0.671875 0.96875
0.6796875 0.9609375
0.6875 0.9609375
0.6796875 0.96875
0.6875 0.96875
0.6328125 0.9765625
0.640625 0.9765625
0.6328125 0.984375
0.640625 0.984375
0.6484375 0.9765625
0.65625 0.9765625
0.6484375 0.984375
0.65625 0.984375
0.6328125 0.9921875
0.640625 0.9921875
0.6328125 1
0.640625 1
0.6484375 0.9921875
0.65625 0.9921875
0.6484375 1
0.65625 1
0.6640625 0.9765625
0.671875 0.9765625
0.6640625 0.984375
0.671875 0.984375
0.6796875 0.9765625
0.6875 0.9765625
0.6796875 0.984375
0.6875 0.984375
0.6640625 0.9921875
0.671875 0.9921875
0.6640625 1
0.671875 1
0.6796875 0.9921875
0.6875 0.9921875
0.6796875 1
0.6875 1
0.6953125 0.9453125
0.703125 0.9453125
0.6953125 0.953125
0.703125 0.953125
0.7109375 0.9453125
0.71875 0.9453125
0.7109375 0.953125
0.71875 0.953125
0.6953125 0.9609375
0.703125 0.9609375
0.6953125 0.96875
0.703125 0.96875
0.7109375 0.9609375
0.71875 0.9609375
0.7109375 0.96875
0.71875 0.96875
0.7265625 0.9453125
0.734375 0.9453125
0.7265625 0.953125
0.734375 0.953125
0.7421875 0.9453125
0.75 0.9453125
0.7421875 0.953125
0.75 0.953125
0.7265625 0.9609375
0.734375 0.9609375
0.7265625 0.96875
0.734375 0.96875
0.7421875 0.9609375
0.75 0.9609375
0.7421875 0.96875
0.75 0.96875
0.6953125 0.9765625
0.703125 0.9765625
0.6953125 0.984375
0.703125 0.984375
0.7109375 0.9765625
0.71875 0.9765625
0.7109375 0.984375
0.71875 0.984375
0.6953125 0.9921875
0.703125 0.9921875
0.6953125 1
0.703125 1
0.7109375 0.9921875
0.71875 0.9921875
0.7109375 1
0.71875 1
0.7265625 0.9765625
0.734375 0.9765625
0.7265625 0.984375
0.734375 0.984375
0.7421875 0.9765625
0.75 0.9765625
0.7421875 0.984375
0.75 0.984375
0.7265625 0.9921875
0.734375 0.9921875
0.7265625 1
0.734375 1
0.7421875 0.9921875
0.75 0.9921875
0.7421875 1
0.75 1
0.7578125 0
0.7578125 0.0078125
0.765625 0
0.765625 0.0078125
0.7578125 0.015625
0.765625 0.015625
0.7734375 0
0.7734375 0.0078125
0.78125 0
0.78125 0.0078125
0.7734375 0.015625
0.78125 0.015625
0.7578125 0.0234375
0.765625 0.0234375
0.7578125 0.03125
0.765625 0.03125
0.7734375 0.0234375
0.78125 0.0234375
0.7734375 0.03125
0.78125 0.03125
0.7890625 0
0.7890625 0.0078125
0.796875 0
0.796875 0.0078125
0.7890625 0.015625
0.796875 0.015625
0.8046875 0
0.8046875 0.0078125
0.8125 0
0.8125 0.0078125
0.8046875 0.015625
0.8125 0.015625
0.7890625 0.0234375
0.796875 0.0234375
0.7890625 0.03125
0.796875 0.03125
0.8046875 0.0234375
0.8125 0.0234375
0.8046875 0.03125
0.8125 0.03125
0.7578125 0.0390625
0.765625 0.0390625
0.7578125 0.046875
0.765625 0.046875
0.7734375 0.0390625
0.78125 0.0390625
0.7734375 0.046875
0.78125 0.046875
0.7578125 0.0546875
0.765625 0.0546875
0.7578125 0.0625
0.765625 0.0625
0.7734375 0.0546875
0.78125 0.0546875
0.7734375 0.0625
0.78125 0.0625
0.7890625 0.0390625
0.796875 0.0390625
0.7890625 0.046875
0.796875 0.046875
0.8046875 0.0390625
0.8125 0.0390625
0.8046875 0.046875
0.8125 0.046875
0.7890625 0.0546875
0.796875 0.0546875
0.7890625 0.0625
0.796875 0.0625
0.8046875 0.0546875
0.8125 0.0546875
0.8046875 0.0625
0.8125 0.0625
0.8203125 0
0.8203125 0.0078125
0.828125 0
0.828125 0.0078125
0.8203125 0.015625
0.828125 0.015625
0.8359375 0
0.8359375 0.0078125
0.84375 0
0.84375 0.0078125
0.8359375 0.015625
0.84375 0.015625
0.8203125 0.0234375
0.828125 0.0234375
0.8203125 0.03125
0.828125 0.03125
0.8359375 0.0234375
0.84375 0.0234375
0.8359375 0.03125
0.84375 0.03125
0.8515625 0
0.8515625 0.0078125
0.859375 0
0.859375 0.0078125
0.8515625 0.015625
0.859375 0.015625
0.8671875 0
0.8671875 0.0078125
0.875 0
0.875 0.0078125
0.8671875 0.015625
0.875 0.015625
0.8515625 0.0234375
0.859375 0.0234375
0.8515625 0.03125
0.859375 0.03125
0.8671875 0.0234375
0.875 0.0234375
0.8671875 0.03125
0.875 0.03125
0.8203125 0.0390625
0.828125 0.0390625
0.8203125 0.046875
0.828125 0.046875
0.8359375 0.0390625
0.84375 0.0390625
0.8359375 0.046875
0.84375 0.046875
0.8203125 0.0546875
0.828125 0.0546875
0.8203125 0.0625
0.828125 0.0625
0.8359375 0.0546875
0.84375 0.0546875
0.8359375 0.0625
0.84375 0.0625
0.8515625 0.0390625
0.859375 0.0390625
0.8515625 0.046875
0.859375 0.046875
0.8671875 0.0390625
0.875 0.0390625
0.8671875 0.046875
0.875 0.046875
0.8515625 0.0546875
0.859375 0.0546875
0.8515625 0.0625
0.859375 0.0625
0.8671875 0.0546875
0.875 0.0546875
0.8671875 0.0625
0.875 0.0625
0.7578125 0.0703125
0.765625 0.0703125
0.7578125 0.078125
0.765625 0.078125
0.7734375 0.0703125
0.78125 0.0703125
0.7734375 0.078125
0.78125 0.078125
0.7578125 0.0859375
0.765625 0.0859375
0.7578125 0.09375
0.765625 0.09375
0.7734375 0.0859375
0.78125 0.0859375
0.7734375 0.09375
0.78125 0.09375
0.7890625 0.0703125
0.796875 0.0703125
0.7890625 0.078125
0.796875 0.078125
0.8046875 0.0703125
0.8125 0.0703125
0.8046875 0.078125
0.8125 0.078125
0.7890625 0.0859375
0.796875 0.0859375
0.7890625 0.09375
0.796875 0.09375
0.8046875 0.0859375
0.8125 0.0859375
0.8046875 0.09375
0.8125 0.09375
0.7578125 0.1015625
0.765625 0.1015625
0.7578125 0.109375
0.765625 0.109375
0.7734375 0.1015625
0.78125 0.1015625
0.7734375 0.109375
0.78125 0.109375
0.7578125 0.1171875
0.765625 0.1171875
0.7578125 0.125
0.765625 0.125
0.7734375 0.1171875
0.78125 0.1171875
0.7734375 0.125
0.78125 0.125
0.7890625 0.1015625
0.796875 0.1015625
0.7890625 0.109375
0.796875 0.109375
0.8046875 0.1015625
0.8125 0.1015625
0.8046875 0.109375
0.8125 0.109375
0.7890625 0.1171875
0.796875 0.1171875
0.7890625 0.125
0.796875 0.125
0.8046875 0.1171875
0.8125 0.1171875
0.8046875 0.125
0.8125 0.125
0.8203125 0.0703125
0.828125 0.0703125
0.8203125 0.078125
0.828125 0.078125
0.8359375 0.0703125
0.84375 0.0703125
0.8359375 0.078125
0.84375 0.078125
0.8203125 0.0859375
0.828125 0.0859375
0.8203125 0.09375
0.828125 0.09375
0.8359375 0.0859375
0.84375 0.0859375
0.8359375 0.09375
0.84375 0.09375
0.8515625 0.0703125
0.859375 0.0703125
0.8515625 0.078125
0.859375 0.078125
0.8671875 0.0703125
0.875 0.0703125
0.8671875 0.078125
0.875 0.078125
0.8515625 0.0859375
0.859375 0.0859375
0.8515625 0.09375
0.859375 0.09375
0.8671875 0.0859375
0.875 0.0859375
0.8671875 0.09375
0.875 0.09375
0.8203125 0.1015625
0.828125 0.1015625
0.8203125 0.109375
0.828125 0.109375
0.8359375 0.1015625
0.84375 0.1015625
0.8359375 0.109375
0.84375 0.109375
0.8203125 0.1171875
0.828125 0.1171875
0.8203125 0.125
0.828125 0.125
0.8359375 0.1171875
0.84375 0.1171875
0.8359375 0.125
0.84375 0.125
0.8515625 0.1015625
0.859375 0.1015625
0.8515625 0.109375
0.859375 0.109375
0.8671875 0.1015625
0.875 0.1015625
0.8671875 0.109375
0.875 0.109375
0.8515625 0.1171875
0.859375 0.1171875
0.8515625 0.125
0.859375 0.125
0.8671875 0.1171875
0.875 0.1171875
0.8671875 0.125
0.875 0.125
0.8828125 0
0.8828125 0.0078125
0.890625 0
0.890625 0.0078125
0.8828125 0.015625
0.890625 0.015625
0.8984375 0
0.8984375 0.0078125
0.90625 0
0.90625 0.0078125
0.8984375 0.015625
0.90625 0.015625
0.8828125 0.0234375
0.890625 0.0234375
0.8828125 0.03125
0.890625 0.03125
0.8984375 0.0234375
0.90625 0.0234375
0.8984375 0.03125
0.90625 0.03125
0.9140625 0
0.9140625 0.0078125
0.921875 0
0.921875 0.0078125
0.9140625 0.015625
0.921875 0.015625
0.9296875 0
0.9296875 0.0078125
0.9375 0
0.9375 0.0078125
0.9296875 0.015625
0.9375 0.015625
0.9140625 0.0234375
0.921875 0.0234375
0.9140625 0.03125
0.921875 0.03125
0.9296875 0.0234375
0.9375 0.0234375
0.9296875 0.03125
0.9375 0.03125
0.8828125 0.0390625
0.890625 0.0390625
0.8828125 0.046875
0.890625 0.046875
0.8984375 0.0390625
0.90625 0.0390625
0.8984375 0.046875
0.90625 0.046875
0.8828125 0.0546875
0.890625 0.0546875
0.8828125 0.0625
0.890625 0.0625
0.8984375 0.0546875
0.90625 0.0546875
0.8984375 0.0625
0.90625 0.0625
0.9140625 0.0390625
0.921875 0.0390625
0.9140625 0.046875
0.921875 0.046875
0.9296875 0.0390625
0.9375 0.0390625
0.9296875 0.046875
0.9375 0.046875
0.9140625 0.0546875
0.921875 0.0546875
0.9140625 0.0625
0.921875 0.0625
0.9296875 0.0546875
0.9375 0.0546875
0.9296875 0.0625
0.9375 0.0625
0.9453125 0
0.9453125 0.0078125
0.953125 0
0.953125 0.0078125
0.9453125 0.015625
0.953125 0.015625
0.9609375 0
0.9609375 0.0078125
0.96875 0
0.96875 0.0078125
0.9609375 0.015625
0.96875 0.015625
0.9453125 0.0234375
0.953125 0.0234375
0.9453125 0.03125
0.953125 0.03125
0.9609375 0.0234375
0.96875 0.0234375
0.9609375 0.03125
0.96875 0.03125
0.9765625 0
0.9765625 0.0078125
0.984375 0
0.984375 0.0078125
0.9765625 0.015625
0.984375 0.015625
0.9921875 0
0.9921875 0.0078125
1 0
1 0.0078125
0.9921875 0.015625
1 0.015625
0.9765625 0.0234375
0.984375 0.0234375
0.9765625 0.03125
0.984375 0.03125
0.9921875 0.0234375
1 0.0234375
0.9921875 0.03125
1 0.03125
0.9453125 0.0390625
0.953125 0.0390625
0.9453125 0.046875
0.953125 0.046875
0.9609375 0.0390625
0.96875 0.0390625
0.9609375 0.046875
0.96875 0.046875
0.9453125 0.0546875
0.953125 0.0546875
0.9453125 0.0625
0.953125 0.0625
0.9609375 0.0546875
0.96875 0.0546875
0.9609375 0.0625
0.96875 0.0625
0.9765625 0.0390625
0.984375 0.0390625
0.9765625 0.046875
0.984375 0.046875
0.9921875 0.0390625
1 0.0390625
0.9921875 0.046875
1 0.046875
0.9765625 0.0546875
0.984375 0.0546875
0.9765625 0.0625
0.984375 0.0625
0.9921875 0.0546875
1 0.0546875
0.9921875 0.0625
1 0.0625
0.8828125 0.0703125
0.890625 0.0703125
0.8828125 0.078125
0.890625 0.078125
0.8984375 0.0703125
0.90625 0.0703125
0.8984375 0.078125
0.90625 0.078125
0.8828125 0.0859375
0.890625 0.0859375
0.8828125 0.09375
0.890625 0.09375
0.8984375 0.0859375
0.90625 0.0859375
0.8984375 0.09375
0.90625 0.09375
0.9140625 0.0703125
0.921875 0.0703125
0.9140625 0.078125
0.921875 0.078125
0.9296875 0.0703125
0.9375 0.0703125
0.9296875 0.078125
0.9375 0.078125
0.9140625 0.0859375
0.921875 0.0859375
0.9140625 0.09375
0.921875 0.09375
0.9296875 0.0859375
0.9375 0.0859375
0.9296875 0.09375
0.9375 0.09375
0.8828125 0.1015625
0.890625 0.1015625
0.8828125 0.109375
0.890625 0.109375
0.8984375 0.1015625
0.90625 0.1015625
0.8984375 0.109375
0.90625 0.109375
0.8828125 0.1171875
0.890625 0.1171875
0.8828125 0.125
0.890625 0.125
0.8984375 0.1171875
0.90625 0.1171875
0.8984375 0.125
0.90625 0.125
0.9140625 0.1015625
0.921875 0.1015625
0.9140625 0.109375
0.921875 0.109375
0.9296875 0.1015625
0.9375 0.1015625
0.9296875 0.109375
0.9375 0.109375
0.9140625 0.1171875
0.921875 0.1171875
0.9140625 0.125
0.921875 0.125
0.9296875 0.1171875
0.9375 0.1171875
0.9296875 0.125
0.9375 0.125
0.9453125 0.0703125
0.953125 0.0703125
0.9453125 0.078125
0.953125 0.078125
0.9609375 0.0703125
0.96875 0.0703125
0.9609375 0.078125
0.96875 0.078125
0.9453125 0.0859375
0.953125 0.0859375
0.9453125 0.09375
0.953125 0.09375
0.9609375 0.0859375
0.96875 0.0859375
0.9609375 0.09375
0.96875 0.09375
0.9765625 0.0703125
0.984375 0.0703125
0.9765625 0.078125
0.984375 0.078125
0.9921875 0.0703125
1 0.0703125
0.9921875 0.078125
1 0.078125
0.9765625 0.0859375
0.984375 0.0859375
0.9765625 0.09375
0.984375 0.09375
0.9921875 0.0859375
1 0.0859375
0.9921875 0.09375
1 0.09375
0.9453125 0.1015625
0.953125 0.1015625
0.9453125 0.109375
0.953125 0.109375
0.9609375 0.1015625
0.96875 0.1015625
0.9609375 0.109375
0.96875 0.109375
0.9453125 0.1171875
0.953125 0.1171875
0.9453125 0.125
0.953125 0.125
0.9609375 0.1171875
0.96875 0.1171875
0.9609375 0.125
0.96875 0.125
0.9765625 0.1015625
0.984375 0.1015625
0.9765625 0.109375
0.984375 0.109375
0.9921875 0.1015625
1 0.1015625
0.9921875 0.109375
1 0.109375
0.9765625 0.1171875
0.984375 0.1171875
0.9765625 0.125
0.984375 0.125
0.9921875 0.1171875
1 0.1171875
0.9921875 0.125
1 0.125
0.7578125 0.1328125
0.765625 0.1328125
0.7578125 0.140625
0.765625 0.140625
0.7734375 0.1328125
0.78125 0.1328125
0.7734375 0.140625
0.78125 0.140625
0.7578125 0.1484375
0.765625 0.1484375
0.7578125 0.15625
0.765625 0.15625
0.7734375 0.1484375
0.78125 0.1484375
0.7734375 0.15625
0.78125 0.15625
0.7890625 0.1328125
0.796875 0.1328125
0.7890625 0.140625
0.796875 0.140625
0.8046875 0.1328125
0.8125 0.1328125
0.8046875 0.140625
0.8125 0.140625
0.7890625 0.1484375
0.796875 0.1484375
0.7890625 0.15625
0.796875 0.15625
0.8046875 0.1484375
0.8125 0.1484375
0.8046875 0.15625
0.8125 0.15625
0.7578125 0.1640625
0.765625 0.1640625
0.7578125 0.171875
0.765625 0.171875
0.7734375 0.1640625
0.78125 0.1640625
0.7734375 0.171875
0.78125 0.171875
0.7578125 0.1796875
0.765625 0.1796875
0.7578125 0.1875
0.765625 0.1875
0.7734375 0.1796875
0.78125 0.1796875
0.7734375 0.1875
0.78125 0.1875
0.7890625 0.1640625
0.796875 0.1640625
0.7890625 0.171875
0.796875 0.171875
0.8046875 0.1640625
0.8125 0.1640625
0.8046875 0.171875
0.8125 0.171875
0.7890625 0.1796875
0.796875 0.1796875
0.7890625 0.1875
0.796875 0.1875
0.8046875 0.1796875
0.8125 0.1796875
0.8046875 0.1875
0.8125 0.1875
0.8203125 0.1328125
0.828125 0.1328125
0.8203125 0.140625
0.828125 0.140625
0.8359375 0.1328125
0.84375 0.1328125
0.8359375 0.140625
0.84375 0.140625
0.8203125 0.1484375
0.828125 0.1484375
0.8203125 0.15625
0.828125 0.15625
0.8359375 0.1484375
0.84375 0.1484375
0.8359375 0.15625
0.84375 0.15625
0.8515625 0.1328125
0.859375 0.1328125
0.8515625 0.140625
0.859375 0.140625
0.8671875 0.1328125
0.875 0.1328125
0.8671875 0.140625
0.875 0.140625
0.8515625 0.1484375
0.859375 0.1484375
0.8515625 0.15625
0.859375 0.15625
0.8671875 0.1484375
0.875 0.1484375
0.8671875 0.15625
0.875 0.15625
0.8203125 0.1640625
0.828125 0.1640625
0.8203125 0.171875
0.828125 0.171875
0.8359375 0.1640625
0.84375 0.1640625
0.8359375 0.171875
0.84375 0.171875
0.8203125 0.1796875
0.828125 0.1796875
0.8203125 0.1875
0.828125 0.1875
0.8359375 0.1796875
0.84375 0.1796875
0.8359375 0.1875
0.84375 0.1875
0.8515625 0.1640625
0.859375 0.1640625
0.8515625 0.171875
0.859375 0.171875
0.8671875 0.1640625
0.875 0.1640625
0.8671875 0.171875
0.875 0.171875
0.8515625 0.1796875
0.859375 0.1796875
0.8515625 0.1875
0.859375 0.1875
0.8671875 0.1796875
0.875 0.1796875
0.8671875 0.1875
0.875 0.1875
0.7578125 0.1953125
0.765625 0.1953125
0.7578125 0.203125
0.765625 0.203125
0.7734375 0.1953125
0.78125 0.1953125
0.7734375 0.203125
0.78125 0.203125
0.7578125 0.2109375
0.765625 0.2109375
0.7578125 0.21875
0.765625 0.21875
0.7734375 0.2109375
0.78125 0.2109375
0.7734375 0.21875
0.78125 0.21875
0.7890625 0.1953125
0.796875 0.1953125
0.7890625 0.203125
0.796875 0.203125
0.8046875 0.1953125
0.8125 0.1953125
0.8046875 0.203125
0.8125 0.203125
0.7890625 0.2109375
0.796875 0.2109375
0.7890625 0.21875
0.796875 0.21875
0.8046875 0.2109375
0.8125 0.2109375
0.8046875 0.21875
0.8125 0.21875
0.7578125 0.2265625
0.765625 0.2265625
0.7578125 0.234375
0.765625 0.234375
0.7734375 0.2265625
0.78125 0.2265625
0.7734375 0.234375
0.78125 0.234375
0.7578125 0.2421875
0.765625 0.2421875
0.7578125 0.25
0.765625 0.25
0.7734375 0.2421875
0.78125 0.2421875
0.7734375 0.25
0.78125 0.25
0.7890625 0.2265625
0.796875 0.2265625
0.7890625 0.234375
0.796875 0.234375
0.8046875 0.2265625
0.8125 0.2265625
0.8046875 0.234375
0.8125 0.234375
0.7890625 0.2421875
0.796875 0.2421875
0.7890625 0.25
0.796875 0.25
0.8046875 0.2421875
0.8125 0.2421875
0.8046875 0.25
0.8125 0.25
0.8203125 0.1953125
0.828125 0.1953125
0.8203125 0.203125
0.828125 0.203125
0.8359375 0.1953125
0.84375 0.1953125
0.8359375 0.203125
0.84375 0.203125
0.8203125 0.2109375
0.828125 0.2109375
0.8203125 0.21875
0.828125 0.21875
0.8359375 0.2109375
0.84375 0.2109375
0.8359375 0.21875
0.84375 0.21875
0.8515625 0.1953125
0.859375 0.1953125
0.8515625 0.203125
0.859375 0.203125
0.8671875 0.1953125
0.875 0.1953125
0.8671875 0.203125
0.875 0.203125
0.8515625 0.2109375
0.859375 0.2109375
0.8515625 0.21875
0.859375 0.21875
0.8671875 0.2109375
0.875 0.2109375
0.8671875 0.21875
0.875 0.21875
0.8203125 0.2265625
0.828125 0.2265625
0.8203125 0.234375
0.828125 0.234375
0.8359375 0.2265625
0.84375 0.2265625
0.8359375 0.234375
0.84375 0.234375
0.8203125 0.2421875
0.828125 0.2421875
0.8203125 0.25
0.828125 0.25
0.8359375 0.2421875
0.84375 0.2421875
0.8359375 0.25
0.84375 0.25
0.8515625 0.2265625
0.859375 0.2265625
0.8515625 0.234375
0.859375 0.234375
0.8671875 0.2265625
0.875 0.2265625
0.8671875 0.234375
0.875 0.234375
0.8515625 0.2421875
0.859375 0.2421875
0.8515625 0.25
0.859375 0.25
0.8671875 0.2421875
0.875 0.2421875
0.8671875 0.25
0.875 0.25
0.8828125 0.1328125
0.890625 0.1328125
0.8828125 0.140625
0.890625 0.140625
0.8984375 0.1328125
0.90625 0.1328125
0.8984375 0.140625
0.90625 0.140625
0.8828125 0.1484375
0.890625 0.1484375
0.8828125 0.15625
0.890625 0.15625
0.8984375 0.1484375
0.90625 0.1484375
0.8984375 0.15625
0.90625 0.15625
0.9140625 0.1328125
0.921875 0.1328125
0.9140625 0.140625
0.921875 0.140625
0.9296875 0.1328125
0.9375 0.1328125
0.9296875 0.140625
0.9375 0.140625
0.9140625 0.1484375
0.921875 0.1484375
0.9140625 0.15625
0.921875 0.15625
0.9296875 0.1484375
0.9375 0.1484375
0.9296875 0.15625
0.9375 0.15625
0.8828125 0.1640625
0.890625 0.1640625
0.8828125 0.171875
0.890625 0.171875
0.8984375 0.1640625
0.90625 0.1640625
0.8984375 0.171875
0.90625 0.171875
0.8828125 0.1796875
0.890625 0.1796875
0.8828125 0.1875
0.890625 0.1875
0.8984375 0.1796875
0.90625 0.1796875
0.8984375 0.1875
0.90625 0.1875
0.9140625 0.1640625
0.921875 0.1640625
0.9140625 0.171875
0.921875 0.171875
0.9296875 0.1640625
0.9375 0.1640625
0.9296875 0.171875
0.9375 0.171875
0.9140625 0.1796875
0.921875 0.1796875
0.9140625 0.1875
0.921875 0.1875
0.9296875 0.1796875
0.9375 0.1796875
0.9296875 0.1875
0.9375 0.1875
0.9453125 0.1328125
0.953125 0.1328125
0.9453125 0.140625
0.953125 0.140625
0.9609375 0.1328125
0.96875 0.1328125
0.9609375 0.140625
0.96875 0.140625
0.9453125 0.1484375
0.953125 0.1484375
0.9453125 0.15625
0.953125 0.15625
0.9609375 0.1484375
0.96875 0.1484375
0.9609375 0.15625
0.96875 0.15625
0.9765625 0.1328125
0.984375 0.1328125
0.9765625 0.140625
0.984375 0.140625
0.9921875 0.1328125
1 0.1328125
0.9921875 0.140625
1 0.140625
0.9765625 0.1484375
0.984375 0.1484375
0.9765625 0.15625
0.984375 0.15625
0.9921875 0.1484375
1 0.1484375
0.9921875 0.15625
1 0.15625
0.9453125 0.1640625
0.953125 0.1640625
0.9453125 0.171875
0.953125 0.171875
0.9609375 0.1640625
0.96875 0.1640625
0.9609375 0.171875
0.96875 0.171875
0.9453125 0.1796875
0.953125 0.1796875
0.9453125 0.1875
0.953125 0.1875
0.9609375 0.1796875
0.96875 0.1796875
0.9609375 0.1875
0.96875 0.1875
0.9765625 0.1640625
0.984375 0.1640625
0.9765625 0.171875
0.984375 0.171875
0.9921875 0.1640625
1 0.1640625
0.9921875 0.171875
1 0.171875
0.9765625 0.1796875
0.984375 0.1796875
0.9765625 0.1875
0.984375 0.1875
0.9921875 0.1796875
1 0.1796875
0.9921875 0.1875
1 0.1875
0.8828125 0.1953125
0.890625 0.1953125
0.8828125 0.203125
0.890625 0.203125
0.8984375 0.1953125
0.90625 0.1953125
0.8984375 0.203125
0.90625 0.203125
0.8828125 0.2109375
0.890625 0.2109375
0.8828125 0.21875
0.890625 0.21875
0.8984375 0.2109375
0.90625 0.2109375
0.8984375 0.21875
0.90625 0.21875
0.9140625 0.1953125
0.921875 0.1953125
0.9140625 0.203125
0.921875 0.203125
0.9296875 0.1953125
0.9375 0.1953125
0.9296875 0.203125
0.9375 0.203125
0.9140625 0.2109375
0.921875 0.2109375
0.9140625 0.21875
0.921875 0.21875
0.9296875 0.2109375
0.9375 0.2109375
0.9296875 0.21875
0.9375 0.21875
0.8828125 0.2265625
0.890625 0.2265625
0.8828125 0.234375
0.890625 0.234375
0.8984375 0.2265625
0.90625 0.2265625
0.8984375 0.234375
0.90625 0.234375
0.8828125 0.2421875
0.890625 0.2421875
0.8828125 0.25
0.890625 0.25
0.8984375 0.2421875
0.90625 0.2421875
0.8984375 0.25
0.90625 0.25
0.9140625 0.2265625
0.921875 0.2265625
0.9140625 0.234375
0.921875 0.234375
0.9296875 0.2265625
0.9375 0.2265625
0.9296875 0.234375
0.9375 0.234375
0.9140625 0.2421875
0.921875 0.2421875
0.9140625 0.25
0.921875 0.25
0.9296875 0.2421875
0.9375 0.2421875
0.9296875 0.25
0.9375 0.25
0.9453125 0.1953125
0.953125 0.1953125
0.9453125 0.203125
0.953125 0.203125
0.9609375 0.1953125
0.96875 0.1953125
0.9609375 0.203125
0.96875 0.203125
0.9453125 0.2109375
0.953125 0.2109375
0.9453125 0.21875
0.953125 0.21875
0.9609375 0.2109375
0.96875 0.2109375
0.9609375 0.21875
0.96875 0.21875
0.9765625 0.1953125
0.984375 0.1953125
0.9765625 0.203125
0.984375 0.203125
0.9921875 0.1953125
1 0.1953125
0.9921875 0.203125
1 0.203125
0.9765625 0.2109375
0.984375 0.2109375
0.9765625 0.21875
0.984375 0.21875
0.9921875 0.2109375
1 0.2109375
0.9921875 0.21875
1 0.21875
0.9453125 0.2265625
0.953125 0.2265625
0.9453125 0.234375
0.953125 0.234375
0.9609375 0.2265625
0.96875 0.2265625
0.9609375 0.234375
0.96875 0.234375
0.9453125 0.2421875
0.953125 0.2421875
0.9453125 0.25
0.953125 0.25
0.9609375 0.2421875
0.96875 0.2421875
0.9609375 0.25
0.96875 0.25
0.9765625 0.2265625
0.984375 0.2265625
0.9765625 0.234375
0.984375 0.234375
0.9921875 0.2265625
1 0.2265625
0.9921875 0.234375
1 0.234375
0.9765625 0.2421875
0.984375 0.2421875
0.9765625 0.25
0.984375 0.25
0.9921875 0.2421875
1 0.2421875
0.9921875 0.25
1 0.25
0.7578125 0.2578125
0.765625 0.2578125
0.7578125 0.265625
0.765625 0.265625
0.7734375 0.2578125
0.78125 0.2578125
0.7734375 0.265625
0.78125 0.265625
0.7578125 0.2734375
0.765625 0.2734375
0.7578125 0.28125
0.765625 0.28125
0.7734375 0.2734375
0.78125 0.2734375
0.7734375 0.28125
0.78125 0.28125
0.7890625 0.2578125
0.796875 0.2578125
0.7890625 0.265625
0.796875 0.265625
0.8046875 0.2578125
0.8125 0.2578125
0.8046875 0.265625
0.8125 0.265625
0.7890625 0.2734375
0.796875 0.2734375
0.7890625 0.28125
0.796875 0.28125
0.8046875 0.2734375
0.8125 0.2734375
0.8046875 0.28125
0.8125 0.28125
0.7578125 0.2890625
0.765625 0.2890625
0.7578125 0.296875
0.765625 0.296875
0.7734375 0.2890625
0.78125 0.2890625
0.7734375 0.296875
0.78125 0.296875
0.7578125 0.3046875
0.765625 0.3046875
0.7578125 0.3125
0.765625 0.3125
0.7734375 0.3046875
0.78125 0.3046875
0.7734375 0.3125
0.78125 0.3125
0.7890625 0.2890625
0.796875 0.2890625
0.7890625 0.296875
0.796875 0.296875
0.8046875 0.2890625
0.8125 0.2890625
0.8046875 0.296875
0.8125 0.296875
0.7890625 0.3046875
0.796875 0.3046875
0.7890625 0.3125
0.796875 0.3125
0.8046875 0.3046875
0.8125 0.3046875
0.8046875 0.3125
0.8125 0.3125
0.8203125 0.2578125
0.828125 0.2578125
0.8203125 0.265625
0.828125 0.265625
0.8359375 0.2578125
0.84375 0.2578125
0.8359375 0.265625
0.84375 0.265625
0.8203125 0.2734375
0.828125 0.2734375
0.8203125 0.28125
0.828125 0.28125
0.8359375 0.2734375
0.84375 0.2734375
0.8359375 0.28125
0.84375 0.28125
0.8515625 0.2578125
0.859375 0.2578125
0.8515625 0.265625
0.859375 0.265625
0.8671875 0.2578125
0.875 0.2578125
0.8671875 0.265625
0.875 0.265625
0.8515625 0.2734375
0.859375 0.2734375
0.8515625 0.28125
0.859375 0.28125
0.8671875 0.2734375
0.875 0.2734375
0.8671875 0.28125
0.875 0.28125
0.8203125 0.2890625
0.828125 0.2890625
0.8203125 0.296875
0.828125 0.296875
0.8359375 0.2890625
0.84375 0.2890625
0.8359375 0.296875
0.84375 0.296875
0.8203125 0.3046875
0.828125 0.3046875
0.8203125 0.3125
0.828125 0.3125
0.8359375 0.3046875
0.84375 0.3046875
0.8359375 0.3125
0.84375 0.3125
0.8515625 0.2890625
0.859375 0.2890625
0.8515625 0.296875
0.859375 0.296875
0.8671875 0.2890625
0.875 0.2890625
0.8671875 0.296875
0.875 0.296875
0.8515625 0.3046875
0.859375 0.3046875
0.8515625 0.3125
0.859375 0.3125
0.8671875 0.3046875
0.875 0.3046875
0.8671875 0.3125
0.875 0.3125
0.7578125 0.3203125
0.765625 0.3203125
0.7578125 0.328125
0.765625 0.328125
0.7734375 0.3203125
0.78125 0.3203125
0.7734375 0.328125
0.78125 0.328125
0.7578125 0.3359375
0.765625 0.3359375
0.7578125 0.34375
0.765625 0.34375
0.7734375 0.3359375
0.78125 0.3359375
0.7734375 0.34375
0.78125 0.34375
0.7890625 0.3203125
0.796875 0.3203125
0.7890625 0.328125
0.796875 0.328125
0.8046875 0.3203125
0.8125 0.3203125
0.8046875 0.328125
0.8125 0.328125
0.7890625 0.3359375
0.796875 0.3359375
0.7890625 0.34375
0.796875 0.34375
0.8046875 0.3359375
0.8125 0.3359375
0.8046875 0.34375
0.8125 0.34375
0.7578125 0.3515625
0.765625 0.3515625
0.7578125 0.359375
0.765625 0.359375
0.7734375 0.3515625
0.78125 0.3515625
0.7734375 0.359375
0.78125 0.359375
0.7578125 0.3671875
0.765625 0.3671875
0.7578125 0.375
0.765625 0.375
0.7734375 0.3671875
0.78125 0.3671875
0.7734375 0.375
0.78125 0.375
0.7890625 0.3515625
0.796875 0.3515625
0.7890625 0.359375
0.796875 0.359375
0.8046875 0.3515625
0.8125 0.3515625
0.8046875 0.359375
0.8125 0.359375
0.7890625 0.3671875
0.796875 0.3671875
0.7890625 0.375
0.796875 0.375
0.8046875 0.3671875
0.8125 0.3671875
0.8046875 0.375
0.8125 0.375
0.8203125 0.3203125
0.828125 0.3203125
0.8203125 0.328125
0.828125 0.328125
0.8359375 0.3203125
0.84375 0.3203125
0.8359375 0.328125
0.84375 0.328125
0.8203125 0.3359375
0.828125 0.3359375
0.8203125 0.34375
0.828125 0.34375
0.8359375 0.3359375
0.84375 0.3359375
0.8359375 0.34375
0.84375 0.34375
0.8515625 0.3203125
0.859375 0.3203125
0.8515625 0.328125
0.859375 0.328125
0.8671875 0.3203125
0.875 0.3203125
0.8671875 0.328125
0.875 0.328125
0.8515625 0.3359375
0.859375 0.3359375
0.8515625 0.34375
0.859375 0.34375
0.8671875 0.3359375
0.875 0.3359375
0.8671875 0.34375
0.875 0.34375
0.8203125 0.3515625
0.828125 0.3515625
0.8203125 0.359375
0.828125 0.359375
0.8359375 0.3515625
0.84375 0.3515625
0.8359375 0.359375
0.84375 0.359375
0.8203125 0.3671875
0.828125 0.3671875
0.8203125 0.375
0.828125 0.375
0.8359375 0.3671875
0.84375 0.3671875
0.8359375 0.375
0.84375 0.375
0.8515625 0.3515625
0.859375 0.3515625
0.8515625 0.359375
0.859375 0.359375
0.8671875 0.3515625
0.875 0.3515625
0.8671875 0.359375
0.875 0.359375
0.8515625 0.3671875
0.859375 0.3671875
0.8515625 0.375
0.859375 0.375
0.8671875 0.3671875
0.875 0.3671875
0.8671875 0.375
0.875 0.375
0.8828125 0.2578125
0.890625 0.2578125
0.8828125 0.265625
0.890625 0.265625
0.8984375 0.2578125
0.90625 0.2578125
0.8984375 0.265625
0.90625 0.265625
0.8828125 0.2734375
0.890625 0.2734375
0.8828125 0.28125
0.890625 0.28125
0.8984375 0.2734375
0.90625 0.2734375
0.8984375 0.28125
0.90625 0.28125
0.9140625 0.2578125
0.921875 0.2578125
0.9140625 0.265625
0.921875 0.265625
0.9296875 0.2578125
0.9375 0.2578125
0.9296875 0.265625
0.9375 0.265625
0.9140625 0.2734375
0.921875 0.2734375
0.9140625 0.28125
0.921875 0.28125
0.9296875 0.2734375
0.9375 0.2734375
0.9296875 0.28125
0.9375 0.28125
0.8828125 0.2890625
0.890625 0.2890625
0.8828125 0.296875
0.890625 0.296875
0.8984375 0.2890625
0.90625 0.2890625
0.8984375 0.296875
0.90625 0.296875
0.8828125 0.3046875
0.890625 0.3046875
0.8828125 0.3125
0.890625 0.3125
0.8984375 0.3046875
0.90625 0.3046875
0.8984375 0.3125
0.90625 0.3125
0.9140625 0.2890625
0.921875 0.2890625
0.9140625 0.296875
0.921875 0.296875
0.9296875 0.2890625
0.9375 0.2890625
0.9296875 0.296875
0.9375 0.296875
0.9140625 0.3046875
0.921875 0.3046875
0.9140625 0.3125
0.921875 0.3125
0.9296875 0.3046875
0.9375 0.3046875
0.9296875 0.3125
0.9375 0.3125
0.9453125 0.2578125
0.953125 0.2578125
0.9453125 0.265625
0.953125 0.265625
0.9609375 0.2578125
0.96875 0.2578125
0.9609375 0.265625
0.96875 0.265625
0.9453125 0.2734375
0.953125 0.2734375
0.9453125 0.28125
0.953125 0.28125
0.9609375 0.2734375
0.96875 0.2734375
0.9609375 0.28125
0.96875 0.28125
0.9765625 0.2578125
0.984375 0.2578125
0.9765625 0.265625
0.984375 0.265625
0.9921875 0.2578125
1 0.2578125
0.9921875 0.265625
1 0.265625
0.9765625 0.2734375
0.984375 0.2734375
0.9765625 0.28125
0.984375 0.28125
0.9921875 0.2734375
1 0.2734375
0.9921875 0.28125
1 0.28125
0.9453125 0.2890625
0.953125 0.2890625
0.9453125 0.296875
0.953125 0.296875
0.9609375 0.2890625
0.96875 0.2890625
0.9609375 0.296875
0.96875 0.296875
0.9453125 0.3046875
0.953125 0.3046875
0.9453125 0.3125
0.953125 0.3125
0.9609375 0.3046875
0.96875 0.3046875
0.9609375 0.3125
0.96875 0.3125
0.9765625 0.2890625
0.984375 0.2890625
0.9765625 0.296875
0.984375 0.296875
0.9921875 0.2890625
1 0.2890625
0.9921875 0.296875
1 0.296875
0.9765625 0.3046875
0.984375 0.3046875
0.9765625 0.3125
0.984375 0.3125
0.9921875 0.3046875
1 0.3046875
0.9921875 0.3125
1 0.3125
0.8828125 0.3203125
0.890625 0.3203125
0.8828125 0.328125
0.890625 0.328125
0.8984375 0.3203125
0.90625 0.3203125
0.8984375 0.328125
0.90625 0.328125
0.8828125 0.3359375
0.890625 0.3359375
0.8828125 0.34375
0.890625 0.34375
0.8984375 0.3359375
0.90625 0.3359375
0.8984375 0.34375
0.90625 0.34375
0.9140625 0.3203125
0.921875 0.3203125
0.9140625 0.328125
0.921875 0.328125
0.9296875 0.3203125
0.9375 0.3203125
0.9296875 0.328125
0.9375 0.328125
0.9140625 0.3359375
0.921875 0.3359375
0.9140625 0.34375
0.921875 0.34375
0.9296875 0.3359375
0.9375 0.3359375
0.9296875 0.34375
0.9375 0.34375
0.8828125 0.3515625
0.890625 0.3515625
0.8828125 0.359375
0.890625 0.359375
0.8984375 0.3515625
0.90625 0.3515625
0.8984375 0.359375
0.90625 0.359375
0.8828125 0.3671875
0.890625 0.3671875
0.8828125 0.375
0.890625 0.375
0.8984375 0.3671875
0.90625 0.3671875
0.8984375 0.375
0.90625 0.375
0.9140625 0.3515625
0.921875 0.3515625
0.9140625 0.359375
0.921875 0.359375
0.9296875 0.3515625
0.9375 0.3515625
0.9296875 0.359375
0.9375 0.359375
0.9140625 0.3671875
0.921875 0.3671875
0.9140625 0.375
0.921875 0.375
0.9296875 0.3671875
0.9375 0.3671875
0.9296875 0.375
0.9375 0.375
0.9453125 0.3203125
0.953125 0.3203125
0.9453125 0.328125
0.953125 0.328125
0.9609375 0.3203125
0.96875 0.3203125
0.9609375 0.328125
0.96875 0.328125
0.9453125 0.3359375
0.953125 0.3359375
0.9453125 0.34375
0.953125 0.34375
0.9609375 0.3359375
0.96875 0.3359375
0.9609375 0.34375
0.96875 0.34375
0.9765625 0.3203125
0.984375 0.3203125
0.9765625 0.328125
0.984375 0.328125
0.9921875 0.3203125
1 0.3203125
0.9921875 0.328125
1 0.328125
0.9765625 0.3359375
0.984375 0.3359375
0.9765625 0.34375
0.984375 0.34375
0.9921875 0.3359375
1 0.3359375
0.9921875 0.34375
1 0.34375
0.9453125 0.3515625
0.953125 0.3515625
0.9453125 0.359375
0.953125 0.359375
0.9609375 0.3515625
0.96875 0.3515625
0.9609375 0.359375
0.96875 0.359375
0.9453125 0.3671875
0.953125 0.3671875
0.9453125 0.375
0.953125 0.375
0.9609375 0.3671875
0.96875 0.3671875
0.9609375 0.375
0.96875 0.375
0.9765625 0.3515625
0.984375 0.3515625
0.9765625 0.359375
0.984375 0.359375
0.9921875 0.3515625
1 0.3515625
0.9921875 0.359375
1 0.359375
0.9765625 0.3671875
0.984375 0.3671875
0.9765625 0.375
0.984375 0.375
0.9921875 0.3671875
1 0.3671875
0.9921875 0.375
1 0.375
0.7578125 0.3828125
0.765625 0.3828125
0.7578125 0.390625
0.765625 0.390625
0.7734375 0.3828125
0.78125 0.3828125
0.7734375 0.390625
0.78125 0.390625
0.7578125 0.3984375
0.765625 0.3984375
0.7578125 0.40625
0.765625 0.40625
0.7734375 0.3984375
0.78125 0.3984375
0.7734375 0.40625
0.78125 0.40625
0.7890625 0.3828125
0.796875 0.3828125
0.7890625 0.390625
0.796875 0.390625
0.8046875 0.3828125
0.8125 0.3828125
0.8046875 0.390625
0.8125 0.390625
0.7890625 0.3984375
0.796875 0.3984375
0.7890625 0.40625
0.796875 0.40625
0.8046875 0.3984375
0.8125 0.3984375
0.8046875 0.40625
0.8125 0.40625
0.7578125 0.4140625
0.765625 0.4140625
0.7578125 0.421875
0.765625 0.421875
0.7734375 0.4140625
0.78125 0.4140625
0.7734375 0.421875
0.78125 0.421875
0.7578125 0.4296875
0.765625 0.4296875
0.7578125 0.4375
0.765625 0.4375
0.7734375 0.4296875
0.78125 0.4296875
0.7734375 0.4375
0.78125 0.4375
0.7890625 0.4140625
0.796875 0.4140625
0.7890625 0.421875
0.796875 0.421875
0.8046875 0.4140625
0.8125 0.4140625
0.8046875 0.421875
0.8125 0.421875
0.7890625 0.4296875
0.796875 0.4296875
0.7890625 0.4375
0.796875 0.4375
0.8046875 0.4296875
0.8125 0.4296875
0.8046875 0.4375
0.8125 0.4375
0.8203125 0.3828125
0.828125 0.3828125
0.8203125 0.390625
0.828125 0.390625
0.8359375 0.3828125
0.84375 0.3828125
0.8359375 0.390625
0.84375 0.390625
0.8203125 0.3984375
0.828125 0.3984375
0.8203125 0.40625
0.828125 0.40625
0.8359375 0.3984375
0.84375 0.3984375
0.8359375 0.40625
0.84375 0.40625
0.8515625 0.3828125
0.859375 0.3828125
0.8515625 0.390625
0.859375 0.390625
0.8671875 0.3828125
0.875 0.3828125
0.8671875 0.390625
0.875 0.390625
0.8515625 0.3984375
0.859375 0.3984375
0.8515625 0.40625
0.859375 0.40625
0.8671875 0.3984375
0.875 0.3984375
0.8671875 0.40625
0.875 0.40625
0.8203125 0.4140625
0.828125 0.4140625
0.8203125 0.421875
0.828125 0.421875
0.8359375 0.4140625
0.84375 0.4140625
0.8359375 0.421875
0.84375 0.421875
0.8203125 0.4296875
0.828125 0.4296875
0.8203125 0.4375
0.828125 0.4375
0.8359375 0.4296875
0.84375 0.4296875
0.8359375 0.4375
0.84375 0.4375
0.8515625 0.4140625
0.859375 0.4140625
0.8515625 0.421875
0.859375 0.421875
0.8671875 0.4140625
0.875 0.4140625
0.8671875 0.421875
0.875 0.421875
0.8515625 0.4296875
0.859375 0.4296875
0.8515625 0.4375
0.859375 0.4375
0.8671875 0.4296875
0.875 0.4296875
0.8671875 0.4375
0.875 0.4375
0.7578125 0.4453125
0.765625 0.4453125
0.7578125 0.453125
0.765625 0.453125
0.7734375 0.4453125
0.78125 0.4453125
0.7734375 0.453125
0.78125 0.453125
0.7578125 0.4609375
0.765625 0.4609375
0.7578125 0.46875
0.765625 0.46875
0.7734375 0.4609375
0.78125 0.4609375
0.7734375 0.46875
0.78125 0.46875
0.7890625 0.4453125
0.796875 0.4453125
0.7890625 0.453125
0.796875 0.453125
0.8046875 0.4453125
0.8125 0.4453125
0.8046875 0.453125
0.8125 0.453125
0.7890625 0.4609375
0.796875 0.4609375
0.7890625 0.46875
0.796875 0.46875
0.8046875 0.4609375
0.8125 0.4609375
0.8046875 0.46875
0.8125 0.46875
0.7578125 0.4765625
0.765625 0.4765625
0.7578125 0.484375
0.765625 0.484375
0.7734375 0.4765625
0.78125 0.4765625
0.7734375 0.484375
0.78125 0.484375
0.7578125 0.4921875
0.765625 0.4921875
0.7578125 0.5
0.765625 0.5
0.7734375 0.4921875
0.78125 0.4921875
0.7734375 0.5
0.78125 0.5
0.7890625 0.4765625
0.796875 0.4765625
0.7890625 0.484375
0.796875 0.484375
0.8046875 0.4765625
0.8125 0.4765625
0.8046875 0.484375
0.8125 0.484375
0.7890625 0.4921875
0.796875 0.4921875
0.7890625 0.5
0.796875 0.5
0.8046875 0.4921875
0.8125 0.4921875
0.8046875 0.5
0.8125 0.5
0.8203125 0.4453125
0.828125 0.4453125
0.8203125 0.453125
0.828125 0.453125
0.8359375 0.4453125
0.84375 0.4453125
0.8359375 0.453125
0.84375 0.453125
0.8203125 0.4609375
0.828125 0.4609375
0.8203125 0.46875
0.828125 0.46875
0.8359375 0.4609375
0.84375 0.4609375
0.8359375 0.46875
0.84375 0.46875
0.8515625 0.4453125
0.859375 0.4453125
0.8515625 0.453125
0.859375 0.453125
0.8671875 0.4453125
0.875 0.4453125
0.8671875 0.453125
0.875 0.453125
0.8515625 0.4609375
0.859375 0.4609375
0.8515625 0.46875
0.859375 0.46875
0.8671875 0.4609375
0.875 0.4609375
0.8671875 0.46875
0.875 0.46875
0.8203125 0.4765625
0.828125 0.4765625
0.8203125 0.484375
0.828125 0.484375
0.8359375 0.4765625
0.84375 0.4765625
0.8359375 0.484375
0.84375 0.484375
0.8203125 0.4921875
0.828125 0.4921875
0.8203125 0.5
0.828125 0.5
0.8359375 0.4921875
0.84375 0.4921875
0.8359375 0.5
0.84375 0.5
0.8515625 0.4765625
0.859375 0.4765625
0.8515625 0.484375
0.859375 0.484375
0.8671875 0.4765625
0.875 0.4765625
0.8671875 0.484375
0.875 0.484375
0.8515625 0.4921875
0.859375 0.4921875
0.8515625 0.5
0.859375 0.5
0.8671875 0.4921875
0.875 0.4921875
0.8671875 0.5
0.875 0.5
0.8828125 0.3828125
0.890625 0.3828125
0.8828125 0.390625
0.890625 0.390625
0.8984375 0.3828125
0.90625 0.3828125
0.8984375 0.390625
0.90625 0.390625
0.8828125 0.3984375
0.890625 0.3984375
0.8828125 0.40625
0.890625 0.40625
0.8984375 0.3984375
0.90625 0.3984375
0.8984375 0.40625
0.90625 0.40625
0.9140625 0.3828125
0.921875 0.3828125
0.9140625 0.390625
0.921875 0.390625
0.9296875 0.3828125
0.9375 0.3828125
0.9296875 0.390625
0.9375 0.390625
0.9140625 0.3984375
0.921875 0.3984375
0.9140625 0.40625
0.921875 0.40625
0.9296875 0.3984375
0.9375 0.3984375
0.9296875 0.40625
0.9375 0.40625
0.8828125 0.4140625
0.890625 0.4140625
0.8828125 0.421875
0.890625 0.421875
0.8984375 0.4140625
0.90625 0.4140625
0.8984375 0.421875
0.90625 0.421875
0.8828125 0.4296875
0.890625 0.4296875
0.8828125 0.4375
0.890625 0.4375
0.8984375 0.4296875
0.90625 0.4296875
0.8984375 0.4375
0.90625 0.4375
0.9140625 0.4140625
0.921875 0.4140625
0.9140625 0.421875
0.921875 0.421875
0.9296875 0.4140625
0.9375 0.4140625
0.9296875 0.421875
0.9375 0.421875
0.9140625 0.4296875
0.921875 0.4296875
0.9140625 0.4375
0.921875 0.4375
0.9296875 0.4296875
0.9375 0.4296875
0.9296875 0.4375
0.9375 0.4375
0.9453125 0.3828125
0.953125 0.3828125
0.9453125 0.390625
0.953125 0.390625
0.9609375 0.3828125
0.96875 0.3828125
0.9609375 0.390625
0.96875 0.390625
0.9453125 0.3984375
0.953125 0.3984375
0.9453125 0.40625
0.953125 0.40625
0.9609375 0.3984375
0.96875 0.3984375
0.9609375 0.40625
0.96875 0.40625
0.9765625 0.3828125
0.984375 0.3828125
0.9765625 0.390625
0.984375 0.390625
0.9921875 0.3828125
1 0.3828125
0.9921875 0.390625
1 0.390625
0.9765625 0.3984375
0.984375 0.3984375
0.9765625 0.40625
0.984375 0.40625
0.9921875 0.3984375
1 0.3984375
0.9921875 0.40625
1 0.40625
0.9453125 0.4140625
0.953125 0.4140625
0.9453125 0.421875
0.953125 0.421875
0.9609375 0.4140625
0.96875 0.4140625
0.9609375 0.421875
0.96875 0.421875
0.9453125 0.4296875
0.953125 0.4296875
0.9453125 0.4375
0.953125 0.4375
0.9609375 0.4296875
0.96875 0.4296875
0.9609375 0.4375
0.96875 0.4375
0.9765625 0.4140625
0.984375 0.4140625
0.9765625 0.421875
0.984375 0.421875
0.9921875 0.4140625
1 0.4140625
0.9921875 0.421875
1 0.421875
0.9765625 0.4296875
0.984375 0.4296875
0.9765625 0.4375
0.984375 0.4375
0.9921875 0.4296875
1 0.4296875
0.9921875 0.4375
1 0.4375
0.8828125 0.4453125
0.890625 0.4453125
0.8828125 0.453125
0.890625 0.453125
0.8984375 0.4453125
0.90625 0.4453125
0.8984375 0.453125
0.90625 0.453125
0.8828125 0.4609375
0.890625 0.4609375
0.8828125 0.46875
0.890625 0.46875
0.8984375 0.4609375
0.90625 0.4609375
0.8984375 0.46875
0.90625 0.46875
0.9140625 0.4453125
0.921875 0.4453125
0.9140625 0.453125
0.921875 0.453125
0.9296875 0.4453125
0.9375 0.4453125
0.9296875 0.453125
0.9375 0.453125
0.9140625 0.4609375
0.921875 0.4609375
0.9140625 0.46875
0.921875 0.46875
0.9296875 0.4609375
0.9375 0.4609375
0.9296875 0.46875
0.9375 0.46875
0.8828125 0.4765625
0.890625 0.4765625
0.8828125 0.484375
0.890625 0.484375
0.8984375 0.4765625
0.90625 0.4765625
0.8984375 0.484375
0.90625 0.484375
0.8828125 0.4921875
0.890625 0.4921875
0.8828125 0.5
0.890625 0.5
0.8984375 0.4921875
0.90625 0.4921875
0.8984375 0.5
0.90625 0.5
0.9140625 0.4765625
0.921875 0.4765625
0.9140625 0.484375
0.921875 0.484375
0.9296875 0.4765625
0.9375 0.4765625
0.9296875 0.484375
0.9375 0.484375
0.9140625 0.4921875
0.921875 0.4921875
0.9140625 0.5
0.921875 0.5
0.9296875 0.4921875
0.9375 0.4921875
0.9296875 0.5
0.9375 0.5
0.9453125 0.4453125
0.953125 0.4453125
0.9453125 0.453125
0.953125 0.453125
0.9609375 0.4453125
0.96875 0.4453125
0.9609375 0.453125
0.96875 0.453125
0.9453125 0.4609375
0.953125 0.4609375
0.9453125 0.46875
0.953125 0.46875
0.9609375 0.4609375
0.96875 0.4609375
0.9609375 0.46875
0.96875 0.46875
0.9765625 0.4453125
0.984375 0.4453125
0.9765625 0.453125
0.984375 0.453125
0.9921875 0.4453125
1 0.4453125
0.9921875 0.453125
1 0.453125
0.9765625 0.4609375
0.984375 0.4609375
0.9765625 0.46875
0.984375 0.46875
0.9921875 0.4609375
1 0.4609375
0.9921875 0.46875
1 0.46875
0.9453125 0.4765625
0.953125 0.4765625
0.9453125 0.484375
0.953125 0.484375
0.9609375 0.4765625
0.96875 0.4765625
0.9609375 0.484375
0.96875 0.484375
0.9453125 0.4921875
0.953125 0.4921875
0.9453125 0.5
0.953125 0.5
0.9609375 0.4921875
0.96875 0.4921875
0.9609375 0.5
0.96875 0.5
0.9765625 0.4765625
0.984375 0.4765625
0.9765625 0.484375
0.984375 0.484375
0.9921875 0.4765625
1 0.4765625
0.9921875 0.484375
1 0.484375
0.9765625 0.4921875
0.984375 0.4921875
0.9765625 0.5
0.984375 0.5
0.9921875 0.4921875
1 0.4921875
0.9921875 0.5
1 0.5
0.7578125 0.5078125
0.765625 0.5078125
0.7578125 0.515625
0.765625 0.515625
0.7734375 0.5078125
0.78125 0.5078125
0.7734375 0.515625
0.78125 0.515625
0.7578125 0.5234375
0.765625 0.5234375
0.7578125 0.53125
0.765625 0.53125
0.7734375 0.5234375
0.78125 0.5234375
0.7734375 0.53125
0.78125 0.53125
0.7890625 0.5078125
0.796875 0.5078125
0.7890625 0.515625
0.796875 0.515625
0.8046875 0.5078125
0.8125 0.5078125
0.8046875 0.515625
0.8125 0.515625
0.7890625 0.5234375
0.796875 0.5234375
0.7890625 0.53125
0.796875 0.53125
0.8046875 0.5234375
0.8125 0.5234375
0.8046875 0.53125
0.8125 0.53125
0.7578125 0.5390625
0.765625 0.5390625
0.7578125 0.546875
0.765625 0.546875
0.7734375 0.5390625
0.78125 0.5390625
0.7734375 0.546875
0.78125 0.546875
0.7578125 0.5546875
0.765625 0.5546875
0.7578125 0.5625
0.765625 0.5625
0.7734375 0.5546875
0.78125 0.5546875
0.7734375 0.5625
0.78125 0.5625
0.7890625 0.5390625
0.796875 0.5390625
0.7890625 0.546875
0.796875 0.546875
0.8046875 0.5390625
0.8125 0.5390625
0.8046875 0.546875
0.8125 0.546875
0.7890625 0.5546875
0.796875 0.5546875
0.7890625 0.5625
0.796875 0.5625
0.8046875 0.5546875
0.8125 0.5546875
0.8046875 0.5625
0.8125 0.5625
0.8203125 0.5078125
0.828125 0.5078125
0.8203125 0.515625
0.828125 0.515625
0.8359375 0.5078125
0.84375 0.5078125
0.8359375 0.515625
0.84375 0.515625
0.8203125 0.5234375
0.828125 0.5234375
0.8203125 0.53125
0.828125 0.53125
0.8359375 0.5234375
0.84375 0.5234375
0.8359375 0.53125
0.84375 0.53125
0.8515625 0.5078125
0.859375 0.5078125
0.8515625 0.515625
0.859375 0.515625
0.8671875 0.5078125
0.875 0.5078125
0.8671875 0.515625
0.875 0.515625
0.8515625 0.5234375
0.859375 0.5234375
0.8515625 0.53125
0.859375 0.53125
0.8671875 0.5234375
0.875 0.5234375
0.8671875 0.53125
0.875 0.53125
0.8203125 0.5390625
0.828125 0.5390625
0.8203125 0.546875
0.828125 0.546875
0.8359375 0.5390625
0.84375 0.5390625
0.8359375 0.546875
0.84375 0.546875
0.8203125 0.5546875
0.828125 0.5546875
0.8203125 0.5625
0.828125 0.5625
0.8359375 0.5546875
0.84375 0.5546875
0.8359375 0.5625
0.84375 0.5625
0.8515625 0.5390625
0.859375 0.5390625
0.8515625 0.546875
0.859375 0.546875
0.8671875 0.5390625
0.875 0.5390625
0.8671875 0.546875
0.875 0.546875
0.8515625 0.5546875
0.859375 0.5546875
0.8515625 0.5625
0.859375 0.5625
0.8671875 0.5546875
0.875 0.5546875
0.8671875 0.5625
0.875 0.5625
0.7578125 0.5703125
0.765625 0.5703125
0.7578125 0.578125
0.765625 0.578125
0.7734375 0.5703125
0.78125 0.5703125
0.7734375 0.578125
0.78125 0.578125
0.7578125 0.5859375
0.765625 0.5859375
0.7578125 0.59375
0.765625 0.59375
0.7734375 0.5859375
0.78125 0.5859375
0.7734375 0.59375
0.78125 0.59375
0.7890625 0.5703125
0.796875 0.5703125
0.7890625 0.578125
0.796875 0.578125
0.8046875 0.5703125
0.8125 0.5703125
0.8046875 0.578125
0.8125 0.578125
0.7890625 0.5859375
0.796875 0.5859375
0.7890625 0.59375
0.796875 0.59375
0.8046875 0.5859375
0.8125 0.5859375
0.8046875 0.59375
0.8125 0.59375
0.7578125 0.6015625
0.765625 0.6015625
0.7578125 0.609375
0.765625 0.609375
0.7734375 0.6015625
0.78125 0.6015625
0.7734375 0.609375
0.78125 0.609375
0.7578125 0.6171875
0.765625 0.6171875
0.7578125 0.625
0.765625 0.625
0.7734375 0.6171875
0.78125 0.6171875
0.7734375 0.625
0.78125 0.625
0.7890625 0.6015625
0.796875 0.6015625
0.7890625 0.609375
0.796875 0.609375
0.8046875 0.6015625
0.8125 0.6015625
0.8046875 0.609375
0.8125 0.609375
0.7890625 0.6171875
0.796875 0.6171875
0.7890625 0.625
0.796875 0.625
0.8046875 0.6171875
0.8125 0.6171875
0.8046875 0.625
0.8125 0.625
0.8203125 0.5703125
0.828125 0.5703125
0.8203125 0.578125
0.828125 0.578125
0.8359375 0.5703125
0.84375 0.5703125
0.8359375 0.578125
0.84375 0.578125
0.8203125 0.5859375
0.828125 0.5859375
0.8203125 0.59375
0.828125 0.59375
0.8359375 0.5859375
0.84375 0.5859375
0.8359375 0.59375
0.84375 0.59375
0.8515625 0.5703125
0.859375 0.5703125
0.8515625 0.578125
0.859375 0.578125
0.8671875 0.5703125
0.875 0.5703125
0.8671875 0.578125
0.875 0.578125
0.8515625 0.5859375
0.859375 0.5859375
0.8515625 0.59375
0.859375 0.59375
0.8671875 0.5859375
0.875 0.5859375
0.8671875 0.59375
0.875 0.59375
0.8203125 0.6015625
0.828125 0.6015625
0.8203125 0.609375
0.828125 0.609375
0.8359375 0.6015625
0.84375 0.6015625
0.8359375 0.609375
0.84375 0.609375
0.8203125 0.6171875
0.828125 0.6171875
0.8203125 0.625
0.828125 0.625
0.8359375 0.6171875
0.84375 0.6171875
0.8359375 0.625
0.84375 0.625
0.8515625 0.6015625
0.859375 0.6015625
0.8515625 0.609375
0.859375 0.609375
0.8671875 0.6015625
0.875 0.6015625
0.8671875 0.609375
0.875 0.609375
0.8515625 0.6171875
0.859375 0.6171875
0.8515625 0.625
0.859375 0.625
0.8671875 0.6171875
0.875 0.6171875
0.8671875 0.625
0.875 0.625
0.8828125 0.5078125
0.890625 0.5078125
0.8828125 0.515625
0.890625 0.515625
0.8984375 0.5078125
0.90625 0.5078125
0.8984375 0.515625
0.90625 0.515625
0.8828125 0.5234375
0.890625 0.5234375
0.8828125 0.53125
0.890625 0.53125
0.8984375 0.5234375
0.90625 0.5234375
0.8984375 0.53125
0.90625 0.53125
0.9140625 0.5078125
0.921875 0.5078125
0.9140625 0.515625
0.921875 0.515625
0.9296875 0.5078125
0.9375 0.5078125
0.9296875 0.515625
0.9375 0.515625
0.9140625 0.5234375
0.921875 0.5234375
0.9140625 0.53125
0.921875 0.53125
0.9296875 0.5234375
0.9375 0.5234375
0.9296875 0.53125
0.9375 0.53125
0.8828125 0.5390625
0.890625 0.5390625
0.8828125 0.546875
0.890625 0.546875
0.8984375 0.5390625
0.90625 0.5390625
0.8984375 0.546875
0.90625 0.546875
0.8828125 0.5546875
0.890625 0.5546875
0.8828125 0.5625
0.890625 0.5625
0.8984375 0.5546875
0.90625 0.5546875
0.8984375 0.5625
0.90625 0.5625
0.9140625 0.5390625
0.921875 0.5390625
0.9140625 0.546875
0.921875 0.546875
0.9296875 0.5390625
0.9375 0.5390625
0.9296875 0.546875
0.9375 0.546875
0.9140625 0.5546875
0.921875 0.5546875
0.9140625 0.5625
0.921875 0.5625
0.9296875 0.5546875
0.9375 0.5546875
0.9296875 0.5625
0.9375 0.5625
0.9453125 0.5078125
0.953125 0.5078125
0.9453125 0.515625
0.953125 0.515625
0.9609375 0.5078125
0.96875 0.5078125
0.9609375 0.515625
0.96875 0.515625
0.9453125 0.5234375
0.953125 0.5234375
0.9453125 0.53125
0.953125 0.53125
0.9609375 0.5234375
0.96875 0.5234375
0.9609375 0.53125
0.96875 0.53125
0.9765625 0.5078125
0.984375 0.5078125
0.9765625 0.515625
0.984375 0.515625
0.9921875 0.5078125
1 0.5078125
0.9921875 0.515625
1 0.515625
0.9765625 0.5234375
0.984375 0.5234375
0.9765625 0.53125
0.984375 0.53125
0.9921875 0.5234375
1 0.5234375
0.9921875 0.53125
1 0.53125
0.9453125 0.5390625
0.953125 0.5390625
0.9453125 0.546875
0.953125 0.546875
0.9609375 0.5390625
0.96875 0.5390625
0.9609375 0.546875
0.96875 0.546875
0.9453125 0.5546875
0.953125 0.5546875
0.9453125 0.5625
0.953125 0.5625
0.9609375 0.5546875
0.96875 0.5546875
0.9609375 0.5625
0.96875 0.5625
0.9765625 0.5390625
0.984375 0.5390625
0.9765625 0.546875
0.984375 0.546875
0.9921875 0.5390625
1 0.5390625
0.9921875 0.546875
1 0.546875
0.9765625 0.5546875
0.984375 0.5546875
0.9765625 0.5625
0.984375 0.5625
0.9921875 0.5546875
1 0.5546875
0.9921875 0.5625
1 0.5625
0.8828125 0.5703125
0.890625 0.5703125
0.8828125 0.578125
0.890625 0.578125
0.8984375 0.5703125
0.90625 0.5703125
0.8984375 0.578125
0.90625 0.578125
0.8828125 0.5859375
0.890625 0.5859375
0.8828125 0.59375
0.890625 0.59375
0.8984375 0.5859375
0.90625 0.5859375
0.8984375 0.59375
0.90625 0.59375
0.9140625 0.5703125
0.921875 0.5703125
0.9140625 0.578125
0.921875 0.578125
0.9296875 0.5703125
0.9375 0.5703125
0.9296875 0.578125
0.9375 0.578125
0.9140625 0.5859375
0.921875 0.5859375
0.9140625 0.59375
0.921875 0.59375
0.9296875 0.5859375
0.9375 0.5859375
0.9296875 0.59375
0.9375 0.59375
0.8828125 0.6015625
0.890625 0.6015625
0.8828125 0.609375
0.890625 0.609375
0.8984375 0.6015625
0.90625 0.6015625
0.8984375 0.609375
0.90625 0.609375
0.8828125 0.6171875
0.890625 0.6171875
0.8828125 0.625
0.890625 0.625
0.8984375 0.6171875
0.90625 0.6171875
0.8984375 0.625
0.90625 0.625
0.9140625 0.6015625
0.921875 0.6015625
0.9140625 0.609375
0.921875 0.609375
0.9296875 0.6015625
0.9375 0.6015625
0.9296875 0.609375
0.9375 0.609375
0.9140625 0.6171875
0.921875 0.6171875
0.9140625 0.625
0.921875 0.625
0.9296875 0.6171875
0.9375 0.6171875
0.9296875 0.625
0.9375 0.625
0.9453125 0.5703125
0.953125 0.5703125
0.9453125 0.578125
0.953125 0.578125
0.9609375 0.5703125
0.96875 0.5703125
0.9609375 0.578125
0.96875 0.578125
0.9453125 0.5859375
0.953125 0.5859375
0.9453125 0.59375
0.953125 0.59375
0.9609375 0.5859375
0.96875 0.5859375
0.9609375 0.59375
0.96875 0.59375
0.9765625 0.5703125
0.984375 0.5703125
0.9765625 0.578125
0.984375 0.578125
0.9921875 0.5703125
1 0.5703125
0.9921875 0.578125
1 0.578125
0.9765625 0.5859375
0.984375 0.5859375
0.9765625 0.59375
0.984375 0.59375
0.9921875 0.5859375
1 0.5859375
0.9921875 0.59375
1 0.59375
0.9453125 0.6015625
0.953125 0.6015625
0.9453125 0.609375
0.953125 0.609375
0.9609375 0.6015625
0.96875 0.6015625
0.9609375 0.609375
0.96875 0.609375
0.9453125 0.6171875
0.953125 0.6171875
0.9453125 0.625
0.953125 0.625
0.9609375 0.6171875
0.96875 0.6171875
0.9609375 0.625
0.96875 0.625
0.9765625 0.6015625
0.984375 0.6015625
0.9765625 0.609375
0.984375 0.609375
0.9921875 0.6015625
1 0.6015625
0.9921875 0.609375
1 0.609375
0.9765625 0.6171875
0.984375 0.6171875
0.9765625 0.625
0.984375 0.625
0.9921875 0.6171875
1 0.6171875
0.9921875 0.625
1 0.625
0.7578125 0.6328125
0.765625 0.6328125
0.7578125 0.640625
0.765625 0.640625
0.7734375 0.6328125
0.78125 0.6328125
0.7734375 0.640625
0.78125 0.640625
0.7578125 0.6484375
0.765625 0.6484375
0.7578125 0.65625
0.765625 0.65625
0.7734375 0.6484375
0.78125 0.6484375
0.7734375 0.65625
0.78125 0.65625
0.7890625 0.6328125
0.796875 0.6328125
0.7890625 0.640625
0.796875 0.640625
0.8046875 0.6328125
0.8125 0.6328125
0.8046875 0.640625
0.8125 0.640625
0.7890625 0.6484375
0.796875 0.6484375
0.7890625 0.65625
0.796875 0.65625
0.8046875 0.6484375
0.8125 0.6484375
0.8046875 0.65625
0.8125 0.65625
0.7578125 0.6640625
0.765625 0.6640625
0.7578125 0.671875
0.765625 0.671875
0.7734375 0.6640625
0.78125 0.6640625
0.7734375 0.671875
0.78125 0.671875
0.7578125 0.6796875
0.765625 0.6796875
0.7578125 0.6875
0.765625 0.6875
0.7734375 0.6796875
0.78125 0.6796875
0.7734375 0.6875
0.78125 0.6875
0.7890625 0.6640625
0.796875 0.6640625
0.7890625 0.671875
0.796875 0.671875
0.8046875 0.6640625
0.8125 0.6640625
0.8046875 0.671875
0.8125 0.671875
0.7890625 0.6796875
0.796875 0.6796875
0.7890625 0.6875
0.796875 0.6875
0.8046875 0.6796875
0.8125 0.6796875
0.8046875 0.6875
0.8125 0.6875
0.8203125 0.6328125
0.828125 0.6328125
0.8203125 0.640625
0.828125 0.640625
0.8359375 0.6328125
0.84375 0.6328125
0.8359375 0.640625
0.84375 0.640625
0.8203125 0.6484375
0.828125 0.6484375
0.8203125 0.65625
0.828125 0.65625
0.8359375 0.6484375
0.84375 0.6484375
0.8359375 0.65625
0.84375 0.65625
0.8515625 0.6328125
0.859375 0.6328125
0.8515625 0.640625
0.859375 0.640625
0.8671875 0.6328125
0.875 0.6328125
0.8671875 0.640625
0.875 0.640625
0.8515625 0.6484375
0.859375 0.6484375
0.8515625 0.65625
0.859375 0.65625
0.8671875 0.6484375
0.875 0.6484375
0.8671875 0.65625
0.875 0.65625
0.8203125 0.6640625
0.828125 0.6640625
0.8203125 0.671875
0.828125 0.671875
0.8359375 0.6640625
0.84375 0.6640625
0.8359375 0.671875
0.84375 0.671875
0.8203125 0.6796875
0.828125 0.6796875
0.8203125 0.6875
0.828125 0.6875
0.8359375 0.6796875
0.84375 0.6796875
0.8359375 0.6875
0.84375 0.6875
0.8515625 0.6640625
0.859375 0.6640625
0.8515625 0.671875
0.859375 0.671875
0.8671875 0.6640625
0.875 0.6640625
0.8671875 0.671875
0.875 0.671875
0.8515625 0.6796875
0.859375 0.6796875
0.8515625 0.6875
0.859375 0.6875
0.8671875 0.6796875
0.875 0.6796875
0.8671875 0.6875
0.875 0.6875
0.7578125 0.6953125
0.765625 0.6953125
0.7578125 0.703125
0.765625 0.703125
0.7734375 0.6953125
0.78125 0.6953125
0.7734375 0.703125
0.78125 0.703125
0.7578125 0.7109375
0.765625 0.7109375
0.7578125 0.71875
0.765625 0.71875
0.7734375 0.7109375
0.78125 0.7109375
0.7734375 0.71875
0.78125 0.71875
0.7890625 0.6953125
0.796875 0.6953125
0.7890625 0.703125
0.796875 0.703125
0.8046875 0.6953125
0.8125 0.6953125
0.8046875 0.703125
0.8125 0.703125
0.7890625 0.7109375
0.796875 0.7109375
0.7890625 0.71875
0.796875 0.71875
0.8046875 0.7109375
0.8125 0.7109375
0.8046875 0.71875
0.8125 0.71875
0.7578125 0.7265625
0.765625 0.7265625
0.7578125 0.734375
0.765625 0.734375
0.7734375 0.7265625
0.78125 0.7265625
0.7734375 0.734375
0.78125 0.734375
0.7578125 0.7421875
0.765625 0.7421875
0.7578125 0.75
0.765625 0.75
0.7734375 0.7421875
0.78125 0.7421875
0.7734375 0.75
0.78125 0.75
0.7890625 0.7265625
0.796875 0.7265625
0.7890625 0.734375
0.796875 0.734375
0.8046875 0.7265625
0.8125 0.7265625
0.8046875 0.734375
0.8125 0.734375
0.7890625 0.7421875
0.796875 0.7421875
0.7890625 0.75
0.796875 0.75
0.8046875 0.7421875
0.8125 0.7421875
0.8046875 0.75
0.8125 0.75
0.8203125 0.6953125
0.828125 0.6953125
0.8203125 0.703125
0.828125 0.703125
0.8359375 0.6953125
0.84375 0.6953125
0.8359375 0.703125
0.84375 0.703125
0.8203125 0.7109375
0.828125 0.7109375
0.8203125 0.71875
0.828125 0.71875
0.8359375 0.7109375
0.84375 0.7109375
0.8359375 0.71875
0.84375 0.71875
0.8515625 0.6953125
0.859375 0.6953125
0.8515625 0.703125
0.859375 0.703125
0.8671875 0.6953125
0.875 0.6953125
0.8671875 0.703125
0.875 0.703125
0.8515625 0.7109375
0.859375 0.7109375
0.8515625 0.71875
0.859375 0.71875
0.8671875 0.7109375
0.875 0.7109375
0.8671875 0.71875
0.875 0.71875
0.8203125 0.7265625
0.828125 0.7265625
0.8203125 0.734375
0.828125 0.734375
0.8359375 0.7265625
0.84375 0.7265625
0.8359375 0.734375
0.84375 0.734375
0.8203125 0.7421875
0.828125 0.7421875
0.8203125 0.75
0.828125 0.75
0.8359375 0.7421875
0.84375 0.7421875
0.8359375 0.75
0.84375 0.75
0.8515625 0.7265625
0.859375 0.7265625
0.8515625 0.734375
0.859375 0.734375
0.8671875 0.7265625
0.875 0.7265625
0.8671875 0.734375
0.875 0.734375
0.8515625 0.7421875
0.859375 0.7421875
0.8515625 0.75
0.859375 0.75
0.8671875 0.7421875
0.875 0.7421875
0.8671875 0.75
0.875 0.75
0.8828125 0.6328125
0.890625 0.6328125
0.8828125 0.640625
0.890625 0.640625
0.8984375 0.6328125
0.90625 0.6328125
0.8984375 0.640625
0.90625 0.640625
0.8828125 0.6484375
0.890625 0.6484375
0.8828125 0.65625
0.890625 0.65625
0.8984375 0.6484375
0.90625 0.6484375
0.8984375 0.65625
0.90625 0.65625
0.9140625 0.6328125
0.921875 0.6328125
0.9140625 0.640625
0.921875 0.640625
0.9296875 0.6328125
0.9375 0.6328125
0.9296875 0.640625
0.9375 0.640625
0.9140625 0.6484375
0.921875 0.6484375
0.9140625 0.65625
0.921875 0.65625
0.9296875 0.6484375
0.9375 0.6484375
0.9296875 0.65625
0.9375 0.65625
0.8828125 0.6640625
0.890625 0.6640625
0.8828125 0.671875
0.890625 0.671875
0.8984375 0.6640625
0.90625 0.6640625
0.8984375 0.671875
0.90625 0.671875
0.8828125 0.6796875
0.890625 0.6796875
0.8828125 0.6875
0.890625 0.6875
0.8984375 0.6796875
0.90625 0.6796875
0.8984375 0.6875
0.90625 0.6875
0.9140625 0.6640625
0.921875 0.6640625
0.9140625 0.671875
0.921875 0.671875
0.9296875 0.6640625
0.9375 0.6640625
0.9296875 0.671875
0.9375 0.671875
0.9140625 0.6796875
0.921875 0.6796875
0.9140625 0.6875
0.921875 0.6875
0.9296875 0.6796875
0.9375 0.6796875
0.9296875 0.6875
0.9375 0.6875
0.9453125 0.6328125
0.953125 0.6328125
0.9453125 0.640625
0.953125 0.640625
0.9609375 0.6328125
0.96875 0.6328125
0.9609375 0.640625
0.96875 0.640625
0.9453125 0.6484375
0.953125 0.6484375
0.9453125 0.65625
0.953125 0.65625
0.9609375 0.6484375
0.96875 0.6484375
0.9609375 0.65625
0.96875 0.65625
0.9765625 0.6328125
0.984375 0.6328125
0.9765625 0.640625
0.984375 0.640625
0.9921875 0.6328125
1 0.6328125
0.9921875 0.640625
1 0.640625
0.9765625 0.6484375
0.984375 0.6484375
0.9765625 0.65625
0.984375 0.65625
0.9921875 0.6484375
1 0.6484375
0.9921875 0.65625
1 0.65625
0.9453125 0.6640625
0.953125 0.6640625
0.9453125 0.671875
0.953125 0.671875
0.9609375 0.6640625
0.96875 0.6640625
0.9609375 0.671875
0.96875 0.671875
0.9453125 0.6796875
0.953125 0.6796875
0.9453125 0.6875
0.953125 0.6875
0.9609375 0.6796875
0.96875 0.6796875
0.9609375 0.6875
0.96875 0.6875
0.9765625 0.6640625
0.984375 0.6640625
0.9765625 0.671875
0.984375 0.671875
0.9921875 0.6640625
1 0.6640625
0.9921875 0.671875
1 0.671875
0.9765625 0.6796875
0.984375 0.6796875
0.9765625 0.6875
0.984375 0.6875
0.9921875 0.6796875
1 0.6796875
0.9921875 0.6875
1 0.6875
0.8828125 0.6953125
0.890625 0.6953125
0.8828125 0.703125
0.890625 0.703125
0.8984375 0.6953125
0.90625 0.6953125
0.8984375 0.703125
0.90625 0.703125
0.8828125 0.7109375
0.890625 0.7109375
0.8828125 0.71875
0.890625 0.71875
0.8984375 0.7109375
0.90625 0.7109375
0.8984375 0.71875
0.90625 0.71875
0.9140625 0.6953125
0.921875 0.6953125
0.9140625 0.703125
0.921875 0.703125
0.9296875 0.6953125
0.9375 0.6953125
0.9296875 0.703125
0.9375 0.703125
0.9140625 0.7109375
0.921875 0.7109375
0.9140625 0.71875
0.921875 0.71875
0.9296875 0.7109375
0.9375 0.7109375
0.9296875 0.71875
0.9375 0.71875
0.8828125 0.7265625
0.890625 0.7265625
0.8828125 0.734375
0.890625 0.734375
0.8984375 0.7265625
0.90625 0.7265625
0.8984375 0.734375
0.90625 0.734375
0.8828125 0.7421875
0.890625 0.7421875
0.8828125 0.75
0.890625 0.75
0.8984375 0.7421875
0.90625 0.7421875
0.8984375 0.75
0.90625 0.75
0.9140625 0.7265625
0.921875 0.7265625
0.9140625 0.734375
0.921875 0.734375
0.9296875 0.7265625
0.9375 0.7265625
0.9296875 0.734375
0.9375 0.734375
0.9140625 0.7421875
0.921875 0.7421875
0.9140625 0.75
0.921875 0.75
0.9296875 0.7421875
0.9375 0.7421875
0.9296875 0.75
0.9375 0.75
0.9453125 0.6953125
0.953125 0.6953125
0.9453125 0.703125
0.953125 0.703125
0.9609375 0.6953125
0.96875 0.6953125
0.9609375 0.703125
0.96875 0.703125
0.9453125 0.7109375
0.953125 0.7109375
0.9453125 0.71875
0.953125 0.71875
0.9609375 0.7109375
0.96875 0.7109375
0.9609375 0.71875
0.96875 0.71875
0.9765625 0.6953125
0.984375 0.6953125
0.9765625 0.703125
0.984375 0.703125
0.9921875 0.6953125
1 0.6953125
0.9921875 0.703125
1 0.703125
0.9765625 0.7109375
0.984375 0.7109375
0.9765625 0.71875
0.984375 0.71875
0.9921875 0.7109375
1 0.7109375
0.9921875 0.71875
1 0.71875
0.9453125 0.7265625
0.953125 0.7265625
0.9453125 0.734375
0.953125 0.734375
0.9609375 0.7265625
0.96875 0.7265625
0.9609375 0.734375
0.96875 0.734375
0.9453125 0.7421875
0.953125 0.7421875
0.9453125 0.75
0.953125 0.75
0.9609375 0.7421875
0.96875 0.7421875
0.9609375 0.75
0.96875 0.75
0.9765625 0.7265625
0.984375 0.7265625
0.9765625 0.734375
0.984375 0.734375
0.9921875 0.7265625
1 0.7265625
0.9921875 0.734375
1 0.734375
0.9765625 0.7421875
0.984375 0.7421875
0.9765625 0.75
0.984375 0.75
0.9921875 0.7421875
1 0.7421875
0.9921875 0.75
1 0.75
0.7578125 0.7578125
0.765625 0.7578125
0.7578125 0.765625
0.765625 0.765625
0.7734375 0.7578125
0.78125 0.7578125
0.7734375 0.765625
0.78125 0.765625
0.7578125 0.7734375
0.765625 0.7734375
0.7578125 0.78125
0.765625 0.78125
0.7734375 0.7734375
0.78125 0.7734375
0.7734375 0.78125
0.78125 0.78125
0.7890625 0.7578125
0.796875 0.7578125
0.7890625 0.765625
0.796875 0.765625
0.8046875 0.7578125
0.8125 0.7578125
0.8046875 0.765625
0.8125 0.765625
0.7890625 0.7734375
0.796875 0.7734375
0.7890625 0.78125
0.796875 0.78125
0.8046875 0.7734375
0.8125 0.7734375
0.8046875 0.78125
0.8125 0.78125
0.7578125 0.7890625
0.765625 0.7890625
0.7578125 0.796875
0.765625 0.796875
0.7734375 0.7890625
0.78125 0.7890625
0.7734375 0.796875
0.78125 0.796875
0.7578125 0.8046875
0.765625 0.8046875
0.7578125 0.8125
0.765625 0.8125
0.7734375 0.8046875
0.78125 0.8046875
0.7734375 0.8125
0.78125 0.8125
0.7890625 0.7890625
0.796875 0.7890625
0.7890625 0.796875
0.796875 0.796875
0.8046875 0.7890625
0.8125 0.7890625
0.8046875 0.796875
0.8125 0.796875
0.7890625 0.8046875
0.796875 0.8046875
0.7890625 0.8125
0.796875 0.8125
0.8046875 0.8046875
0.8125 0.8046875
0.8046875 0.8125
0.8125 0.8125
0.8203125 0.7578125
0.828125 0.7578125
0.8203125 0.765625
0.828125 0.765625
0.8359375 0.7578125
0.84375 0.7578125
0.8359375 0.765625
0.84375 0.765625
0.8203125 0.7734375
0.828125 0.7734375
0.8203125 0.78125
0.828125 0.78125
0.8359375 0.7734375
0.84375 0.7734375
0.8359375 0.78125
0.84375 0.78125
0.8515625 0.7578125
0.859375 0.7578125
0.8515625 0.765625
0.859375 0.765625
0.8671875 0.7578125
0.875 0.7578125
0.8671875 0.765625
0.875 0.765625
0.8515625 0.7734375
0.859375 0.7734375
0.8515625 0.78125
0.859375 0.78125
0.8671875 0.7734375
0.875 0.7734375
0.8671875 0.78125
0.875 0.78125
0.8203125 0.7890625
0.828125 0.7890625
0.8203125 0.796875
0.828125 0.796875
0.8359375 0.7890625
0.84375 0.7890625
0.8359375 0.796875
0.84375 0.796875
0.8203125 0.8046875
0.828125 0.8046875
0.8203125 0.8125
0.828125 0.8125
0.8359375 0.8046875
0.84375 0.8046875
0.8359375 0.8125
0.84375 0.8125
0.8515625 0.7890625
0.859375 0.7890625
0.8515625 0.796875
0.859375 0.796875
0.8671875 0.7890625
0.875 0.7890625
0.8671875 0.796875
0.875 0.796875
0.8515625 0.8046875
0.859375 0.8046875
0.8515625 0.8125
0.859375 0.8125
0.8671875 0.8046875
0.875 0.8046875
0.8671875 0.8125
0.875 0.8125
0.7578125 0.8203125
0.765625 0.8203125
0.7578125 0.828125
0.765625 0.828125
0.7734375 0.8203125
0.78125 0.8203125
0.7734375 0.828125
0.78125 0.828125
0.7578125 0.8359375
0.765625 0.8359375
0.7578125 0.84375
0.765625 0.84375
0.7734375 0.8359375
0.78125 0.8359375
0.7734375 0.84375
0.78125 0.84375
0.7890625 0.8203125
0.796875 0.8203125
0.7890625 0.828125
0.796875 0.828125
0.8046875 0.8203125
0.8125 0.8203125
0.8046875 0.828125
0.8125 0.828125
0.7890625 0.8359375
0.796875 0.8359375
0.7890625 0.84375
0.796875 0.84375
0.8046875 0.8359375
0.8125 0.8359375
0.8046875 0.84375
0.8125 0.84375
0.7578125 0.8515625
0.765625 0.8515625
0.7578125 0.859375
0.765625 0.859375
0.7734375 0.8515625
0.78125 0.8515625
0.7734375 0.859375
0.78125 0.859375
0.7578125 0.8671875
0.765625 0.8671875
0.7578125 0.875
0.765625 0.875
0.7734375 0.8671875
0.78125 0.8671875
0.7734375 0.875
0.78125 0.875
0.7890625 0.8515625
0.796875 0.8515625
0.7890625 0.859375
0.796875 0.859375
0.8046875 0.8515625
0.8125 0.8515625
0.8046875 0.859375
0.8125 0.859375
0.7890625 0.8671875
0.796875 0.8671875
0.7890625 0.875
0.796875 0.875
0.8046875 0.8671875
0.8125 0.8671875
0.8046875 0.875
0.8125 0.875
0.8203125 0.8203125
0.828125 0.8203125
0.8203125 0.828125
0.828125 0.828125
0.8359375 0.8203125
0.84375 0.8203125
0.8359375 0.828125
0.84375 0.828125
0.8203125 0.8359375
0.828125 0.8359375
0.8203125 0.84375
0.828125 0.84375
0.8359375 0.8359375
0.84375 0.8359375
0.8359375 0.84375
0.84375 0.84375
0.8515625 0.8203125
0.859375 0.8203125
0.8515625 0.828125
0.859375 0.828125
0.8671875 0.8203125
0.875 0.8203125
0.8671875 0.828125
0.875 0.828125
0.8515625 0.8359375
0.859375 0.8359375
0.8515625 0.84375
0.859375 0.84375
0.8671875 0.8359375
0.875 0.8359375
0.8671875 0.84375
0.875 0.84375
0.8203125 0.8515625
0.828125 0.8515625
0.8203125 0.859375
0.828125 0.859375
0.8359375 0.8515625
0.84375 0.8515625
0.8359375 0.859375
0.84375 0.859375
0.8203125 0.8671875
0.828125 0.8671875
0.8203125 0.875
0.828125 0.875
0.8359375 0.8671875
0.84375 0.8671875
0.8359375 0.875
0.84375 0.875
0.8515625 0.8515625
0.859375 0.8515625
0.8515625 0.859375
0.859375 0.859375
0.8671875 0.8515625
0.875 0.8515625
0.8671875 0.859375
0.875 0.859375
0.8515625 0.8671875
0.859375 0.8671875
0.8515625 0.875
0.859375 0.875
0.8671875 0.8671875
0.875 0.8671875
0.8671875 0.875
0.875 0.875
0.8828125 0.7578125
0.890625 0.7578125
0.8828125 0.765625
0.890625 0.765625
0.8984375 0.7578125
0.90625 0.7578125
0.8984375 0.765625
0.90625 0.765625
0.8828125 0.7734375
0.890625 0.7734375
0.8828125 0.78125
0.890625 0.78125
0.8984375 0.7734375
0.90625 0.7734375
0.8984375 0.78125
0.90625 0.78125
0.9140625 0.7578125
0.921875 0.7578125
0.9140625 0.765625
0.921875 0.765625
0.9296875 0.7578125
0.9375 0.7578125
0.9296875 0.765625
0.9375 0.765625
0.9140625 0.7734375
0.921875 0.7734375
0.9140625 0.78125
0.921875 0.78125
0.9296875 0.7734375
0.9375 0.7734375
0.9296875 0.78125
0.9375 0.78125
0.8828125 0.7890625
0.890625 0.7890625
0.8828125 0.796875
0.890625 0.796875
0.8984375 0.7890625
0.90625 0.7890625
0.8984375 0.796875
0.90625 0.796875
0.8828125 0.8046875
0.890625 0.8046875
0.8828125 0.8125
0.890625 0.8125
0.8984375 0.8046875
0.90625 0.8046875
0.8984375 0.8125
0.90625 0.8125
0.9140625 0.7890625
0.921875 0.7890625
0.9140625 0.796875
0.921875 0.796875
0.9296875 0.7890625
0.9375 0.7890625
0.9296875 0.796875
0.9375 0.796875
0.9140625 0.8046875
0.921875 0.8046875
0.9140625 0.8125
0.921875 0.8125
0.9296875 0.8046875
0.9375 0.8046875
0.9296875 0.8125
0.9375 0.8125
0.9453125 0.7578125
0.953125 0.7578125
0.9453125 0.765625
0.953125 0.765625
0.9609375 0.7578125
0.96875 0.7578125
0.9609375 0.765625
0.96875 0.765625
0.9453125 0.7734375
0.953125 0.7734375
0.9453125 0.78125
0.953125 0.78125
0.9609375 0.7734375
0.96875 0.7734375
0.9609375 0.78125
0.96875 0.78125
0.9765625 0.7578125
0.984375 0.7578125
0.9765625 0.765625
0.984375 0.765625
0.9921875 0.7578125
1 0.7578125
0.9921875 0.765625
1 0.765625
0.9765625 0.7734375
0.984375 0.7734375
0.9765625 0.78125
0.984375 0.78125
0.9921875 0.7734375
1 0.7734375
0.9921875 0.78125
1 0.78125
0.9453125 0.7890625
0.953125 0.7890625
0.9453125 0.796875
0.953125 0.796875
0.9609375 0.7890625
0.96875 0.7890625
0.9609375 0.796875
0.96875 0.796875
0.9453125 0.8046875
0.953125 0.8046875
0.9453125 0.8125
0.953125 0.8125
0.9609375 0.8046875
0.96875 0.8046875
0.9609375 0.8125
0.96875 0.8125
0.9765625 0.7890625
0.984375 0.7890625
0.9765625 0.796875
0.984375 0.796875
0.9921875 0.7890625
1 0.7890625
0.9921875 0.796875
1 0.796875
0.9765625 0.8046875
0.984375 0.8046875
0.9765625 0.8125
0.984375 0.8125
0.9921875 0.8046875
1 0.8046875
0.9921875 0.8125
1 0.8125
0.8828125 0.8203125
0.890625 0.8203125
0.8828125 0.828125
0.890625 0.828125
0.8984375 0.8203125
0.90625 0.8203125
0.8984375 0.828125
0.90625 0.828125
0.8828125 0.8359375
0.890625 0.8359375
0.8828125 0.84375
0.890625 0.84375
0.8984375 0.8359375
0.90625 0.8359375
0.8984375 0.84375
0.90625 0.84375
0.9140625 0.8203125
0.921875 0.8203125
0.9140625 0.828125
0.921875 0.828125
0.9296875 0.8203125
0.9375 0.8203125
0.9296875 0.828125
0.9375 0.828125
0.9140625 0.8359375
0.921875 0.8359375
0.9140625 0.84375
0.921875 0.84375
0.9296875 0.8359375
0.9375 0.8359375
0.9296875 0.84375
0.9375 0.84375
0.8828125 0.8515625
0.890625 0.8515625
0.8828125 0.859375
0.890625 0.859375
0.8984375 0.8515625
0.90625 0.8515625
0.8984375 0.859375
0.90625 0.859375
0.8828125 0.8671875
0.890625 0.8671875
0.8828125 0.875
0.890625 0.875
0.8984375 0.8671875
0.90625 0.8671875
0.8984375 0.875
0.90625 0.875
0.9140625 0.8515625
0.921875 0.8515625
0.9140625 0.859375
0.921875 0.859375
0.9296875 0.8515625
0.9375 0.8515625
0.9296875 0.859375
0.9375 0.859375
0.9140625 0.8671875
0.921875 0.8671875
0.9140625 0.875
0.921875 0.875
0.9296875 0.8671875
0.9375 0.8671875
0.9296875 0.875
0.9375 0.875
0.9453125 0.8203125
0.953125 0.8203125
0.9453125 0.828125
0.953125 0.828125
0.9609375 0.8203125
0.96875 0.8203125
0.9609375 0.828125
0.96875 0.828125
0.9453125 0.8359375
0.953125 0.8359375
0.9453125 0.84375
0.953125 0.84375
0.9609375 0.8359375
0.96875 0.8359375
0.9609375 0.84375
0.96875 0.84375
0.9765625 0.8203125
0.984375 0.8203125
0.9765625 0.828125
0.984375 0.828125
0.9921875 0.8203125
1 0.8203125
0.9921875 0.828125
1 0.828125
0.9765625 0.8359375
0.984375 0.8359375
0.9765625 0.84375
0.984375 0.84375
0.9921875 0.8359375
1 0.8359375
0.9921875 0.84375
1 0.84375
0.9453125 0.8515625
0.953125 0.8515625
0.9453125 0.859375
0.953125 0.859375
0.9609375 0.8515625
0.96875 0.8515625
0.9609375 0.859375
0.96875 0.859375
0.9453125 0.8671875
0.953125 0.8671875
0.9453125 0.875
0.953125 0.875
0.9609375 0.8671875
0.96875 0.8671875
0.9609375 0.875
0.96875 0.875
0.9765625 0.8515625
0.984375 0.8515625
0.9765625 0.859375
0.984375 0.859375
0.9921875 0.8515625
1 0.8515625
0.9921875 0.859375
1 0.859375
0.9765625 0.8671875
0.984375 0.8671875
0.9765625 0.875
0.984375 0.875
0.9921875 0.8671875
1 0.8671875
0.9921875 0.875
1 0.875
0.7578125 0.8828125
0.765625 0.8828125
0.7578125 0.890625
0.765625 0.890625
0.7734375 0.8828125
0.78125 0.8828125
0.7734375 0.890625
0.78125 0.890625
0.7578125 0.8984375
0.765625 0.8984375
0.7578125 0.90625
0.765625 0.90625
0.7734375 0.8984375
0.78125 0.8984375
0.7734375 0.90625
0.78125 0.90625
0.7890625 0.8828125
0.796875 0.8828125
0.7890625 0.890625
0.796875 0.890625
0.8046875 0.8828125
0.8125 0.8828125
0.8046875 0.890625
0.8125 0.890625
0.7890625 0.8984375
0.796875 0.8984375
0.7890625 0.90625
0.796875 0.90625
0.8046875 0.8984375
0.8125 0.8984375
0.8046875 0.90625
0.8125 0.90625
0.7578125 0.9140625
0.765625 0.9140625
0.7578125 0.921875
0.765625 0.921875
0.7734375 0.9140625
0.78125 0.9140625
0.7734375 0.921875
0.78125 0.921875
0.7578125 0.9296875
0.765625 0.9296875
0.7578125 0.9375
0.765625 0.9375
0.7734375 0.9296875
0.78125 0.9296875
0.7734375 0.9375
0.78125 0.9375
0.7890625 0.9140625
0.796875 0.9140625
0.7890625 0.921875
0.796875 0.921875
0.8046875 0.9140625
0.8125 0.9140625
0.8046875 0.921875
0.8125 0.921875
0.7890625 0.9296875
0.796875 0.9296875
0.7890625 0.9375
0.796875 0.9375
0.8046875 0.9296875
0.8125 0.9296875
0.8046875 0.9375
0.8125 0.9375
0.8203125 0.8828125
0.828125 0.8828125
0.8203125 0.890625
0.828125 0.890625
0.8359375 0.8828125
0.84375 0.8828125
0.8359375 0.890625
0.84375 0.890625
0.8203125 0.8984375
0.828125 0.8984375
0.8203125 0.90625
0.828125 0.90625
0.8359375 0.8984375
0.84375 0.8984375
0.8359375 0.90625
0.84375 0.90625
0.8515625 0.8828125
0.859375 0.8828125
0.8515625 0.890625
0.859375 0.890625
0.8671875 0.8828125
0.875 0.8828125
0.8671875 0.890625
0.875 0.890625
0.8515625 0.8984375
0.859375 0.8984375
0.8515625 0.90625
0.859375 0.90625
0.8671875 0.8984375
0.875 0.8984375
0.8671875 0.90625
0.875 0.90625
0.8203125 0.9140625
0.828125 0.9140625
0.8203125 0.921875
0.828125 0.921875
0.8359375 0.9140625
0.84375 0.9140625
0.8359375 0.921875
0.84375 0.921875
0.8203125 0.9296875
0.828125 0.9296875
0.8203125 0.9375
0.828125 0.9375
0.8359375 0.9296875
0.84375 0.9296875
0.8359375 0.9375
0.84375 0.9375
0.8515625 0.9140625
0.859375 0.9140625
0.8515625 0.921875
0.859375 0.921875
0.8671875 0.9140625
0.875 0.9140625
0.8671875 0.921875
0.875 0.921875
0.8515625 0.9296875
0.859375 0.9296875
0.8515625 0.9375
0.859375 0.9375
0.8671875 0.9296875
0.875 0.9296875
0.8671875 0.9375
0.875 0.9375
0.7578125 0.9453125
0.765625 0.9453125
0.7578125 0.953125
0.765625 0.953125
0.7734375 0.9453125
0.78125 0.9453125
0.7734375 0.953125
0.78125 0.953125
0.7578125 0.9609375
0.765625 0.9609375
0.7578125 0.96875
0.765625 0.96875
0.7734375 0.9609375
0.78125 0.9609375
0.7734375 0.96875
0.78125 0.96875
0.7890625 0.9453125
0.796875 0.9453125
0.7890625 0.953125
0.796875 0.953125
0.8046875 0.9453125
0.8125 0.9453125
0.8046875 0.953125
0.8125 0.953125
0.7890625 0.9609375
0.796875 0.9609375
0.7890625 0.96875
0.796875 0.96875
0.8046875 0.9609375
0.8125 0.9609375
0.8046875 0.96875
0.8125 0.96875
0.7578125 0.9765625
0.765625 0.9765625
0.7578125 0.984375
0.765625 0.984375
0.7734375 0.9765625
0.78125 0.9765625
0.7734375 0.984375
0.78125 0.984375
0.7578125 0.9921875
0.765625 0.9921875
0.7578125 1
0.765625 1
0.7734375 0.9921875
0.78125 0.9921875
0.7734375 1
0.78125 1
0.7890625 0.9765625
0.796875 0.9765625
0.7890625 0.984375
0.796875 0.984375
0.8046875 0.9765625
0.8125 0.9765625
0.8046875 0.984375
0.8125 0.984375
0.7890625 0.9921875
0.796875 0.9921875
0.7890625 1
0.796875 1
0.8046875 0.9921875
0.8125 0.9921875
0.8046875 1
0.8125 1
0.8203125 0.9453125
0.828125 0.9453125
0.8203125 0.953125
0.828125 0.953125
0.8359375 0.9453125
0.84375 0.9453125
0.8359375 0.953125
0.84375 0.953125
0.8203125 0.9609375
0.828125 0.9609375
0.8203125 0.96875
0.828125 0.96875
0.8359375 0.9609375
0.84375 0.9609375
0.8359375 0.96875
0.84375 0.96875
0.8515625 0.9453125
0.859375 0.9453125
0.8515625 0.953125
0.859375 0.953125
0.8671875 0.9453125
0.875 0.9453125
0.8671875 0.953125
0.875 0.953125
0.8515625 0.9609375
0.859375 0.9609375
0.8515625 0.96875
0.859375 0.96875
0.8671875 0.9609375
0.875 0.9609375
0.8671875 0.96875
0.875 0.96875
0.8203125 0.9765625
0.828125 0.9765625
0.8203125 0.984375
0.828125 0.984375
0.8359375 0.9765625
0.84375 0.9765625
0.8359375 0.984375
0.84375 0.984375
0.8203125 0.9921875
0.828125 0.9921875
0.8203125 1
0.828125 1
0.8359375 0.9921875
0.84375 0.9921875
0.8359375 1
0.84375 1
0.8515625 0.9765625
0.859375 0.9765625
0.8515625 0.984375
0.859375 0.984375
0.8671875 0.9765625
0.875 0.9765625
0.8671875 0.984375
0.875 0.984375
0.8515625 0.9921875
0.859375 0.9921875
0.8515625 1
0.859375 1
0.8671875 0.9921875
0.875 0.9921875
0.8671875 1
0.875 1
0.8828125 0.8828125
0.890625 0.8828125
0.8828125 0.890625
0.890625 0.890625
0.8984375 0.8828125
0.90625 0.8828125
0.8984375 0.890625
0.90625 0.890625
0.8828125 0.8984375
0.890625 0.8984375
0.8828125 0.90625
0.890625 0.90625
0.8984375 0.8984375
0.90625 0.8984375
0.8984375 0.90625
0.90625 0.90625
0.9140625 0.8828125
0.921875 0.8828125
0.9140625 0.890625
0.921875 0.890625
0.9296875 0.8828125
0.9375 0.8828125
0.9296875 0.890625
0.9375 0.890625
0.9140625 0.8984375
0.921875 0.8984375
0.9140625 0.90625
0.921875 0.90625
0.9296875 0.8984375
0.9375 0.8984375
0.9296875 0.90625
0.9375 0.90625
0.8828125 0.9140625
0.890625 0.9140625
0.8828125 0.921875
0.890625 0.921875
0.8984375 0.9140625
0.90625 0.9140625
0.8984375 0.921875
0.90625 0.921875
0.8828125 0.9296875
0.890625 0.9296875
0.8828125 0.9375
0.890625 0.9375
0.8984375 0.9296875
0.90625 0.9296875
0.8984375 0.9375
0.90625 0.9375
0.9140625 0.9140625
0.921875 0.9140625
0.9140625 0.921875
0.921875 0.921875
0.9296875 0.9140625
0.9375 0.9140625
0.9296875 0.921875
0.9375 0.921875
0.9140625 0.9296875
0.921875 0.9296875
0.9140625 0.9375
0.921875 0.9375
0.9296875 0.9296875
0.9375 0.9296875
0.9296875 0.9375
0.9375 0.9375
0.9453125 0.8828125
0.953125 0.8828125
0.9453125 0.890625
0.953125 0.890625
0.9609375 0.8828125
0.96875 0.8828125
0.9609375 0.890625
0.96875 0.890625
0.9453125 0.8984375
0.953125 0.8984375
0.9453125 0.90625
0.953125 0.90625
0.9609375 0.8984375
0.96875 0.8984375
0.9609375 0.90625
0.96875 0.90625
0.9765625 0.8828125
0.984375 0.8828125
0.9765625 0.890625
0.984375 0.890625
0.9921875 0.8828125
1 0.8828125
0.9921875 0.890625
1 0.890625
0.9765625 0.8984375
0.984375 0.8984375
0.9765625 0.90625
0.984375 0.90625
0.9921875 0.8984375
1 0.8984375
0.9921875 0.90625
1 0.90625
0.9453125 0.9140625
0.953125 0.9140625
0.9453125 0.921875
0.953125 0.921875
0.9609375 0.9140625
0.96875 0.9140625
0.9609375 0.921875
0.96875 0.921875
0.9453125 0.9296875
0.953125 0.9296875
0.9453125 0.9375
0.953125 0.9375
0.9609375 0.9296875
0.96875 0.9296875
0.9609375 0.9375
0.96875 0.9375
0.9765625 0.9140625
0.984375 0.9140625
0.9765625 0.921875
0.984375 0.921875
0.9921875 0.9140625
1 0.9140625
0.9921875 0.921875
1 0.921875
0.9765625 0.9296875
0.984375 0.9296875
0.9765625 0.9375
0.984375 0.9375
0.9921875 0.9296875
1 0.9296875
0.9921875 0.9375
1 0.9375
0.8828125 0.9453125
0.890625 0.9453125
0.8828125 0.953125
0.890625 0.953125
0.8984375 0.9453125
0.90625 0.9453125
0.8984375 0.953125
0.90625 0.953125
0.8828125 0.9609375
0.890625 0.9609375
0.8828125 0.96875
0.890625 0.96875
0.8984375 0.9609375
0.90625 0.9609375
0.8984375 0.96875
0.90625 0.96875
0.9140625 0.9453125
0.921875 0.9453125
0.9140625 0.953125
0.921875 0.953125
0.9296875 0.9453125
0.9375 0.9453125
0.9296875 0.953125
0.9375 0.953125
0.9140625 0.9609375
0.921875 0.9609375
0.9140625 0.96875
0.921875 0.96875
0.9296875 0.9609375
0.9375 0.9609375
0.9296875 0.96875
0.9375 0.96875
0.8828125 0.9765625
0.890625 0.9765625
0.8828125 0.984375
0.890625 0.984375
0.8984375 0.9765625
0.90625 0.9765625
0.8984375 0.984375
0.90625 0.984375
0.8828125 0.9921875
0.890625 0.9921875
0.8828125 1
0.890625 1
0.8984375 0.9921875
0.90625 0.9921875
0.8984375 1
0.90625 1
0.9140625 0.9765625
0.921875 0.9765625
0.9140625 0.984375
0.921875 0.984375
0.9296875 0.9765625
0.9375 0.9765625
0.9296875 0.984375
0.9375 0.984375
0.9140625 0.9921875
0.921875 0.9921875
0.9140625 1
0.921875 1
0.9296875 0.9921875
0.9375 0.9921875
0.9296875 1
0.9375 1
0.9453125 0.9453125
0.953125 0.9453125
0.9453125 0.953125
0.953125 0.953125
0.9609375 0.9453125
0.96875 0.9453125
0.9609375 0.953125
0.96875 0.953125
0.9453125 0.9609375
0.953125 0.9609375
0.9453125 0.96875
0.953125 0.96875
0.9609375 0.9609375
0.96875 0.9609375
0.9609375 0.96875
0.96875 0.96875
0.9765625 0.9453125
0.984375 0.9453125
0.9765625 0.953125
0.984375 0.953125
0.9921875 0.9453125
1 0.9453125
0.9921875 0.953125
1 0.953125
0.9765625 0.9609375
0.984375 0.9609375
0.9765625 0.96875
0.984375 0.96875
0.9921875 0.9609375
1 0.9609375
0.9921875 0.96875
1 0.96875
0.9453125 0.9765625
0.953125 0.9765625
0.9453125 0.984375
0.953125 0.984375
0.9609375 0.9765625
0.96875 0.9765625
0.9609375 0.984375
0.96875 0.984375
0.9453125 0.9921875
0.953125 0.9921875
0.9453125 1
0.953125 1
0.9609375 0.9921875
0.96875 0.9921875
0.9609375 1
0.96875 1
0.9765625 0.9765625
0.984375 0.9765625
0.9765625 0.984375
0.984375 0.984375
0.9921875 0.9765625
1 0.9765625
0.9921875 0.984375
1 0.984375
0.9765625 0.9921875
0.984375 0.9921875
0.9765625 1
0.984375 1
0.9921875 0.9921875
1 0.9921875
0.9921875 1
1 1
4 1 2 3 4
4 2 5 6 3
4 4 3 7 8
4 3 6 9 7
4 5 10 11 6
4 10 12 13 11
4 6 11 14 9
4 11 13 15 14
4 8 7 16 17
4 7 9 18 16
4 17 16 19 20
4 16 18 21 19
4 9 14 22 18
4 14 15 23 22
4 18 22 24 21
4 22 23 25 24
4 12 26 27 13
4 26 28 29 27
4 13 27 30 15
4 27 29 31 30
4 28 32 33 29
4 32 34 35 33
4 29 33 36 31
4 33 35 37 36
4 15 30 38 23
4 30 31 39 38
4 23 38 40 25
4 38 39 41 40
4 31 36 42 39
4 36 37 43 42
4 39 42 44 41
4 42 43 45 44
4 20 19 46 47
4 19 21 48 46
4 47 46 49 50
4 46 48 51 49
4 21 24 52 48
4 24 25 53 52
4 48 52 54 51
4 52 53 55 54
4 50 49 56 57
4 49 51 58 56
4 57 56 59 60
4 56 58 61 59
4 51 54 62 58
4 54 55 63 62
4 58 62 64 61
4 62 63 65 64
4 25 40 66 53
4 40 41 67 66
4 53 66 68 55
4 66 67 69 68
4 41 44 70 67
4 44 45 71 70
4 67 70 72 69
4 70 71 73 72
4 55 68 74 63
4 68 69 75 74
4 63 74 76 65
4 74 75 77 76
4 69 72 78 75
4 72 73 79 78
4 75 78 80 77
4 78 79 81 80
4 34 82 83 35
4 82 84 85 83
4 35 83 86 37
4 83 85 87 86
4 84 88 89 85
4 88 90 91 89
4 85 89 92 87
4 89 91 93 92
4 37 86 94 43
4 86 87 95 94
4 43 94 96 45
4 94 95 97 96
4 87 92 98 95
4 92 93 99 98
4 95 98 100 97
4 98 99 101 100
4 90 102 103 91
4 102 104 105 103
4 91 103 106 93
4 103 105 107 106
4 104 108 109 105
4 108 110 111 109
4 105 109 112 107
4 109 111 113 112
4 93 106 114 99
4 106 107 115 114
4 99 114 116 101
4 114 115 117 116
4 107 112 118 115
4 112 113 119 118
4 115 118 120 117
4 118 119 121 120
4 45 96 122 71
4 96 97 123 122
4 71 122 124 73
4 122 123 125 124
4 97 100 126 123
4 100 101 127 126
4 123 126 128 125
4 126 127 129 128
4 73 124 130 79
4 124 125 131 130
4 79 130 132 81
4 130 131 133 132
4 125 128 134 131
4 128 129 135 134
4 131 134 136 133
4 134 135 137 136
4 101 116 138 127
4 116 117 139 138
4 127 138 140 129
4 138 139 141 140
4 117 120 142 139
4 120 121 143 142
4 139 142 144 141
4 142 143 145 144
4 129 140 146 135
4 140 141 147 146
4 135 146 148 137
4 146 147 149 148
4 141 144 150 147
4 144 145 151 150
4 147 150 152 149
4 150 151 153 152
4 60 59 154 155
4 59 61 156 154
4 155 154 157 158
4 154 156 159 157
4 61 64 160 156
4 64 65 161 160
4 156 160 162 159
4 160 161 163 162
4 158 157 164 165
4 157 159 166 164
4 165 164 167 168
4 164 166 169 167
4 159 162 170 166
4 162 163 171 170
4 166 170 172 169
4 170 171 173 172
4 65 76 174 161
4 76 77 175 174
4 161 174 176 163
4 174 175 177 176
4 77 80 178 175
4 80 81 179 178
4 175 178 180 177
4 178 179 181 180
4 163 176 182 171
4 176 177 183 182
4 171 182 184 173
4 182 183 185 184
4 177 180 186 183
4 180 181 187 186
4 183 186 188 185
4 186 187 189 188
4 168 167 190 191
4 167 169 192 190
4 191 190 193 194
4 190 192 195 193
4 169 172 196 192
4 172 173 197 196
4 192 196 198 195
4 196 197 199 198
4 194 193 200 201
4 193 195 202 200
4 201 200 203 204
4 200 202 205 203
4 195 198 206 202
4 198 199 207 206
4 202 206 208 205
4 206 207 209 208
4 173 184 210 197
4 184 185 211 210
4 197 210 212 199
4 210 211 213 212
4 185 188 214 211
4 188 189 215 214
4 211 214 216 213
4 214 215 217 216
4 199 212 218 207
4 212 213 219 218
4 207 218 220 209
4 218 219 221 220
4 213 216 222 219
4 216 217 223 222
4 219 222 224 221
4 222 223 225 224
4 81 132 226 179
4 132 133 227 226
4 179 226 228 181
4 226 227 229 228
4 133 136 230 227
4 136 137 231 230
4 227 230 232 229
4 230 231 233 232
4 181 228 234 187
4 228 229 235 234
4 187 234 236 189
4 234 235 237 236
4 229 232 238 235
4 232 233 239 238
4 235 238 240 237
4 238 239 241 240
4 137 148 242 231
4 148 149 243 242
4 231 242 244 233
4 242 243 245 244
4 149 152 246 243
4 152 153 247 246
4 243 246 248 245
4 246 247 249 248
4 233 244 250 239
4 244 245 251 250
4 239 250 252 241
4 250 251 253 252
4 245 248 254 251
4 248 249 255 254
4 251 254 256 253
4 254 255 257 256
4 189 236 258 215
4 236 237 259 258
4 215 258 260 217
4 258 259 261 260
4 237 240 262 259
4 240 241 263 262
4 259 262 264 261
4 262 263 265 264
4 217 260 266 223
4 260 261 267 266
4 223 266 268 225
4 266 267 269 268
4 261 264 270 267
4 264 265 271 270
4 267 270 272 269
4 270 271 273 272
4 241 252 274 263
4 252 253 275 274
4 263 274 276 265
4 274 275 277 276
4 253 256 278 275
4 256 257 279 278
4 275 278 280 277
4 278 279 281 280
4 265 276 282 271
4 276 277 283 282
4 271 282 284 273
4 282 283 285 284
4 277 280 286 283
4 280 281 287 286
4 283 286 288 285
4 286 287 289 288
4 110 290 291 111
4 290 292 293 291
4 111 291 294 113
4 291 293 295 294
4 292 296 297 293
4 296 298 299 297
4 293 297 300 295
4 297 299 301 300
4 113 294 302 119
4 294 295 303 302
4 119 302 304 121
4 302 303 305 304
4 295 300 306 303
4 300 301 307 306
4 303 306 308 305
4 306 307 309 308
4 298 310 311 299
4 310 312 313 311
4 299 311 314 301
4 311 313 315 314
4 312 316 317 313
4 316 318 319 317
4 313 317 320 315
4 317 319 321 320
4 301 314 322 307
4 314 315 323 322
4 307 322 324 309
4 322 323 325 324
4 315 320 326 323
4 320 321 327 326
4 323 326 328 325
4 326 327 329 328
4 121 304 330 143
4 304 305 331 330
4 143 330 332 145
4 330 331 333 332
4 305 308 334 331
4 308 309 335 334
4 331 334 336 333
4 334 335 337 336
4 145 332 338 151
4 332 333 339 338
4 151 338 340 153
4 338 339 341 340
4 333 336 342 339
4 336 337 343 342
4 339 342 344 341
4 342 343 345 344
4 309 324 346 335
4 324 325 347 346
4 335 346 348 337
4 346 347 349 348
4 325 328 350 347
4 328 329 351 350
4 347 350 352 349
4 350 351 353 352
4 337 348 354 343
4 348 349 355 354
4 343 354 356 345
4 354 355 357 356
4 349 352 358 355
4 352 353 359 358
4 355 358 360 357
4 358 359 361 360
4 318 362 363 319
4 362 364 365 363
4 319 363 366 321
4 363 365 367 366
4 364 368 369 365
4 368 370 371 369
4 365 369 372 367
4 369 371 373 372
4 321 366 374 327
4 366 367 375 374
4 327 374 376 329
4 374 375 377 376
4 367 372 378 375
4 372 373 379 378
4 375 378 380 377
4 378 379 381 380
4 370 382 383 371
4 382 384 385 383
4 371 383 386 373
4 383 385 387 386
4 384 388 389 385
4 388 390 391 389
4 385 389 392 387
4 389 391 393 392
4 373 386 394 379
4 386 387 395 394
4 379 394 396 381
4 394 395 397 396
4 387 392 398 395
4 392 393 399 398
4 395 398 400 397
4 398 399 401 400
4 329 376 402 351
4 376 377 403 402
4 351 402 404 353
4 402 403 405 404
4 377 380 406 403
4 380 381 407 406
4 403 406 408 405
4 406 407 409 408
4 353 404 410 359
4 404 405 411 410
4 359 410 412 361
4 410 411 413 412
4 405 408 414 411
4 408 409 415 414
4 411 414 416 413
4 414 415 417 416
4 381 396 418 407
4 396 397 419 418
4 407 418 420 409
4 418 419 421 420
4 397 400 422 419
4 400 401 423 422
4 419 422 424 421
4 422 423 425 424
4 409 420 426 415
4 420 421 427 426
4 415 426 428 417
4 426 427 429 428
4 421 424 430 427
4 424 425 431 430
4 427 430 432 429
4 430 431 433 432
4 153 340 434 247
4 340 341 435 434
4 247 434 436 249
4 434 435 437 436
4 341 344 438 435
4 344 345 439 438
4 435 438 440 437
4 438 439 441 440
4 249 436 442 255
4 436 437 443 442
4 255 442 444 257
4 442 443 445 444
4 437 440 446 443
4 440 441 447 446
4 443 446 448 445
4 446 447 449 448
4 345 356 450 439
4 356 357 451 450
4 439 450 452 441
4 450 451 453 452
4 357 360 454 451
4 360 361 455 454
4 451 454 456 453
4 454 455 457 456
4 441 452 458 447
4 452 453 459 458
4 447 458 460 449
4 458 459 461 460
4 453 456 462 459
4 456 457 463 462
4 459 462 464 461
4 462 463 465 464
4 257 444 466 279
4 444 445 467 466
4 279 466 468 281
4 466 467 469 468
4 445 448 470 467
4 448 449 471 470
4 467 470 472 469
4 470 471 473 472
4 281 468 474 287
4 468 469 475 474
4 287 474 476 289
4 474 475 477 476
4 469 472 478 475
4 472 473 479 478
4 475 478 480 477
4 478 479 481 480
4 449 460 482 471
4 460 461 483 482
4 471 482 484 473
4 482 483 485 484
4 461 464 486 483
4 464 465 487 486
4 483 486 488 485
4 486 487 489 488
4 473 484 490 479
4 484 485 491 490
4 479 490 492 481
4 490 491 493 492
4 485 488 494 491
4 488 489 495 494
4 491 494 496 493
4 494 495 497 496
4 361 412 498 455
4 412 413 499 498
4 455 498 500 457
4 498 499 501 500
4 413 416 502 499
4 416 417 503 502
4 499 502 504 501
4 502 503 505 504
4 457 500 506 463
4 500 501 507 506
4 463 506 508 465
4 506 507 509 508
4 501 504 510 507
4 504 505 511 510
4 507 510 512 509
4 510 511 513 512
4 417 428 514 503
4 428 429 515 514
4 503 514 516 505
4 514 515 517 516
4 429 432 518 515
4 432 433 519 518
4 515 518 520 517
4 518 519 521 520
4 505 516 522 511
4 516 517 523 522
4 511 522 524 513
4 522 523 525 524
4 517 520 526 523
4 520 521 527 526
4 523 526 528 525
4 526 527 529 528
4 465 508 530 487
4 508 509 531 530
4 487 530 532 489
4 530 531 533 532
4 509 512 534 531
4 512 513 535 534
4 531 534 536 533
4 534 535 537 536
4 489 532 538 495
4 532 533 539 538
4 495 538 540 497
4 538 539 541 540
4 533 536 542 539
4 536 537 543 542
4 539 542 544 541
4 542 543 545 544
4 513 524 546 535
4 524 525 547 546
4 535 546 548 537
4 546 547 549 548
4 525 528 550 547
4 528 529 551 550
4 547 550 552 549
4 550 551 553 552
4 537 548 554 543
4 548 549 555 554
4 543 554 556 545
4 554 555 557 556
4 549 552 558 555
4 552 553 559 558
4 555 558 560 557
4 558 559 561 560
4 204 203 562 563
4 203 205 564 562
4 563 562 565 566
4 562 564 567 565
4 205 208 568 564
4 208 209 569 568
4 564 568 570 567
4 568 569 571 570
4 566 565 572 573
4 565 567 574 572
4 573 572 575 576
4 572 574 577 575
4 567 570 578 574
4 570 571 579 578
4 574 578 580 577
4 578 579 581 580
4 209 220 582 569
4 220 221 583 582
4 569 582 584 571
4 582 583 585 584
4 221 224 586 583
4 224 225 587 586
4 583 586 588 585
4 586 587 589 588
4 571 584 590 579
4 584 585 591 590
4 579 590 592 581
4 590 591 593 592
4 585 588 594 591
4 588 589 595 594
4 591 594 596 593
4 594 595 597 596
4 576 575 598 599
4 575 577 600 598
4 599 598 601 602
4 598 600 603 601
4 577 580 604 600
4 580 581 605 604
4 600 604 606 603
4 604 605 607 606
4 602 601 608 609
4 601 603 610 608
4 609 608 611 612
4 608 610 613 611
4 603 606 614 610
4 606 607 615 614
4 610 614 616 613
4 614 615 617 616
4 581 592 618 605
4 592 593 619 618
4 605 618 620 607
4 618 619 621 620
4 593 596 622 619
4 596 597 623 622
4 619 622 624 621
4 622 623 625 624
4 607 620 626 615
4 620 621 627 626
4 615 626 628 617
4 626 627 629 628
4 621 624 630 627
4 624 625 631 630
4 627 630 632 629
4 630 631 633 632
4 225 268 634 587
4 268 269 635 634
4 587 634 636 589
4 634 635 637 636
4 269 272 638 635
4 272 273 639 638
4 635 638 640 637
4 638 639 641 640
4 589 636 642 595
4 636 637 643 642
4 595 642 644 597
4 642 643 645 644
4 637 640 646 643
4 640 641 647 646
4 643 646 648 645
4 646 647 649 648
4 273 284 650 639
4 284 285 651 650
4 639 650 652 641
4 650 651 653 652
4 285 288 654 651
4 288 289 655 654
4 651 654 656 653
4 654 655 657 656
4 641 652 658 647
4 652 653 659 658
4 647 658 660 649
4 658 659 661 660
4 653 656 662 659
4 656 657 663 662
4 659 662 664 661
4 662 663 665 664
4 597 644 666 623
4 644 645 667 666
4 623 666 668 625
4 666 667 669 668
4 645 648 670 667
4 648 649 671 670
4 667 670 672 669
4 670 671 673 672
4 625 668 674 631
4 668 669 675 674
4 631 674 676 633
4 674 675 677 676
4 669 672 678 675
4 672 673 679 678
4 675 678 680 677
4 678 679 681 680
4 649 660 682 671
4 660 661 683 682
4 671 682 684 673
4 682 683 685 684
4 661 664 686 683
4 664 665 687 686
4 683 686 688 685
4 686 687 689 688
4 673 684 690 679
4 684 685 691 690
4 679 690 692 681
4 690 691 693 692
4 685 688 694 691
4 688 689 695 694
4 691 694 696 693
4 694 695 697 696
4 612 611 698 699
4 611 613 700 698
4 699 698 701 702
4 698 700 703 701
4 613 616 704 700
4 616 617 705 704
4 700 704 706 703
4 704 705 707 706
4 702 701 708 709
4 701 703 710 708
4 709 708 711 712
4 708 710 713 711
4 703 706 714 710
4 706 707 715 714
4 710 714 716 713
4 714 715 717 716
4 617 628 718 705
4 628 629 719 718
4 705 718 720 707
4 718 719 721 720
4 629 632 722 719
4 632 633 723 722
4 719 722 724 721
4 722 723 725 724
4 707 720 726 715
4 720 721 727 726
4 715 726 728 717
4 726 727 729 728
4 721 724 730 727
4 724 725 731 730
4 727 730 732 729
4 730 731 733 732
4 712 711 734 735
4 711 713 736 734
4 735 734 737 738
4 734 736 739 737
4 713 716 740 736
4 716 717 741 740
4 736 740 742 739
4 740 741 743 742
4 738 737 744 745
4 737 739 746 744
4 745 744 747 748
4 744 746 749 747
4 739 742 750 746
4 742 743 751 750
4 746 750 752 749
4 750 751 753 752
4 717 728 754 741
4 728 729 755 754
4 741 754 756 743
4 754 755 757 756
4 729 732 758 755
4 732 733 759 758
4 755 758 760 757
4 758 759 761 760
4 743 756 762 751
4 756 757 763 762
4 751 762 764 753
4 762 763 765 764
4 757 760 766 763
4 760 761 767 766
4 763 766 768 765
4 766 767 769 768
4 633 676 770 723
4 676 677 771 770
4 723 770 772 725
4 770 771 773 772
4 677 680 774 771
4 680 681 775 774
4 771 774 776 773
4 774 775 777 776
4 725 772 778 731
4 772 773 779 778
4 731 778 780 733
4 778 779 781 780
4 773 776 782 779
4 776 777 783 782
4 779 782 784 781
4 782 783 785 784
4 681 692 786 775
4 692 693 787 786
4 775 786 788 777
4 786 787 789 788
4 693 696 790 787
4 696 697 791 790
4 787 790 792 789
4 790 791 793 792
4 777 788 794 783
4 788 789 795 794
4 783 794 796 785
4 794 795 797 796
4 789 792 798 795
4 792 793 799 798
4 795 798 800 797
4 798 799 801 800
4 733 780 802 759
4 780 781 803 802
4 759 802 804 761
4 802 803 805 804
4 781 784 806 803
4 784 785 807 806
4 803 806 808 805
4 806 807 809 808
4 761 804 810 767
4 804 805 811 810
4 767 810 812 769
4 810 811 813 812
4 805 808 814 811
4 808 809 815 814
4 811 814 816 813
4 814 815 817 816
4 785 796 818 807
4 796 797 819 818
4 807 818 820 809
4 818 819 821 820
4 797 800 822 819
4 800 801 823 822
4 819 822 824 821
4 822 823 825 824
4 809 820 826 815
4 820 821 827 826
4 815 826 828 817
4 826 827 829 828
4 821 824 830 827
4 824 825 831 830
4 827 830 832 829
4 830 831 833 832
4 289 476 834 655
4 476 477 835 834
4 655 834 836 657
4 834 835 837 836
4 477 480 838 835
4 480 481 839 838
4 835 838 840 837
4 838 839 841 840
4 657 836 842 663
4 836 837 843 842
4 663 842 844 665
4 842 843 845 844
4 837 840 846 843
4 840 841 847 846
4 843 846 848 845
4 846 847 849 848
4 481 492 850 839
4 492 493 851 850
4 839 850 852 841
4 850 851 853 852
4 493 496 854 851
4 496 497 855 854
4 851 854 856 853
4 854 855 857 856
4 841 852 858 847
4 852 853 859 858
4 847 858 860 849
4 858 859 861 860
4 853 856 862 859
4 856 857 863 862
4 859 862 864 861
4 862 863 865 864
4 665 844 866 687
4 844 845 867 866
4 687 866 868 689
4 866 867 869 868
4 845 848 870 867
4 848 849 871 870
4 867 870 872 869
4 870 871 873 872
4 689 868 874 695
4 868 869 875 874
4 695 874 876 697
4 874 875 877 876
4 869 872 878 875
4 872 873 879 878
4 875 878 880 877
4 878 879 881 880
4 849 860 882 871
4 860 861 883 882
4 871 882 884 873
4 882 883 885 884
4 861 864 886 883
4 864 865 887 886
4 883 886 888 885
4 886 887 889 888
4 873 884 890 879
4 884 885 891 890
4 879 890 892 881
4 890 891 893 892
4 885 888 894 891
4 888 889 895 894
4 891 894 896 893
4 894 895 897 896
4 497 540 898 855
4 540 541 899 898
4 855 898 900 857
4 898 899 901 900
4 541 544 902 899
4 544 545 903 902
4 899 902 904 901
4 902 903 905 904
4 857 900 906 863
4 900 901 907 906
4 863 906 908 865
4 906 907 909 908
4 901 904 910 907
4 904 905 911 910
4 907 910 912 909
4 910 911 913 912
4 545 556 914 903
4 556 557 915 914
4 903 914 916 905
4 914 915 917 916
4 557 560 918 915
4 560 561 919 918
4 915 918 920 917
4 918 919 921 920
4 905 916 922 911
4 916 917 923 922
4 911 922 924 913
4 922 923 925 924
4 917 920 926 923
4 920 921 927 926
4 923 926 928 925
4 926 927 929 928
4 865 908 930 887
4 908 909 931 930
4 887 930 932 889
4 930 931 933 932
4 909 912 934 931
4 912 913 935 934
4 931 934 936 933
4 934 935 937 936
4 889 932 938 895
4 932 933 939 938
4 895 938 940 897
4 938 939 941 940
4 933 936 942 939
4 936 937 943 942
4 939 942 944 941
4 942 943 945 944
4 913 924 946 935
4 924 925 947 946
4 935 946 948 937
4 946 947 949 948
4 925 928 950 947
4 928 929 951 950
4 947 950 952 949
4 950 951 953 952
4 937 948 954 943
4 948 949 955 954
4 943 954 956 945
4 954 955 957 956
4 949 952 958 955
4 952 953 959 958
4 955 958 960 957
4 958 959 961 960
4 697 876 962 791
4 876 877 963 962
4 791 962 964 793
4 962 963 965 964
4 877 880 966 963
4 880 881 967 966
4 963 966 968 965
4 966 967 969 968
4 793 964 970 799
4 964 965 971 970
4 799 970 972 801
4 970 971 973 972
4 965 968 974 971
4 968 969 975 974
4 971 974 976 973
4 974 975 977 976
4 881 892 978 967
4 892 893 979 978
4 967 978 980 969
4 978 979 981 980
4 893 896 982 979
4 896 897 983 982
4 979 982 984 981
4 982 983 985 984
4 969 980 986 975
4 980 981 987 986
4 975 986 988 977
4 986 987 989 988
4 981 984 990 987
4 984 985 991 990
4 987 990 992 989
4 990 991 993 992
4 801 972 994 823
4 972 973 995 994
4 823 994 996 825
4 994 995 997 996
4 973 976 998 995
4 976 977 999 998
4 995 998 1000 997
4 998 999 1001 1000
4 825 996 1002 831
4 996 997 1003 1002
4 831 1002 1004 833
4 1002 1003 1005 1004
4 997 1000 1006 1003
4 1000 1001 1007 1006
4 1003 1006 1008 1005
4 1006 1007 1009 1008
4 977 988 1010 999
4 988 989 1011 1010
4 999 1010 1012 1001
4 1010 1011 1013 1012
4 989 992 1014 1011
4 992 993 1015 1014
4 1011 1014 1016 1013
4 1014 1015 1017 1016
4 1001 1012 1018 1007
4 1012 1013 1019 1018
4 1007 1018 1020 1009
4 1018 1019 1021 1020
4 1013 1016 1022 1019
4 1016 1017 1023 1022
4 1019 1022 1024 1021
4 1022 1023 1025 1024
4 897 940 1026 983
4 940 941 1027 1026
4 983 1026 1028 985
4 1026 1027 1029 1028
4 941 944 1030 1027
4 944 945 1031 1030
4 1027 1030 1032 1029
4 1030 1031 1033 1032
4 985 1028 1034 991
4 1028 1029 1035 1034
4 991 1034 1036 993
4 1034 1035 1037 1036
4 1029 1032 1038 1035
4 1032 1033 1039 1038
4 1035 1038 1040 1037
4 1038 1039 1041 1040
4 945 956 1042 1031
4 956 957 1043 1042
4 1031 1042 1044 1033
4 1042 1043 1045 1044
4 957 960 1046 1043
4 960 961 1047 1046
4 1043 1046 1048 1045
4 1046 1047 1049 1048
4 1033 1044 1050 1039
4 1044 1045 1051 1050
4 1039 1050 1052 1041
4 1050 1051 1053 1052
4 1045 1048 1054 1051
4 1048 1049 1055 1054
4 1051 1054 1056 1053
4 1054 1055 1057 1056
4 993 1036 1058 1015
4 1036 1037 1059 1058
4 1015 1058 1060 1017
4 1058 1059 1061 1060
4 1037 1040 1062 1059
4 1040 1041 1063 1062
4 1059 1062 1064 1061
4 1062 1063 1065 1064
4 1017 1060 1066 1023
4 1060 1061 1067 1066
4 1023 1066 1068 1025
4 1066 1067 1069 1068
4 1061 1064 1070 1067
4 1064 1065 1071 1070
4 1067 1070 1072 1069
4 1070 1071 1073 1072
4 1041 1052 1074 1063
4 1052 1053 1075 1074
4 1063 1074 1076 1065
4 1074 1075 1077 1076
4 1053 1056 1078 1075
4 1056 1057 1079 1078
4 1075 1078 1080 1077
4 1078 1079 1081 1080
4 1065 1076 1082 1071
4 1076 1077 1083 1082
4 1071 1082 1084 1073
4 1082 1083 1085 1084
4 1077 1080 1086 1083
4 1080 1081 1087 1086
4 1083 1086 1088 1085
4 1086 1087 1089 1088
4 748 747 1090 1091
4 747 749 1092 1090
4 1091 1090 1093 1094
4 1090 1092 1095 1093
4 749 752 1096 1092
4 752 753 1097 1096
4 1092 1096 1098 1095
4 1096 1097 1099 1098
4 1094 1093 1100 1101
4 1093 1095 1102 1100
4 1101 1100 1103 1104
4 1100 1102 1105 1103
4 1095 1098 1106 1102
4 1098 1099 1107 1106
4 1102 1106 1108 1105
4 1106 1107 1109 1108
4 753 764 1110 1097
4 764 765 1111 1110
4 1097 1110 1112 1099
4 1110 1111 1113 1112
4 765 768 1114 1111
4 768 769 1115 1114
4 1111 1114 1116 1113
4 1114 1115 1117 1116
4 1099 1112 1118 1107
4 1112 1113 1119 1118
4 1107 1118 1120 1109
4 1118 1119 1121 1120
4 1113 1116 1122 1119
4 1116 1117 1123 1122
4 1119 1122 1124 1121
4 1122 1123 1125 1124
4 1104 1103 1126 1127
4 1103 1105 1128 1126
4 1127 1126 1129 1130
4 1126 1128 1131 1129
4 1105 1108 1132 1128
4 1108 1109 1133 1132
4 1128 1132 1134 1131
4 1132 1133 1135 1134
4 1130 1129 1136 1137
4 1129 1131 1138 1136
4 1137 1136 1139 1140
4 1136 1138 1141 1139
4 1131 1134 1142 1138
4 1134 1135 1143 1142
4 1138 1142 1144 1141
4 1142 1143 1145 1144
4 1109 1120 1146 1133
4 1120 1121 1147 1146
4 1133 1146 1148 1135
4 1146 1147 1149 1148
4 1121 1124 1150 1147
4 1124 1125 1151 1150
4 1147 1150 1152 1149
4 1150 1151 1153 1152
4 1135 1148 1154 1143
4 1148 1149 1155 1154
4 1143 1154 1156 1145
4 1154 1155 1157 1156
4 1149 1152 1158 1155
4 1152 1153 1159 1158
4 1155 1158 1160 1157
4 1158 1159 1161 1160
4 769 812 1162 1115
4 812 813 1163 1162
4 1115 1162 1164 1117
4 1162 1163 1165 1164
4 813 816 1166 1163
4 816 817 1167 1166
4 1163 1166 1168 1165
4 1166 1167 1169 1168
4 1117 1164 1170 1123
4 1164 1165 1171 1170
4 1123 1170 1172 1125
4 1170 1171 1173 1172
4 1165 1168 1174 1171
4 1168 1169 1175 1174
4 1171 1174 1176 1173
4 1174 1175 1177 1176
4 817 828 1178 1167
4 828 829 1179 1178
4 1167 1178 1180 1169
4 1178 1179 1181 1180
4 829 832 1182 1179
4 832 833 1183 1182
4 1179 1182 1184 1181
4 1182 1183 1185 1184
4 1169 1180 1186 1175
4 1180 1181 1187 1186
4 1175 1186 1188 1177
4 1186 1187 1189 1188
4 1181 1184 1190 1187
4 1184 1185 1191 1190
4 1187 1190 1192 1189
4 1190 1191 1193 1192
4 1125 1172 1194 1151
4 1172 1173 1195 1194
4 1151 1194 1196 1153
4 1194 1195 1197 1196
4 1173 1176 1198 1195
4 1176 1177 1199 1198
4 1195 1198 1200 1197
4 1198 1199 1201 1200
4 1153 1196 1202 1159
4 1196 1197 1203 1202
4 1159 1202 1204 1161
4 1202 1203 1205 1204
4 1197 1200 1206 1203
4 1200 1201 1207 1206
4 1203 1206 1208 1205
4 1206 1207 1209 1208
4 1177 1188 1210 1199
4 1188 1189 1211 1210
4 1199 1210 1212 1201
4 1210 1211 1213 1212
4 1189 1192 1214 1211
4 1192 1193 1215 1214
4 1211 1214 1216 1213
4 1214 1215 1217 1216
4 1201 1212 1218 1207
4 1212 1213 1219 1218
4 1207 1218 1220 1209
4 1218 1219 1221 1220
4 1213 1216 1222 1219
4 1216 1217 1223 1222
4 1219 1222 1224 1221
4 1222 1223 1225 1224
4 1140 1139 1226 1227
4 1139 1141 1228 1226
4 1227 1226 1229 1230
4 1226 1228 1231 1229
4 1141 1144 1232 1228
4 1144 1145 1233 1232
4 1228 1232 1234 1231
4 1232 1233 1235 1234
4 1230 1229 1236 1237
4 1229 1231 1238 1236
4 1237 1236 1239 1240
4 1236 1238 1241 1239
4 1231 1234 1242 1238
4 1234 1235 1243 1242
4 1238 1242 1244 1241
4 1242 1243 1245 1244
4 1145 1156 1246 1233
4 1156 1157 1247 1246
4 1233 1246 1248 1235
4 1246 1247 1249 1248
4 1157 1160 1250 1247
4 1160 1161 1251 1250
4 1247 1250 1252 1249
4 1250 1251 1253 1252
4 1235 1248 1254 1243
4 1248 1249 1255 1254
4 1243 1254 1256 1245
4 1254 1255 1257 1256
4 1249 1252 1258 1255
4 1252 1253 1259 1258
4 1255 1258 1260 1257
4 1258 1259 1261 1260
4 1240 1239 1262 1263
4 1239 1241 1264 1262
4 1263 1262 1265 1266
4 1262 1264 1267 1265
4 1241 1244 1268 1264
4 1244 1245 1269 1268
4 1264 1268 1270 1267
4 1268 1269 1271 1270
4 1266 1265 1272 1273
4 1265 1267 1274 1272
4 1273 1272 1275 1276
4 1272 1274 1277 1275
4 1267 1270 1278 1274
4 1270 1271 1279 1278
4 1274 1278 1280 1277
4 1278 1279 1281 1280
4 1245 1256 1282 1269
4 1256 1257 1283 1282
4 1269 1282 1284 1271
4 1282 1283 1285 1284
4 1257 1260 1286 1283
4 1260 1261 1287 1286
4 1283 1286 1288 1285
4 1286 1287 1289 1288
4 1271 1284 1290 1279
4 1284 1285 1291 1290
4 1279 1290 1292 1281
4 1290 1291 1293 1292
4 1285 1288 1294 1291
4 1288 1289 1295 1294
4 1291 1294 1296 1293
4 1294 1295 1297 1296
4 1161 1204 1298 1251
4 1204 1205 1299 1298
4 1251 1298 1300 1253
4 1298 1299 1301 1300
4 1205 1208 1302 1299
4 1208 1209 1303 1302
4 1299 1302 1304 1301
4 1302 1303 1305 1304
4 1253 1300 1306 1259
4 1300 1301 1307 1306
4 1259 1306 1308 1261
4 1306 1307 1309 1308
4 1301 1304 1310 1307
4 1304 1305 1311 1310
4 1307 1310 1312 1309
4 1310 1311 1313 1312
4 1209 1220 1314 1303
4 1220 1221 1315 1314
4 1303 1314 1316 1305
4 1314 1315 1317 1316
4 1221 1224 1318 1315
4 1224 1225 1319 1318
4 1315 1318 1320 1317
4 1318 1319 1321 1320
4 1305 1316 1322 1311
4 1316 1317 1323 1322
4 1311 1322 1324 1313
4 1322 1323 1325 1324
4 1317 1320 1326 1323
4 1320 1321 1327 1326
4 1323 1326 1328 1325
4 1326 1327 1329 1328
4 1261 1308 1330 1287
4 1308 1309 1331 1330
4 1287 1330 1332 1289
4 1330 1331 1333 1332
4 1309 1312 1334 1331
4 1312 1313 1335 1334
4 1331 1334 1336 1333
4 1334 1335 1337 1336
4 1289 1332 1338 1295
4 1332 1333 1339 1338
4 1295 1338 1340 1297
4 1338 1339 1341 1340
4 1333 1336 1342 1339
4 1336 1337 1343 1342
4 1339 1342 1344 1341
4 1342 1343 1345 1344
4 1313 1324 1346 1335
4 1324 1325 1347 1346
4 1335 1346 1348 1337
4 1346 1347 1349 1348
4 1325 1328 1350 1347
4 1328 1329 1351 1350
4 1347 1350 1352 1349
4 1350 1351 1353 1352
4 1337 1348 1354 1343
4 1348 1349 1355 1354
4 1343 1354 1356 1345
4 1354 1355 1357 1356
4 1349 1352 1358 1355
4 1352 1353 1359 1358
4 1355 1358 1360 1357
4 1358 1359 1361 1360
4 833 1004 1362 1183
4 1004 1005 1363 1362
4 1183 1362 1364 1185
4 1362 1363 1365 1364
4 1005 1008 1366 1363
4 1008 1009 1367 1366
4 1363 1366 1368 1365
4 1366 1367 1369 1368
4 1185 1364 1370 1191
4 1364 1365 1371 1370
4 1191 1370 1372 1193
4 1370 1371 1373 1372
4 1365 1368 1374 1371
4 1368 1369 1375 1374
4 1371 1374 1376 1373
4 1374 1375 1377 1376
4 1009 1020 1378 1367
4 1020 1021 1379 1378
4 1367 1378 1380 1369
4 1378 1379 1381 1380
4 1021 1024 1382 1379
4 1024 1025 1383 1382
4 1379 1382 1384 1381
4 1382 1383 1385 1384
4 1369 1380 1386 1375
4 1380 1381 1387 1386
4 1375 1386 1388 1377
4 1386 1387 1389 1388
4 1381 1384 1390 1387
4 1384 1385 1391 1390
4 1387 1390 1392 1389
4 1390 1391 1393 1392
4 1193 1372 1394 1215
4 1372 1373 1395 1394
4 1215 1394 1396 1217
4 1394 1395 1397 1396
4 1373 1376 1398 1395
4 1376 1377 1399 1398
4 1395 1398 1400 1397
4 1398 1399 1401 1400
4 1217 1396 1402 1223
4 1396 1397 1403 1402
4 1223 1402 1404 1225
4 1402 1403 1405 1404
4 1397 1400 1406 1403
4 1400 1401 1407 1406
4 1403 1406 1408 1405
4 1406 1407 1409 1408
4 1377 1388 1410 1399
4 1388 1389 1411 1410
4 1399 1410 1412 1401
4 1410 1411 1413 1412
4 1389 1392 1414 1411
4 1392 1393 1415 1414
4 1411 1414 1416 1413
4 1414 1415 1417 1416
4 1401 1412 1418 1407
4 1412 1413 1419 1418
4 1407 1418 1420 1409
4 1418 1419 1421 1420
4 1413 1416 1422 1419
4 1416 1417 1423 1422
4 1419 1422 1424 1421
4 1422 1423 1425 1424
4 1025 1068 1426 1383
4 1068 1069 1427 1426
4 1383 1426 1428 1385
4 1426 1427 1429 1428
4 1069 1072 1430 1427
4 1072 1073 1431 1430
4 1427 1430 1432 1429
4 1430 1431 1433 1432
4 1385 1428 1434 1391
4 1428 1429 1435 1434
4 1391 1434 1436 1393
4 1434 1435 1437 1436
4 1429 1432 1438 1435
4 1432 1433 1439 1438
4 1435 1438 1440 1437
4 1438 1439 1441 1440
4 1073 1084 1442 1431
4 1084 1085 1443 1442
4 1431 1442 1444 1433
4 1442 1443 1445 1444
4 1085 1088 1446 1443
4 1088 1089 1447 1446
4 1443 1446 1448 1445
4 1446 1447 1449 1448
4 1433 1444 1450 1439
4 1444 1445 1451 1450
4 1439 1450 1452 1441
4 1450 1451 1453 1452
4 1445 1448 1454 1451
4 1448 1449 1455 1454
4 1451 1454 1456 1453
4 1454 1455 1457 1456
4 1393 1436 1458 1415
4 1436 1437 1459 1458
4 1415 1458 1460 1417
4 1458 1459 1461 1460
4 1437 1440 1462 1459
4 1440 1441 1463 1462
4 1459 1462 1464 1461
4 1462 1463 1465 1464
4 1417 1460 1466 1423
4 1460 1461 1467 1466
4 1423 1466 1468 1425
4 1466 1467 1469 1468
4 1461 1464 1470 1467
4 1464 1465 1471 1470
4 1467 1470 1472 1469
4 1470 1471 1473 1472
4 1441 1452 1474 1463
4 1452 1453 1475 1474
4 1463 1474 1476 1465
4 1474 1475 1477 1476
4 1453 1456 1478 1475
4 1456 1457 1479 1478
4 1475 1478 1480 1477
4 1478 1479 1481 1480
4 1465 1476 1482 1471
4 1476 1477 1483 1482
4 1471 1482 1484 1473
4 1482 1483 1485 1484
4 1477 1480 1486 1483
4 1480 1481 1487 1486
4 1483 1486 1488 1485
4 1486 1487 1489 1488
4 1225 1404 1490 1319
4 1404 1405 1491 1490
4 1319 1490 1492 1321
4 1490 1491 1493 1492
4 1405 1408 1494 1491
4 1408 1409 1495 1494
4 1491 1494 1496 1493
4 1494 1495 1497 1496
4 1321 1492 1498 1327
4 1492 1493 1499 1498
4 1327 1498 1500 1329
4 1498 1499 1501 1500
4 1493 1496 1502 1499
4 1496 1497 1503 1502
4 1499 1502 1504 1501
4 1502 1503 1505 1504
4 1409 1420 1506 1495
4 1420 1421 1507 1506
4 1495 1506 1508 1497
4 1506 1507 1509 1508
4 1421 1424 1510 1507
4 1424 1425 1511 1510
4 1507 1510 1512 1509
4 1510 1511 1513 1512
4 1497 1508 1514 1503
4 1508 1509 1515 1514
4 1503 1514 1516 1505
4 1514 1515 1517 1516
4 1509 1512 1518 1515
4 1512 1513 1519 1518
4 1515 1518 1520 1517
4 1518 1519 1521 1520
4 1329 1500 1522 1351
4 1500 1501 1523 1522
4 1351 1522 1524 1353
4 1522 1523 1525 1524
4 1501 1504 1526 1523
4 1504 1505 1527 1526
4 1523 1526 1528 1525
4 1526 1527 1529 1528
4 1353 1524 1530 1359
4 1524 1525 1531 1530
4 1359 1530 1532 1361
4 1530 1531 1533 1532
4 1525 1528 1534 1531
4 1528 1529 1535 1534
4 1531 1534 1536 1533
4 1534 1535 1537 1536
4 1505 1516 1538 1527
4 1516 1517 1539 1538
4 1527 1538 1540 1529
4 1538 1539 1541 1540
4 1517 1520 1542 1539
4 1520 1521 1543 1542
4 1539 1542 1544 1541
4 1542 1543 1545 1544
4 1529 1540 1546 1535
4 1540 1541 1547 1546
4 1535 1546 1548 1537
4 1546 1547 1549 1548
4 1541 1544 1550 1547
4 1544 1545 1551 1550
4 1547 1550 1552 1549
4 1550 1551 1553 1552
4 1425 1468 1554 1511
4 1468 1469 1555 1554
4 1511 1554 1556 1513
4 1554 1555 1557 1556
4 1469 1472 1558 1555
4 1472 1473 1559 1558
4 1555 1558 1560 1557
4 1558 1559 1561 1560
4 1513 1556 1562 1519
4 1556 1557 1563 1562
4 1519 1562 1564 1521
4 1562 1563 1565 1564
4 1557 1560 1566 1563
4 1560 1561 1567 1566
4 1563 1566 1568 1565
4 1566 1567 1569 1568
4 1473 1484 1570 1559
4 1484 1485 1571 1570
4 1559 1570 1572 1561
4 1570 1571 1573 1572
4 1485 1488 1574 1571
4 1488 1489 1575 1574
4 1571 1574 1576 1573
4 1574 1575 1577 1576
4 1561 1572 1578 1567
4 1572 1573 1579 1578
4 1567 1578 1580 1569
4 1578 1579 1581 1580
4 1573 1576 1582 1579
4 1576 1577 1583 1582
4 1579 1582 1584 1581
4 1582 1583 1585 1584
4 1521 1564 1586 1543
4 1564 1565 1587 1586
4 1543 1586 1588 1545
4 1586 1587 1589 1588
4 1565 1568 1590 1587
4 1568 1569 1591 1590
4 1587 1590 1592 1589
4 1590 1591 1593 1592
4 1545 1588 1594 1551
4 1588 1589 1595 1594
4 1551 1594 1596 1553
4 1594 1595 1597 1596
4 1589 1592 1598 1595
4 1592 1593 1599 1598
4 1595 1598 1600 1597
4 1598 1599 1601 1600
4 1569 1580 1602 1591
4 1580 1581 1603 1602
4 1591 1602 1604 1593
4 1602 1603 1605 1604
4 1581 1584 1606 1603
4 1584 1585 1607 1606
4 1603 1606 1608 1605
4 1606 1607 1609 1608
4 1593 1604 1610 1599
4 1604 1605 1611 1610
4 1599 1610 1612 1601
4 1610 1611 1613 1612
4 1605 1608 1614 1611
4 1608 1609 1615 1614
4 1611 1614 1616 1613
4 1614 1615 1617 1616
4 1276 1275 1618 1619
4 1275 1277 1620 1618
4 1619 1618 1621 1622
4 1618 1620 1623 1621
4 1277 1280 1624 1620
4 1280 1281 1625 1624
4 1620 1624 1626 1623
4 1624 1625 1627 1626
4 1622 1621 1628 1629
4 1621 1623 1630 1628
4 1629 1628 1631 1632
4 1628 1630 1633 1631
4 1623 1626 1634 1630
4 1626 1627 1635 1634
4 1630 1634 1636 1633
4 1634 1635 1637 1636
4 1281 1292 1638 1625
4 1292 1293 1639 1638
4 1625 1638 1640 1627
4 1638 1639 1641 1640
4 1293 1296 1642 1639
4 1296 1297 1643 1642
4 1639 1642 1644 1641
4 1642 1643 1645 1644
4 1627 1640 1646 1635
4 1640 1641 1647 1646
4 1635 1646 1648 1637
4 1646 1647 1649 1648
4 1641 1644 1650 1647
4 1644 1645 1651 1650
4 1647 1650 1652 1649
4 1650 1651 1653 1652
4 1632 1631 1654 1655
4 1631 1633 1656 1654
4 1655 1654 1657 1658
4 1654 1656 1659 1657
4 1633 1636 1660 1656
4 1636 1637 1661 1660
4 1656 1660 1662 1659
4 1660 1661 1663 1662
4 1658 1657 1664 1665
4 1657 1659 1666 1664
4 1665 1664 1667 1668
4 1664 1666 1669 1667
4 1659 1662 1670 1666
4 1662 1663 1671 1670
4 1666 1670 1672 1669
4 1670 1671 1673 1672
4 1637 1648 1674 1661
4 1648 1649 1675 1674
4 1661 1674 1676 1663
4 1674 1675 1677 1676
4 1649 1652 1678 1675
4 1652 1653 1679 1678
4 1675 1678 1680 1677
4 1678 1679 1681 1680
4 1663 1676 1682 1671
4 1676 1677 1683 1682
4 1671 1682 1684 1673
4 1682 1683 1685 1684
4 1677 1680 1686 1683
4 1680 1681 1687 1686
4 1683 1686 1688 1685
4 1686 1687 1689 1688
4 1297 1340 1690 1643
4 1340 1341 1691 1690
4 1643 1690 1692 1645
4 1690 1691 1693 1692
4 1341 1344 1694 1691
4 1344 1345 1695 1694
4 1691 1694 1696 1693
4 1694 1695 1697 1696
4 1645 1692 1698 1651
4 1692 1693 1699 1698
4 1651 1698 1700 1653
4 1698 1699 1701 1700
4 1693 1696 1702 1699
4 1696 1697 1703 1702
4 1699 1702 1704 1701
4 1702 1703 1705 1704
4 1345 1356 1706 1695
4 1356 1357 1707 1706
4 1695 1706 1708 1697
4 1706 1707 1709 1708
4 1357 1360 1710 1707
4 1360 1361 1711 1710
4 1707 1710 1712 1709
4 1710 1711 1713 1712
4 1697 1708 1714 1703
4 1708 1709 1715 1714
4 1703 1714 1716 1705
4 1714 1715 1717 1716
4 1709 1712 1718 1715
4 1712 1713 1719 1718
4 1715 1718 1720 1717
4 1718 1719 1721 1720
4 1653 1700 1722 1679
4 1700 1701 1723 1722
4 1679 1722 1724 1681
4 1722 1723 1725 1724
4 1701 1704 1726 1723
4 1704 1705 1727 1726
4 1723 1726 1728 1725
4 1726 1727 1729 1728
4 1681 1724 1730 1687
4 1724 1725 1731 1730
4 1687 1730 1732 1689
4 1730 1731 1733 1732
4 1725 1728 1734 1731
4 1728 1729 1735 1734
4 1731 1734 1736 1733
4 1734 1735 1737 1736
4 1705 1716 1738 1727
4 1716 1717 1739 1738
4 1727 1738 1740 1729
4 1738 1739 1741 1740
4 1717 1720 1742 1739
4 1720 1721 1743 1742
4 1739 1742 1744 1741
4 1742 1743 1745 1744
4 1729 1740 1746 1735
4 1740 1741 1747 1746
4 1735 1746 1748 1737
4 1746 1747 1749 1748
4 1741 1744 1750 1747
4 1744 1745 1751 1750
4 1747 1750 1752 1749
4 1750 1751 1753 1752
4 1668 1667 1754 1755
4 1667 1669 1756 1754
4 1755 1754 1757 1758
4 1754 1756 1759 1757
4 1669 1672 1760 1756
4 1672 1673 1761 1760
4 1756 1760 1762 1759
4 1760 1761 1763 1762
4 1758 1757 1764 1765
4 1757 1759 1766 1764
4 1765 1764 1767 1768
4 1764 1766 1769 1767
4 1759 1762 1770 1766
4 1762 1763 1771 1770
4 1766 1770 1772 1769
4 1770 1771 1773 1772
4 1673 1684 1774 1761
4 1684 1685 1775 1774
4 1761 1774 1776 1763
4 1774 1775 1777 1776
4 1685 1688 1778 1775
4 1688 1689 1779 1778
4 1775 1778 1780 1777
4 1778 1779 1781 1780
4 1763 1776 1782 1771
4 1776 1777 1783 1782
4 1771 1782 1784 1773
4 1782 1783 1785 1784
4 1777 1780 1786 1783
4 1780 1781 1787 1786
4 1783 1786 1788 1785
4 1786 1787 1789 1788
4 1768 1767 1790 1791
4 1767 1769 1792 1790
4 1791 1790 1793 1794
4 1790 1792 1795 1793
4 1769 1772 1796 1792
4 1772 1773 1797 1796
4 1792 1796 1798 1795
4 1796 1797 1799 1798
4 1794 1793 1800 1801
4 1793 1795 1802 1800
4 1801 1800 1803 1804
4 1800 1802 1805 1803
4 1795 1798 1806 1802
4 1798 1799 1807 1806
4 1802 1806 1808 1805
4 1806 1807 1809 1808
4 1773 1784 1810 1797
4 1784 1785 1811 1810
4 1797 1810 1812 1799
4 1810 1811 1813 1812
4 1785 1788 1814 1811
4 1788 1789 1815 1814
4 1811 1814 1816 1813
4 1814 1815 1817 1816
4 1799 1812 1818 1807
4 1812 1813 1819 1818
4 1807 1818 1820 1809
4 1818 1819 1821 1820
4 1813 1816 1822 1819
4 1816 1817 1823 1822
4 1819 1822 1824 1821
4 1822 1823 1825 1824
4 1689 1732 1826 1779
4 1732 1733 1827 1826
4 1779 1826 1828 1781
4 1826 1827 1829 1828
4 1733 1736 1830 1827
4 1736 1737 1831 1830
4 1827 1830 1832 1829
4 1830 1831 1833 1832
4 1781 1828 1834 1787
4 1828 1829 1835 1834
4 1787 1834 1836 1789
4 1834 1835 1837 1836
4 1829 1832 1838 1835
4 1832 1833 1839 1838
4 1835 1838 1840 1837
4 1838 1839 1841 1840
4 1737 1748 1842 1831
4 1748 1749 1843 1842
4 1831 1842 1844 1833
4 1842 1843 1845 1844
4 1749 1752 1846 1843
4 1752 1753 1847 1846
4 1843 1846 1848 1845
4 1846 1847 1849 1848
4 1833 1844 1850 1839
4 1844 1845 1851 1850
4 1839 1850 1852 1841
4 1850 1851 1853 1852
4 1845 1848 1854 1851
4 1848 1849 1855 1854
4 1851 1854 1856 1853
4 1854 1855 1857 1856
4 1789 1836 1858 1815
4 1836 1837 1859 1858
4 1815 1858 1860 1817
4 1858 1859 1861 1860
4 1837 1840 1862 1859
4 1840 1841 1863 1862
4 1859 1862 1864 1861
4 1862 1863 1865 1864
4 1817 1860 1866 1823
4 1860 1861 1867 1866
4 1823 1866 1868 1825
4 1866 1867 1869 1868
4 1861 1864 1870 1867
4 1864 1865 1871 1870
4 1867 1870 1872 1869
4 1870 1871 1873 1872
4 1841 1852 1874 1863
4 1852 1853 1875 1874
4 1863 1874 1876 1865
4 1874 1875 1877 1876
4 1853 1856 1878 1875
4 1856 1857 1879 1878
4 1875 1878 1880 1877
4 1878 1879 1881 1880
4 1865 1876 1882 1871
4 1876 1877 1883 1882
4 1871 1882 1884 1873
4 1882 1883 1885 1884
4 1877 1880 1886 1883
4 1880 1881 1887 1886
4 1883 1886 1888 1885
4 1886 1887 1889 1888
4 1361 1532 1890 1711
4 1532 1533 1891 1890
4 1711 1890 1892 1713
4 1890 1891 1893 1892
4 1533 1536 1894 1891
4 1536 1537 1895 1894
4 1891 1894 1896 1893
4 1894 1895 1897 1896
4 1713 1892 1898 1719
4 1892 1893 1899 1898
4 1719 1898 1900 1721
4 1898 1899 1901 1900
4 1893 1896 1902 1899
4 1896 1897 1903 1902
4 1899 1902 1904 1901
4 1902 1903 1905 1904
4 1537 1548 1906 1895
4 1548 1549 1907 1906
4 1895 1906 1908 1897
4 1906 1907 1909 1908
4 1549 1552 1910 1907
4 1552 1553 1911 1910
4 1907 1910 1912 1909
4 1910 1911 1913 1912
4 1897 1908 1914 1903
4 1908 1909 1915 1914
4 1903 1914 1916 1905
4 1914 1915 1917 1916
4 1909 1912 1918 1915
4 1912 1913 1919 1918
4 1915 1918 1920 1917
4 1918 1919 1921 1920
4 1721 1900 1922 1743
4 1900 1901 1923 1922
4 1743 1922 1924 1745
4 1922 1923 1925 1924
4 1901 1904 1926 1923
4 1904 1905 1927 1926
4 1923 1926 1928 1925
4 1926 1927 1929 1928
4 1745 1924 1930 1751
4 1924 1925 1931 1930
4 1751 1930 1932 1753
4 1930 1931 1933 1932
4 1925 1928 1934 1931
4 1928 1929 1935 1934
4 1931 1934 1936 1933
4 1934 1935 1937 1936
4 1905 1916 1938 1927
4 1916 1917 1939 1938
4 1927 1938 1940 1929
4 1938 1939 1941 1940
4 1917 1920 1942 1939
4 1920 1921 1943 1942
4 1939 1942 1944 1941
4 1942 1943 1945 1944
4 1929 1940 1946 1935
4 1940 1941 1947 1946
4 1935 1946 1948 1937
4 1946 1947 1949 1948
4 1941 1944 1950 1947
4 1944 1945 1951 1950
4 1947 1950 1952 1949
4 1950 1951 1953 1952
4 1553 1596 1954 1911
4 1596 1597 1955 1954
4 1911 1954 1956 1913
4 1954 1955 1957 1956
4 1597 1600 1958 1955
4 1600 1601 1959 1958
4 1955 1958 1960 1957
4 1958 1959 1961 1960
4 1913 1956 1962 1919
4 1956 1957 1963 1962
4 1919 1962 1964 1921
4 1962 1963 1965 1964
4 1957 1960 1966 1963
4 1960 1961 1967 1966
4 1963 1966 1968 1965
4 1966 1967 1969 1968
4 1601 1612 1970 1959
4 1612 1613 1971 1970
4 1959 1970 1972 1961
4 1970 1971 1973 1972
4 1613 1616 1974 1971
4 1616 1617 1975 1974
4 1971 1974 1976 1973
4 1974 1975 1977 1976
4 1961 1972 1978 1967
4 1972 1973 1979 1978
4 1967 1978 1980 1969
4 1978 1979 1981 1980
4 1973 1976 1982 1979
4 1976 1977 1983 1982
4 1979 1982 1984 1981
4 1982 1983 1985 1984
4 1921 1964 1986 1943
4 1964 1965 1987 1986
4 1943 1986 1988 1945
4 1986 1987 1989 1988
4 1965 1968 1990 1987
4 1968 1969 1991 1990
4 1987 1990 1992 1989
4 1990 1991 1993 1992
4 1945 1988 1994 1951
4 1988 1989 1995 1994
4 1951 1994 1996 1953
4 1994 1995 1997 1996
4 1989 1992 1998 1995
4 1992 1993 1999 1998
4 1995 1998 2000 1997
4 1998 1999 2001 2000
4 1969 1980 2002 1991
4 1980 1981 2003 2002
4 1991 2002 2004 1993
4 2002 2003 2005 2004
4 1981 1984 2006 2003
4 1984 1985 2007 2006
4 2003 2006 2008 2005
4 2006 2007 2009 2008
4 1993 2004 2010 1999
4 2004 2005 2011 2010
4 1999 2010 2012 2001
4 2010 2011 2013 2012
4 2005 2008 2014 2011
4 2008 2009 2015 2014
4 2011 2014 2016 2013
4 2014 2015 2017 2016
4 1753 1932 2018 1847
4 1932 1933 2019 2018
4 1847 2018 2020 1849
4 2018 2019 2021 2020
4 1933 1936 2022 2019
4 1936 1937 2023 2022
4 2019 2022 2024 2021
4 2022 2023 2025 2024
4 1849 2020 2026 1855
4 2020 2021 2027 2026
4 1855 2026 2028 1857
4 2026 2027 2029 2028
4 2021 2024 2030 2027
4 2024 2025 2031 2030
4 2027 2030 2032 2029
4 2030 2031 2033 2032
4 1937 1948 2034 2023
4 1948 1949 2035 2034
4 2023 2034 2036 2025
4 2034 2035 2037 2036
4 1949 1952 2038 2035
4 1952 1953 2039 2038
4 2035 2038 2040 2037
4 2038 2039 2041 2040
4 2025 2036 2042 2031
4 2036 2037 2043 2042
4 2031 2042 2044 2033
4 2042 2043 2045 2044
4 2037 2040 2046 2043
4 2040 2041 2047 2046
4 2043 2046 2048 2045
4 2046 2047 2049 2048
4 1857 2028 2050 1879
4 2028 2029 2051 2050
4 1879 2050 2052 1881
4 2050 2051 2053 2052
4 2029 2032 2054 2051
4 2032 2033 2055 2054
4 2051 2054 2056 2053
4 2054 2055 2057 2056
4 1881 2052 2058 1887
4 2052 2053 2059 2058
4 1887 2058 2060 1889
4 2058 2059 2061 2060
4 2053 2056 2062 2059
4 2056 2057 2063 2062
4 2059 2062 2064 2061
4 2062 2063 2065 2064
4 2033 2044 2066 2055
4 2044 2045 2067 2066
4 2055 2066 2068 2057
4 2066 2067 2069 2068
4 2045 2048 2070 2067
4 2048 2049 2071 2070
4 2067 2070 2072 2069
4 2070 2071 2073 2072
4 2057 2068 2074 2063
4 2068 2069 2075 2074
4 2063 2074 2076 2065
4 2074 2075 2077 2076
4 2069 2072 2078 2075
4 2072 2073 2079 2078
4 2075 2078 2080 2077
4 2078 2079 2081 2080
4 1953 1996 2082 2039
4 1996 1997 2083 2082
4 2039 2082 2084 2041
4 2082 2083 2085 2084
4 1997 2000 2086 2083
4 2000 2001 2087 2086
4 2083 2086 2088 2085
4 2086 2087 2089 2088
4 2041 2084 2090 2047
4 2084 2085 2091 2090
4 2047 2090 2092 2049
4 2090 2091 2093 2092
4 2085 2088 2094 2091
4 2088 2089 2095 2094
4 2091 2094 2096 2093
4 2094 2095 2097 2096
4 2001 2012 2098 2087
4 2012 2013 2099 2098
4 2087 2098 2100 2089
4 2098 2099 2101 2100
4 2013 2016 2102 2099
4 2016 2017 2103 2102
4 2099 2102 2104 2101
4 2102 2103 2105 2104
4 2089 2100 2106 2095
4 2100 2101 2107 2106
4 2095 2106 2108 2097
4 2106 2107 2109 2108
4 2101 2104 2110 2107
4 2104 2105 2111 2110
4 2107 2110 2112 2109
4 2110 2111 2113 2112
4 2049 2092 2114 2071
4 2092 2093 2115 2114
4 2071 2114 2116 2073
4 2114 2115 2117 2116
4 2093 2096 2118 2115
4 2096 2097 2119 2118
4 2115 2118 2120 2117
4 2118 2119 2121 2120
4 2073 2116 2122 2079
4 2116 2117 2123 2122
4 2079 2122 2124 2081
4 2122 2123 2125 2124
4 2117 2120 2126 2123
4 2120 2121 2127 2126
4 2123 2126 2128 2125
4 2126 2127 2129 2128
4 2097 2108 2130 2119
4 2108 2109 2131 2130
4 2119 2130 2132 2121
4 2130 2131 2133 2132
4 2109 2112 2134 2131
4 2112 2113 2135 2134
4 2131 2134 2136 2133
4 2134 2135 2137 2136
4 2121 2132 2138 2127
4 2132 2133 2139 2138
4 2127 2138 2140 2129
4 2138 2139 2141 2140
4 2133 2136 2142 2139
4 2136 2137 2143 2142
4 2139 2142 2144 2141
4 2142 2143 2145 2144
4 1804 1803 2146 2147
4 1803 1805 2148 2146
4 2147 2146 2149 2150
4 2146 2148 2151 2149
4 1805 1808 2152 2148
4 1808 1809 2153 2152
4 2148 2152 2154 2151
4 2152 2153 2155 2154
4 2150 2149 2156 2157
4 2149 2151 2158 2156
4 2157 2156 2159 2160
4 2156 2158 2161 2159
4 2151 2154 2162 2158
4 2154 2155 2163 2162
4 2158 2162 2164 2161
4 2162 2163 2165 2164
4 1809 1820 2166 2153
4 1820 1821 2167 2166
4 2153 2166 2168 2155
4 2166 2167 2169 2168
4 1821 1824 2170 2167
4 1824 1825 2171 2170
4 2167 2170 2172 2169
4 2170 2171 2173 2172
4 2155 2168 2174 2163
4 2168 2169 2175 2174
4 2163 2174 2176 2165
4 2174 2175 2177 2176
4 2169 2172 2178 2175
4 2172 2173 2179 2178
4 2175 2178 2180 2177
4 2178 2179 2181 2180
4 2160 2159 2182 2183
4 2159 2161 2184 2182
4 2183 2182 2185 2186
4 2182 2184 2187 2185
4 2161 2164 2188 2184
4 2164 2165 2189 2188
4 2184 2188 2190 2187
4 2188 2189 2191 2190
4 2186 2185 2192 2193
4 2185 2187 2194 2192
4 2193 2192 2195 2196
4 2192 2194 2197 2195
4 2187 2190 2198 2194
4 2190 2191 2199 2198
4 2194 2198 2200 2197
4 2198 2199 2201 2200
4 2165 2176 2202 2189
4 2176 2177 2203 2202
4 2189 2202 2204 2191
4 2202 2203 2205 2204
4 2177 2180 2206 2203
4 2180 2181 2207 2206
4 2203 2206 2208 2205
4 2206 2207 2209 2208
4 2191 2204 2210 2199
4 2204 2205 2211 2210
4 2199 2210 2212 2201
4 2210 2211 2213 2212
4 2205 2208 2214 2211
4 2208 2209 2215 2214
4 2211 2214 2216 2213
4 2214 2215 2217 2216
4 1825 1868 2218 2171
4 1868 1869 2219 2218
4 2171 2218 2220 2173
4 2218 2219 2221 2220
4 1869 1872 2222 2219
4 1872 1873 2223 2222
4 2219 2222 2224 2221
4 2222 2223 2225 2224
4 2173 2220 2226 2179
4 2220 2221 2227 2226
4 2179 2226 2228 2181
4 2226 2227 2229 2228
4 2221 2224 2230 2227
4 2224 2225 2231 2230
4 2227 2230 2232 2229
4 2230 2231 2233 2232
4 1873 1884 2234 2223
4 1884 1885 2235 2234
4 2223 2234 2236 2225
4 2234 2235 2237 2236
4 1885 1888 2238 2235
4 1888 1889 2239 2238
4 2235 2238 2240 2237
4 2238 2239 2241 2240
4 2225 2236 2242 2231
4 2236 2237 2243 2242
4 2231 2242 2244 2233
4 2242 2243 2245 2244
4 2237 2240 2246 2243
4 2240 2241 2247 2246
4 2243 2246 2248 2245
4 2246 2247 2249 2248
4 2181 2228 2250 2207
4 2228 2229 2251 2250
4 2207 2250 2252 2209
4 2250 2251 2253 2252
4 2229 2232 2254 2251
4 2232 2233 2255 2254
4 2251 2254 2256 2253
4 2254 2255 2257 2256
4 2209 2252 2258 2215
4 2252 2253 2259 2258
4 2215 2258 2260 2217
4 2258 2259 2261 2260
4 2253 2256 2262 2259
4 2256 2257 2263 2262
4 2259 2262 2264 2261
4 2262 2263 2265 2264
4 2233 2244 2266 2255
4 2244 2245 2267 2266
4 2255 2266 2268 2257
4 2266 2267 2269 2268
4 2245 2248 2270 2267
4 2248 2249 2271 2270
4 2267 2270 2272 2269
4 2270 2271 2273 2272
4 2257 2268 2274 2263
4 2268 2269 2275 2274
4 2263 2274 2276 2265
4 2274 2275 2277 2276
4 2269 2272 2278 2275
4 2272 2273 2279 2278
4 2275 2278 2280 2277
4 2278 2279 2281 2280
4 2196 2195 2282 2283
4 2195 2197 2284 2282
4 2283 2282 2285 2286
4 2282 2284 2287 2285
4 2197 2200 2288 2284
4 2200 2201 2289 2288
4 2284 2288 2290 2287
4 2288 2289 2291 2290
4 2286 2285 2292 2293
4 2285 2287 2294 2292
4 2293 2292 2295 2296
4 2292 2294 2297 2295
4 2287 2290 2298 2294
4 2290 2291 2299 2298
4 2294 2298 2300 2297
4 2298 2299 2301 2300
4 2201 2212 2302 2289
4 2212 2213 2303 2302
4 2289 2302 2304 2291
4 2302 2303 2305 2304
4 2213 2216 2306 2303
4 2216 2217 2307 2306
4 2303 2306 2308 2305
4 2306 2307 2309 2308
4 2291 2304 2310 2299
4 2304 2305 2311 2310
4 2299 2310 2312 2301
4 2310 2311 2313 2312
4 2305 2308 2314 2311
4 2308 2309 2315 2314
4 2311 2314 2316 2313
4 2314 2315 2317 2316
4 2296 2295 2318 2319
4 2295 2297 2320 2318
4 2319 2318 2321 2322
4 2318 2320 2323 2321
4 2297 2300 2324 2320
4 2300 2301 2325 2324
4 2320 2324 2326 2323
4 2324 2325 2327 2326
4 2322 2321 2328 2329
4 2321 2323 2330 2328
4 2329 2328 2331 2332
4 2328 2330 2333 2331
4 2323 2326 2334 2330
4 2326 2327 2335 2334
4 2330 2334 2336 2333
4 2334 2335 2337 2336
4 2301 2312 2338 2325
4 2312 2313 2339 2338
4 2325 2338 2340 2327
4 2338 2339 2341 2340
4 2313 2316 2342 2339
4 2316 2317 2343 2342
4 2339 2342 2344 2341
4 2342 2343 2345 2344
4 2327 2340 2346 2335
4 2340 2341 2347 2346
4 2335 2346 2348 2337
4 2346 2347 2349 2348
4 2341 2344 2350 2347
4 2344 2345 2351 2350
4 2347 2350 2352 2349
4 2350 2351 2353 2352
4 2217 2260 2354 2307
4 2260 2261 2355 2354
4 2307 2354 2356 2309
4 2354 2355 2357 2356
4 2261 2264 2358 2355
4 2264 2265 2359 2358
4 2355 2358 2360 2357
4 2358 2359 2361 2360
4 2309 2356 2362 2315
4 2356 2357 2363 2362
4 2315 2362 2364 2317
4 2362 2363 2365 2364
4 2357 2360 2366 2363
4 2360 2361 2367 2366
4 2363 2366 2368 2365
4 2366 2367 2369 2368
4 2265 2276 2370 2359
4 2276 2277 2371 2370
4 2359 2370 2372 2361
4 2370 2371 2373 2372
4 2277 2280 2374 2371
4 2280 2281 2375 2374
4 2371 2374 2376 2373
4 2374 2375 2377 2376
4 2361 2372 2378 2367
4 2372 2373 2379 2378
4 2367 2378 2380 2369
4 2378 2379 2381 2380
4 2373 2376 2382 2379
4 2376 2377 2383 2382
4 2379 2382 2384 2381
4 2382 2383 2385 2384
4 2317 2364 2386 2343
4 2364 2365 2387 2386
4 2343 2386 2388 2345
4 2386 2387 2389 2388
4 2365 2368 2390 2387
4 2368 2369 2391 2390
4 2387 2390 2392 2389
4 2390 2391 2393 2392
4 2345 2388 2394 2351
4 2388 2389 2395 2394
4 2351 2394 2396 2353
4 2394 2395 2397 2396
4 2389 2392 2398 2395
4 2392 2393 2399 2398
4 2395 2398 2400 2397
4 2398 2399 2401 2400
4 2369 2380 2402 2391
4 2380 2381 2403 2402
4 2391 2402 2404 2393
4 2402 2403 2405 2404
4 2381 2384 2406 2403
4 2384 2385 2407 2406
4 2403 2406 2408 2405
4 2406 2407 2409 2408
4 2393 2404 2410 2399
4 2404 2405 2411 2410
4 2399 2410 2412 2401
4 2410 2411 2413 2412
4 2405 2408 2414 2411
4 2408 2409 2415 2414
4 2411 2414 2416 2413
4 2414 2415 2417 2416
4 1889 2060 2418 2239
4 2060 2061 2419 2418
4 2239 2418 2420 2241
4 2418 2419 2421 2420
4 2061 2064 2422 2419
4 2064 2065 2423 2422
4 2419 2422 2424 2421
4 2422 2423 2425 2424
4 2241 2420 2426 2247
4 2420 2421 2427 2426
4 2247 2426 2428 2249
4 2426 2427 2429 2428
4 2421 2424 2430 2427
4 2424 2425 2431 2430
4 2427 2430 2432 2429
4 2430 2431 2433 2432
4 2065 2076 2434 2423
4 2076 2077 2435 2434
4 2423 2434 2436 2425
4 2434 2435 2437 2436
4 2077 2080 2438 2435
4 2080 2081 2439 2438
4 2435 2438 2440 2437
4 2438 2439 2441 2440
4 2425 2436 2442 2431
4 2436 2437 2443 2442
4 2431 2442 2444 2433
4 2442 2443 2445 2444
4 2437 2440 2446 2443
4 2440 2441 2447 2446
4 2443 2446 2448 2445
4 2446 2447 2449 2448
4 2249 2428 2450 2271
4 2428 2429 2451 2450
4 2271 2450 2452 2273
4 2450 2451 2453 2452
4 2429 2432 2454 2451
4 2432 2433 2455 2454
4 2451 2454 2456 2453
4 2454 2455 2457 2456
4 2273 2452 2458 2279
4 2452 2453 2459 2458
4 2279 2458 2460 2281
4 2458 2459 2461 2460
4 2453 2456 2462 2459
4 2456 2457 2463 2462
4 2459 2462 2464 2461
4 2462 2463 2465 2464
4 2433 2444 2466 2455
4 2444 2445 2467 2466
4 2455 2466 2468 2457
4 2466 2467 2469 2468
4 2445 2448 2470 2467
4 2448 2449 2471 2470
4 2467 2470 2472 2469
4 2470 2471 2473 2472
4 2457 2468 2474 2463
4 2468 2469 2475 2474
4 2463 2474 2476 2465
4 2474 2475 2477 2476
4 2469 2472 2478 2475
4 2472 2473 2479 2478
4 2475 2478 2480 2477
4 2478 2479 2481 2480
4 2081 2124 2482 2439
4 2124 2125 2483 2482
4 2439 2482 2484 2441
4 2482 2483 2485 2484
4 2125 2128 2486 2483
4 2128 2129 2487 2486
4 2483 2486 2488 2485
4 2486 2487 2489 2488
4 2441 2484 2490 2447
4 2484 2485 2491 2490
4 2447 2490 2492 2449
4 2490 2491 2493 2492
4 2485 2488 2494 2491
4 2488 2489 2495 2494
4 2491 2494 2496 2493
4 2494 2495 2497 2496
4 2129 2140 2498 2487
4 2140 2141 2499 2498
4 2487 2498 2500 2489
4 2498 2499 2501 2500
4 2141 2144 2502 2499
4 2144 2145 2503 2502
4 2499 2502 2504 2501
4 2502 2503 2505 2504
4 2489 2500 2506 2495
4 2500 2501 2507 2506
4 2495 2506 2508 2497
4 2506 2507 2509 2508
4 2501 2504 2510 2507
4 2504 2505 2511 2510
4 2507 2510 2512 2509
4 2510 2511 2513 2512
4 2449 2492 2514 2471
4 2492 2493 2515 2514
4 2471 2514 2516 2473
4 2514 2515 2517 2516
4 2493 2496 2518 2515
4 2496 2497 2519 2518
4 2515 2518 2520 2517
4 2518 2519 2521 2520
4 2473 2516 2522 2479
4 2516 2517 2523 2522
4 2479 2522 2524 2481
4 2522 2523 2525 2524
4 2517 2520 2526 2523
4 2520 2521 2527 2526
4 2523 2526 2528 2525
4 2526 2527 2529 2528
4 2497 2508 2530 2519
4 2508 2509 2531 2530
4 2519 2530 2532 2521
4 2530 2531 2533 2532
4 2509 2512 2534 2531
4 2512 2513 2535 2534
4 2531 2534 2536 2533
4 2534 2535 2537 2536
4 2521 2532 2538 2527
4 2532 2533 2539 2538
4 2527 2538 2540 2529
4 2538 2539 2541 2540
4 2533 2536 2542 2539
4 2536 2537 2543 2542
4 2539 2542 2544 2541
4 2542 2543 2545 2544
4 2281 2460 2546 2375
4 2460 2461 2547 2546
4 2375 2546 2548 2377
4 2546 2547 2549 2548
4 2461 2464 2550 2547
4 2464 2465 2551 2550
4 2547 2550 2552 2549
4 2550 2551 2553 2552
4 2377 2548 2554 2383
4 2548 2549 2555 2554
4 2383 2554 2556 2385
4 2554 2555 2557 2556
4 2549 2552 2558 2555
4 2552 2553 2559 2558
4 2555 2558 2560 2557
4 2558 2559 2561 2560
4 2465 2476 2562 2551
4 2476 2477 2563 2562
4 2551 2562 2564 2553
4 2562 2563 2565 2564
4 2477 2480 2566 2563
4 2480 2481 2567 2566
4 2563 2566 2568 2565
4 2566 2567 2569 2568
4 2553 2564 2570 2559
4 2564 2565 2571 2570
4 2559 2570 2572 2561
4 2570 2571 2573 2572
4 2565 2568 2574 2571
4 2568 2569 2575 2574
4 2571 2574 2576 2573
4 2574 2575 2577 2576
4 2385 2556 2578 2407
4 2556 2557 2579 2578
4 2407 2578 2580 2409
4 2578 2579 2581 2580
4 2557 2560 2582 2579
4 2560 2561 2583 2582
4 2579 2582 2584 2581
4 2582 2583 2585 2584
4 2409 2580 2586 2415
4 2580 2581 2587 2586
4 2415 2586 2588 2417
4 2586 2587 2589 2588
4 2581 2584 2590 2587
4 2584 2585 2591 2590
4 2587 2590 2592 2589
4 2590 2591 2593 2592
4 2561 2572 2594 2583
4 2572 2573 2595 2594
4 2583 2594 2596 2585
4 2594 2595 2597 2596
4 2573 2576 2598 2595
4 2576 2577 2599 2598
4 2595 2598 2600 2597
4 2598 2599 2601 2600
4 2585 2596 2602 2591
4 2596 2597 2603 2602
4 2591 2602 2604 2593
4 2602 2603 2605 2604
4 2597 2600 2606 2603
4 2600 2601 2607 2606
4 2603 2606 2608 2605
4 2606 2607 2609 2608
4 2481 2524 2610 2567
4 2524 2525 2611 2610
4 2567 2610 2612 2569
4 2610 2611 2613 2612
4 2525 2528 2614 2611
4 2528 2529 2615 2614
4 2611 2614 2616 2613
4 2614 2615 2617 2616
4 2569 2612 2618 2575
4 2612 2613 2619 2618
4 2575 2618 2620 2577
4 2618 2619 2621 2620
4 2613 2616 2622 2619
4 2616 2617 2623 2622
4 2619 2622 2624 2621
4 2622 2623 2625 2624
4 2529 2540 2626 2615
4 2540 2541 2627 2626
4 2615 2626 2628 2617
4 2626 2627 2629 2628
4 2541 2544 2630 2627
4 2544 2545 2631 2630
4 2627 2630 2632 2629
4 2630 2631 2633 2632
4 2617 2628 2634 2623
4 2628 2629 2635 2634
4 2623 2634 2636 2625
4 2634 2635 2637 2636
4 2629 2632 2638 2635
4 2632 2633 2639 2638
4 2635 2638 2640 2637
4 2638 2639 2641 2640
4 2577 2620 2642 2599
4 2620 2621 2643 2642
4 2599 2642 2644 2601
4 2642 2643 2645 2644
4 2621 2624 2646 2643
4 2624 2625 2647 2646
4 2643 2646 2648 2645
4 2646 2647 2649 2648
4 2601 2644 2650 2607
4 2644 2645 2651 2650
4 2607 2650 2652 2609
4 2650 2651 2653 2652
4 2645 2648 2654 2651
4 2648 2649 2655 2654
4 2651 2654 2656 2653
4 2654 2655 2657 2656
4 2625 2636 2658 2647
4 2636 2637 2659 2658
4 2647 2658 2660 2649
4 2658 2659 2661 2660
4 2637 2640 2662 2659
4 2640 2641 2663 2662
4 2659 2662 2664 2661
4 2662 2663 2665 2664
4 2649 2660 2666 2655
4 2660 2661 2667 2666
4 2655 2666 2668 2657
4 2666 2667 2669 2668
4 2661 2664 2670 2667
4 2664 2665 2671 2670
4 2667 2670 2672 2669
4 2670 2671 2673 2672
4 2332 2331 2674 2675
4 2331 2333 2676 2674
4 2675 2674 2677 2678
4 2674 2676 2679 2677
4 2333 2336 2680 2676
4 2336 2337 2681 2680
4 2676 2680 2682 2679
4 2680 2681 2683 2682
4 2678 2677 2684 2685
4 2677 2679 2686 2684
4 2685 2684 2687 2688
4 2684 2686 2689 2687
4 2679 2682 2690 2686
4 2682 2683 2691 2690
4 2686 2690 2692 2689
4 2690 2691 2693 2692
4 2337 2348 2694 2681
4 2348 2349 2695 2694
4 2681 2694 2696 2683
4 2694 2695 2697 2696
4 2349 2352 2698 2695
4 2352 2353 2699 2698
4 2695 2698 2700 2697
4 2698 2699 2701 2700
4 2683 2696 2702 2691
4 2696 2697 2703 2702
4 2691 2702 2704 2693
4 2702 2703 2705 2704
4 2697 2700 2706 2703
4 2700 2701 2707 2706
4 2703 2706 2708 2705
4 2706 2707 2709 2708
4 2688 2687 2710 2711
4 2687 2689 2712 2710
4 2711 2710 2713 2714
4 2710 2712 2715 2713
4 2689 2692 2716 2712
4 2692 2693 2717 2716
4 2712 2716 2718 2715
4 2716 2717 2719 2718
4 2714 2713 2720 2721
4 2713 2715 2722 2720
4 2721 2720 2723 2724
4 2720 2722 2725 2723
4 2715 2718 2726 2722
4 2718 2719 2727 2726
4 2722 2726 2728 2725
4 2726 2727 2729 2728
4 2693 2704 2730 2717
4 2704 2705 2731 2730
4 2717 2730 2732 2719
4 2730 2731 2733 2732
4 2705 2708 2734 2731
4 2708 2709 2735 2734
4 2731 2734 2736 2733
4 2734 2735 2737 2736
4 2719 2732 2738 2727
4 2732 2733 2739 2738
4 2727 2738 2740 2729
4 2738 2739 2741 2740
4 2733 2736 2742 2739
4 2736 2737 2743 2742
4 2739 2742 2744 2741
4 2742 2743 2745 2744
4 2353 2396 2746 2699
4 2396 2397 2747 2746
4 2699 2746 2748 2701
4 2746 2747 2749 2748
4 2397 2400 2750 2747
4 2400 2401 2751 2750
4 2747 2750 2752 2749
4 2750 2751 2753 2752
4 2701 2748 2754 2707
4 2748 2749 2755 2754
4 2707 2754 2756 2709
4 2754 2755 2757 2756
4 2749 2752 2758 2755
4 2752 2753 2759 2758
4 2755 2758 2760 2757
4 2758 2759 2761 2760
4 2401 2412 2762 2751
4 2412 2413 2763 2762
4 2751 2762 2764 2753
4 2762 2763 2765 2764
4 2413 2416 2766 2763
4 2416 2417 2767 2766
4 2763 2766 2768 2765
4 2766 2767 2769 2768
4 2753 2764 2770 2759
4 2764 2765 2771 2770
4 2759 2770 2772 2761
4 2770 2771 2773 2772
4 2765 2768 2774 2771
4 2768 2769 2775 2774
4 2771 2774 2776 2773
4 2774 2775 2777 2776
4 2709 2756 2778 2735
4 2756 2757 2779 2778
4 2735 2778 2780 2737
4 2778 2779 2781 2780
4 2757 2760 2782 2779
4 2760 2761 2783 2782
4 2779 2782 2784 2781
4 2782 2783 2785 2784
4 2737 2780 2786 2743
4 2780 2781 2787 2786
4 2743 2786 2788 2745
4 2786 2787 2789 2788
4 2781 2784 2790 2787
4 2784 2785 2791 2790
4 2787 2790 2792 2789
4 2790 2791 2793 2792
4 2761 2772 2794 2783
4 2772 2773 2795 2794
4 2783 2794 2796 2785
4 2794 2795 2797 2796
4 2773 2776 2798 2795
4 2776 2777 2799 2798
4 2795 2798 2800 2797
4 2798 2799 2801 2800
4 2785 2796 2802 2791
4 2796 2797 2803 2802
4 2791 2802 2804 2793
4 2802 2803 2805 2804
4 2797 2800 2806 2803
4 2800 2801 2807 2806
4 2803 2806 2808 2805
4 2806 2807 2809 2808
4 2724 2723 2810 2811
4 2723 2725 2812 2810
4 2811 2810 2813 2814
4 2810 2812 2815 2813
4 2725 2728 2816 2812
4 2728 2729 2817 2816
4 2812 2816 2818 2815
4 2816 2817 2819 2818
4 2814 2813 2820 2821
4 2813 2815 2822 2820
4 2821 2820 2823 2824
4 2820 2822 2825 2823
4 2815 2818 2826 2822
4 2818 2819 2827 2826
4 2822 2826 2828 2825
4 2826 2827 2829 2828
4 2729 2740 2830 2817
4 2740 2741 2831 2830
4 2817 2830 2832 2819
4 2830 2831 2833 2832
4 2741 2744 2834 2831
4 2744 2745 2835 2834
4 2831 2834 2836 2833
4 2834 2835 2837 2836
4 2819 2832 2838 2827
4 2832 2833 2839 2838
4 2827 2838 2840 2829
4 2838 2839 2841 2840
4 2833 2836 2842 2839
4 2836 2837 2843 2842
4 2839 2842 2844 2841
4 2842 2843 2845 2844
4 2824 2823 2846 2847
4 2823 2825 2848 2846
4 2847 2846 2849 2850
4 2846 2848 2851 2849
4 2825 2828 2852 2848
4 2828 2829 2853 2852
4 2848 2852 2854 2851
4 2852 2853 2855 2854
4 2850 2849 2856 2857
4 2849 2851 2858 2856
4 2857 2856 2859 2860
4 2856 2858 2861 2859
4 2851 2854 2862 2858
4 2854 2855 2863 2862
4 2858 2862 2864 2861
4 2862 2863 2865 2864
4 2829 2840 2866 2853
4 2840 2841 2867 2866
4 2853 2866 2868 2855
4 2866 2867 2869 2868
4 2841 2844 2870 2867
4 2844 2845 2871 2870
4 2867 2870 2872 2869
4 2870 2871 2873 2872
4 2855 2868 2874 2863
4 2868 2869 2875 2874
4 2863 2874 2876 2865
4 2874 2875 2877 2876
4 2869 2872 2878 2875
4 2872 2873 2879 2878
4 2875 2878 2880 2877
4 2878 2879 2881 2880
4 2745 2788 2882 2835
4 2788 2789 2883 2882
4 2835 2882 2884 2837
4 2882 2883 2885 2884
4 2789 2792 2886 2883
4 2792 2793 2887 2886
4 2883 2886 2888 2885
4 2886 2887 2889 2888
4 2837 2884 2890 2843
4 2884 2885 2891 2890
4 2843 2890 2892 2845
4 2890 2891 2893 2892
4 2885 2888 2894 2891
4 2888 2889 2895 2894
4 2891 2894 2896 2893
4 2894 2895 2897 2896
4 2793 2804 2898 2887
4 2804 2805 2899 2898
4 2887 2898 2900 2889
4 2898 2899 2901 2900
4 2805 2808 2902 2899
4 2808 2809 2903 2902
4 2899 2902 2904 2901
4 2902 2903 2905 2904
4 2889 2900 2906 2895
4 2900 2901 2907 2906
4 2895 2906 2908 2897
4 2906 2907 2909 2908
4 2901 2904 2910 2907
4 2904 2905 2911 2910
4 2907 2910 2912 2909
4 2910 2911 2913 2912
4 2845 2892 2914 2871
4 2892 2893 2915 2914
4 2871 2914 2916 2873
4 2914 2915 2917 2916
4 2893 2896 2918 2915
4 2896 2897 2919 2918
4 2915 2918 2920 2917
4 2918 2919 2921 2920
4 2873 2916 2922 2879
4 2916 2917 2923 2922
4 2879 2922 2924 2881
4 2922 2923 2925 2924
4 2917 2920 2926 2923
4 2920 2921 2927 2926
4 2923 2926 2928 2925
4 2926 2927 2929 2928
4 2897 2908 2930 2919
4 2908 2909 2931 2930
4 2919 2930 2932 2921
4 2930 2931 2933 2932
4 2909 2912 2934 2931
4 2912 2913 2935 2934
4 2931 2934 2936 2933
4 2934 2935 2937 2936
4 2921 2932 2938 2927
4 2932 2933 2939 2938
4 2927 2938 2940 2929
4 2938 2939 2941 2940
4 2933 2936 2942 2939
4 2936 2937 2943 2942
4 2939 2942 2944 2941
4 2942 2943 2945 2944
4 2417 2588 2946 2767
4 2588 2589 2947 2946
4 2767 2946 2948 2769
4 2946 2947 2949 2948
4 2589 2592 2950 2947
4 2592 2593 2951 2950
4 2947 2950 2952 2949
4 2950 2951 2953 2952
4 2769 2948 2954 2775
4 2948 2949 2955 2954
4 2775 2954 2956 2777
4 2954 2955 2957 2956
4 2949 2952 2958 2955
4 2952 2953 2959 2958
4 2955 2958 2960 2957
4 2958 2959 2961 2960
4 2593 2604 2962 2951
4 2604 2605 2963 2962
4 2951 2962 2964 2953
4 2962 2963 2965 2964
4 2605 2608 2966 2963
4 2608 2609 2967 2966
4 2963 2966 2968 2965
4 2966 2967 2969 2968
4 2953 2964 2970 2959
4 2964 2965 2971 2970
4 2959 2970 2972 2961
4 2970 2971 2973 2972
4 2965 2968 2974 2971
4 2968 2969 2975 2974
4 2971 2974 2976 2973
4 2974 2975 2977 2976
4 2777 2956 2978 2799
4 2956 2957 2979 2978
4 2799 2978 2980 2801
4 2978 2979 2981 2980
4 2957 2960 2982 2979
4 2960 2961 2983 2982
4 2979 2982 2984 2981
4 2982 2983 2985 2984
4 2801 2980 2986 2807
4 2980 2981 2987 2986
4 2807 2986 2988 2809
4 2986 2987 2989 2988
4 2981 2984 2990 2987
4 2984 2985 2991 2990
4 2987 2990 2992 2989
4 2990 2991 2993 2992
4 2961 2972 2994 2983
4 2972 2973 2995 2994
4 2983 2994 2996 2985
4 2994 2995 2997 2996
4 2973 2976 2998 2995
4 2976 2977 2999 2998
4 2995 2998 3000 2997
4 2998 2999 3001 3000
4 2985 2996 3002 2991
4 2996 2997 3003 3002
4 2991 3002 3004 2993
4 3002 3003 3005 3004
4 2997 3000 3006 3003
4 3000 3001 3007 3006
4 3003 3006 3008 3005
4 3006 3007 3009 3008
4 2609 2652 3010 2967
4 2652 2653 3011 3010
4 2967 3010 3012 2969
4 3010 3011 3013 3012
4 2653 2656 3014 3011
4 2656 2657 3015 3014
4 3011 3014 3016 3013
4 3014 3015 3017 3016
4 2969 3012 3018 2975
4 3012 3013 3019 3018
4 2975 3018 3020 2977
4 3018 3019 3021 3020
4 3013 3016 3022 3019
4 3016 3017 3023 3022
4 3019 3022 3024 3021
4 3022 3023 3025 3024
4 2657 2668 3026 3015
4 2668 2669 3027 3026
4 3015 3026 3028 3017
4 3026 3027 3029 3028
4 2669 2672 3030 3027
4 2672 2673 3031 3030
4 3027 3030 3032 3029
4 3030 3031 3033 3032
4 3017 3028 3034 3023
4 3028 3029 3035 3034
4 3023 3034 3036 3025
4 3034 3035 3037 3036
4 3029 3032 3038 3035
4 3032 3033 3039 3038
4 3035 3038 3040 3037
4 3038 3039 3041 3040
4 2977 3020 3042 2999
4 3020 3021 3043 3042
4 2999 3042 3044 3001
4 3042 3043 3045 3044
4 3021 3024 3046 3043
4 3024 3025 3047 3046
4 3043 3046 3048 3045
4 3046 3047 3049 3048
4 3001 3044 3050 3007
4 3044 3045 3051 3050
4 3007 3050 3052 3009
4 3050 3051 3053 3052
4 3045 3048 3054 3051
4 3048 3049 3055 3054
4 3051 3054 3056 3053
4 3054 3055 3057 3056
4 3025 3036 3058 3047
4 3036 3037 3059 3058
4 3047 3058 3060 3049
4 3058 3059 3061 3060
4 3037 3040 3062 3059
4 3040 3041 3063 3062
4 3059 3062 3064 3061
4 3062 3063 3065 3064
4 3049 3060 3066 3055
4 3060 3061 3067 3066
4 3055 3066 3068 3057
4 3066 3067 3069 3068
4 3061 3064 3070 3067
4 3064 3065 3071 3070
4 3067 3070 3072 3069
4 3070 3071 3073 3072
4 2809 2988 3074 2903
4 2988 2989 3075 3074
4 2903 3074 3076 2905
4 3074 3075 3077 3076
4 2989 2992 3078 3075
4 2992 2993 3079 3078
4 3075 3078 3080 3077
4 3078 3079 3081 3080
4 2905 3076 3082 2911
4 3076 3077 3083 3082
4 2911 3082 3084 2913
4 3082 3083 3085 3084
4 3077 3080 3086 3083
4 3080 3081 3087 3086
4 3083 3086 3088 3085
4 3086 3087 3089 3088
4 2993 3004 3090 3079
4 3004 3005 3091 3090
4 3079 3090 3092 3081
4 3090 3091 3093 3092
4 3005 3008 3094 3091
4 3008 3009 3095 3094
4 3091 3094 3096 3093
4 3094 3095 3097 3096
4 3081 3092 3098 3087
4 3092 3093 3099 3098
4 3087 3098 3100 3089
4 3098 3099 3101 3100
4 3093 3096 3102 3099
4 3096 3097 3103 3102
4 3099 3102 3104 3101
4 3102 3103 3105 3104
4 2913 3084 3106 2935
4 3084 3085 3107 3106
4 2935 3106 3108 2937
4 3106 3107 3109 3108
4 3085 3088 3110 3107
4 3088 3089 3111 3110
4 3107 3110 3112 3109
4 3110 3111 3113 3112
4 2937 3108 3114 2943
4 3108 3109 3115 3114
4 2943 3114 3116 2945
4 3114 3115 3117 3116
4 3109 3112 3118 3115
4 3112 3113 3119 3118
4 3115 3118 3120 3117
4 3118 3119 3121 3120
4 3089 3100 3122 3111
4 3100 3101 3123 3122
4 3111 3122 3124 3113
4 3122 3123 3125 3124
4 3101 3104 3126 3123
4 3104 3105 3127 3126
4 3123 3126 3128 3125
4 3126 3127 3129 3128
4 3113 3124 3130 3119
4 3124 3125 3131 3130
4 3119 3130 3132 3121
4 3130 3131 3133 3132
4 3125 3128 3134 3131
4 3128 3129 3135 3134
4 3131 3134 3136 3133
4 3134 3135 3137 3136
4 3009 3052 3138 3095
4 3052 3053 3139 3138
4 3095 3138 3140 3097
4 3138 3139 3141 3140
4 3053 3056 3142 3139
4 3056 3057 3143 3142
4 3139 3142 3144 3141
4 3142 3143 3145 3144
4 3097 3140 3146 3103
4 3140 3141 3147 3146
4 3103 3146 3148 3105
4 3146 3147 3149 3148
4 3141 3144 3150 3147
4 3144 3145 3151 3150
4 3147 3150 3152 3149
4 3150 3151 3153 3152
4 3057 3068 3154 3143
4 3068 3069 3155 3154
4 3143 3154 3156 3145
4 3154 3155 3157 3156
4 3069 3072 3158 3155
4 3072 3073 3159 3158
4 3155 3158 3160 3157
4 3158 3159 3161 3160
4 3145 3156 3162 3151
4 3156 3157 3163 3162
4 3151 3162 3164 3153
4 3162 3163 3165 3164
4 3157 3160 3166 3163
4 3160 3161 3167 3166
4 3163 3166 3168 3165
4 3166 3167 3169 3168
4 3105 3148 3170 3127
4 3148 3149 3171 3170
4 3127 3170 3172 3129
4 3170 3171 3173 3172
4 3149 3152 3174 3171
4 3152 3153 3175 3174
4 3171 3174 3176 3173
4 3174 3175 3177 3176
4 3129 3172 3178 3135
4 3172 3173 3179 3178
4 3135 3178 3180 3137
4 3178 3179 3181 3180
4 3173 3176 3182 3179
4 3176 3177 3183 3182
4 3179 3182 3184 3181
4 3182 3183 3185 3184
4 3153 3164 3186 3175
4 3164 3165 3187 3186
4 3175 3186 3188 3177
4 3186 3187 3189 3188
4 3165 3168 3190 3187
4 3168 3169 3191 3190
4 3187 3190 3192 3189
4 3190 3191 3193 3192
4 3177 3188 3194 3183
4 3188 3189 3195 3194
4 3183 3194 3196 3185
4 3194 3195 3197 3196
4 3189 3192 3198 3195
4 3192 3193 3199 3198
4 3195 3198 3200 3197
4 3198 3199 3201 3200
4 2860 2859 3202 3203
4 2859 2861 3204 3202
4 3203 3202 3205 3206
4 3202 3204 3207 3205
4 2861 2864 3208 3204
4 2864 2865 3209 3208
4 3204 3208 3210 3207
4 3208 3209 3211 3210
4 3206 3205 3212 3213
4 3205 3207 3214 3212
4 3213 3212 3215 3216
4 3212 3214 3217 3215
4 3207 3210 3218 3214
4 3210 3211 3219 3218
4 3214 3218 3220 3217
4 3218 3219 3221 3220
4 2865 2876 3222 3209
4 2876 2877 3223 3222
4 3209 3222 3224 3211
4 3222 3223 3225 3224
4 2877 2880 3226 3223
4 2880 2881 3227 3226
4 3223 3226 3228 3225
4 3226 3227 3229 3228
4 3211 3224 3230 3219
4 3224 3225 3231 3230
4 3219 3230 3232 3221
4 3230 3231 3233 3232
4 3225 3228 3234 3231
4 3228 3229 3235 3234
4 3231 3234 3236 3233
4 3234 3235 3237 3236
4 3216 3215 3238 3239
4 3215 3217 3240 3238
4 3239 3238 3241 3242
4 3238 3240 3243 3241
4 3217 3220 3244 3240
4 3220 3221 3245 3244
4 3240 3244 3246 3243
4 3244 3245 3247 3246
4 3242 3241 3248 3249
4 3241 3243 3250 3248
4 3249 3248 3251 3252
4 3248 3250 3253 3251
4 3243 3246 3254 3250
4 3246 3247 3255 3254
4 3250 3254 3256 3253
4 3254 3255 3257 3256
4 3221 3232 3258 3245
4 3232 3233 3259 3258
4 3245 3258 3260 3247
4 3258 3259 3261 3260
4 3233 3236 3262 3259
4 3236 3237 3263 3262
4 3259 3262 3264 3261
4 3262 3263 3265 3264
4 3247 3260 3266 3255
4 3260 3261 3267 3266
4 3255 3266 3268 3257
4 3266 3267 3269 3268
4 3261 3264 3270 3267
4 3264 3265 3271 3270
4 3267 3270 3272 3269
4 3270 3271 3273 3272
4 2881 2924 3274 3227
4 2924 2925 3275 3274
4 3227 3274 3276 3229
4 3274 3275 3277 3276
4 2925 2928 3278 3275
4 2928 2929 3279 3278
4 3275 3278 3280 3277
4 3278 3279 3281 3280
4 3229 3276 3282 3235
4 3276 3277 3283 3282
4 3235 3282 3284 3237
4 3282 3283 3285 3284
4 3277 3280 3286 3283
4 3280 3281 3287 3286
4 3283 3286 3288 3285
4 3286 3287 3289 3288
4 2929 2940 3290 3279
4 2940 2941 3291 3290
4 3279 3290 3292 3281
4 3290 3291 3293 3292
4 2941 2944 3294 3291
4 2944 2945 3295 3294
4 3291 3294 3296 3293
4 3294 3295 3297 3296
4 3281 3292 3298 3287
4 3292 3293 3299 3298
4 3287 3298 3300 3289
4 3298 3299 3301 3300
4 3293 3296 3302 3299
4 3296 3297 3303 3302
4 3299 3302 3304 3301
4 3302 3303 3305 3304
4 3237 3284 3306 3263
4 3284 3285 3307 3306
4 3263 3306 3308 3265
4 3306 3307 3309 3308
4 3285 3288 3310 3307
4 3288 3289 3311 3310
4 3307 3310 3312 3309
4 3310 3311 3313 3312
4 3265 3308 3314 3271
4 3308 3309 3315 3314
4 3271 3314 3316 3273
4 3314 3315 3317 3316
4 3309 3312 3318 3315
4 3312 3313 3319 3318
4 3315 3318 3320 3317
4 3318 3319 3321 3320
4 3289 3300 3322 3311
4 3300 3301 3323 3322
4 3311 3322 3324 3313
4 3322 3323 3325 3324
4 3301 3304 3326 3323
4 3304 3305 3327 3326
4 3323 3326 3328 3325
4 3326 3327 3329 3328
4 3313 3324 3330 3319
4 3324 3325 3331 3330
4 3319 3330 3332 3321
4 3330 3331 3333 3332
4 3325 3328 3334 3331
4 3328 3329 3335 3334
4 3331 3334 3336 3333
4 3334 3335 3337 3336
4 3252 3251 3338 3339
4 3251 3253 3340 3338
4 3339 3338 3341 3342
4 3338 3340 3343 3341
4 3253 3256 3344 3340
4 3256 3257 3345 3344
4 3340 3344 3346 3343
4 3344 3345 3347 3346
4 3342 3341 3348 3349
4 3341 3343 3350 3348
4 3349 3348 3351 3352
4 3348 3350 3353 3351
4 3343 3346 3354 3350
4 3346 3347 3355 3354
4 3350 3354 3356 3353
4 3354 3355 3357 3356
4 3257 3268 3358 3345
4 3268 3269 3359 3358
4 3345 3358 3360 3347
4 3358 3359 3361 3360
4 3269 3272 3362 3359
4 3272 3273 3363 3362
4 3359 3362 3364 3361
4 3362 3363 3365 3364
4 3347 3360 3366 3355
4 3360 3361 3367 3366
4 3355 3366 3368 3357
4 3366 3367 3369 3368
4 3361 3364 3370 3367
4 3364 3365 3371 3370
4 3367 3370 3372 3369
4 3370 3371 3373 3372
4 3352 3351 3374 3375
4 3351 3353 3376 3374
4 3375 3374 3377 3378
4 3374 3376 3379 3377
4 3353 3356 3380 3376
4 3356 3357 3381 3380
4 3376 3380 3382 3379
4 3380 3381 3383 3382
4 3378 3377 3384 3385
4 3377 3379 3386 3384
4 3385 3384 3387 3388
4 3384 3386 3389 3387
4 3379 3382 3390 3386
4 3382 3383 3391 3390
4 3386 3390 3392 3389
4 3390 3391 3393 3392
4 3357 3368 3394 3381
4 3368 3369 3395 3394
4 3381 3394 3396 3383
4 3394 3395 3397 3396
4 3369 3372 3398 3395
4 3372 3373 3399 3398
4 3395 3398 3400 3397
4 3398 3399 3401 3400
4 3383 3396 3402 3391
4 3396 3397 3403 3402
4 3391 3402 3404 3393
4 3402 3403 3405 3404
4 3397 3400 3406 3403
4 3400 3401 3407 3406
4 3403 3406 3408 3405
4 3406 3407 3409 3408
4 3273 3316 3410 3363
4 3316 3317 3411 3410
4 3363 3410 3412 3365
4 3410 3411 3413 3412
4 3317 3320 3414 3411
4 3320 3321 3415 3414
4 3411 3414 3416 3413
4 3414 3415 3417 3416
4 3365 3412 3418 3371
4 3412 3413 3419 3418
4 3371 3418 3420 3373
4 3418 3419 3421 3420
4 3413 3416 3422 3419
4 3416 3417 3423 3422
4 3419 3422 3424 3421
4 3422 3423 3425 3424
4 3321 3332 3426 3415
4 3332 3333 3427 3426
4 3415 3426 3428 3417
4 3426 3427 3429 3428
4 3333 3336 3430 3427
4 3336 3337 3431 3430
4 3427 3430 3432 3429
4 3430 3431 3433 3432
4 3417 3428 3434 3423
4 3428 3429 3435 3434
4 3423 3434 3436 3425
4 3434 3435 3437 3436
4 3429 3432 3438 3435
4 3432 3433 3439 3438
4 3435 3438 3440 3437
4 3438 3439 3441 3440
4 3373 3420 3442 3399
4 3420 3421 3443 3442
4 3399 3442 3444 3401
4 3442 3443 3445 3444
4 3421 3424 3446 3443
4 3424 3425 3447 3446
4 3443 3446 3448 3445
4 3446 3447 3449 3448
4 3401 3444 3450 3407
4 3444 3445 3451 3450
4 3407 3450 3452 3409
4 3450 3451 3453 3452
4 3445 3448 3454 3451
4 3448 3449 3455 3454
4 3451 3454 3456 3453
4 3454 3455 3457 3456
4 3425 3436 3458 3447
4 3436 3437 3459 3458
4 3447 3458 3460 3449
4 3458 3459 3461 3460
4 3437 3440 3462 3459
4 3440 3441 3463 3462
4 3459 3462 3464 3461
4 3462 3463 3465 3464
4 3449 3460 3466 3455
4 3460 3461 3467 3466
4 3455 3466 3468 3457
4 3466 3467 3469 3468
4 3461 3464 3470 3467
4 3464 3465 3471 3470
4 3467 3470 3472 3469
4 3470 3471 3473 3472
4 2945 3116 3474 3295
4 3116 3117 3475 3474
4 3295 3474 3476 3297
4 3474 3475 3477 3476
4 3117 3120 3478 3475
4 3120 3121 3479 3478
4 3475 3478 3480 3477
4 3478 3479 3481 3480
4 3297 3476 3482 3303
4 3476 3477 3483 3482
4 3303 3482 3484 3305
4 3482 3483 3485 3484
4 3477 3480 3486 3483
4 3480 3481 3487 3486
4 3483 3486 3488 3485
4 3486 3487 3489 3488
4 3121 3132 3490 3479
4 3132 3133 3491 3490
4 3479 3490 3492 3481
4 3490 3491 3493 3492
4 3133 3136 3494 3491
4 3136 3137 3495 3494
4 3491 3494 3496 3493
4 3494 3495 3497 3496
4 3481 3492 3498 3487
4 3492 3493 3499 3498
4 3487 3498 3500 3489
4 3498 3499 3501 3500
4 3493 3496 3502 3499
4 3496 3497 3503 3502
4 3499 3502 3504 3501
4 3502 3503 3505 3504
4 3305 3484 3506 3327
4 3484 3485 3507 3506
4 3327 3506 3508 3329
4 3506 3507 3509 3508
4 3485 3488 3510 3507
4 3488 3489 3511 3510
4 3507 3510 3512 3509
4 3510 3511 3513 3512
4 3329 3508 3514 3335
4 3508 3509 3515 3514
4 3335 3514 3516 3337
4 3514 3515 3517 3516
4 3509 3512 3518 3515
4 3512 3513 3519 3518
4 3515 3518 3520 3517
4 3518 3519 3521 3520
4 3489 3500 3522 3511
4 3500 3501 3523 3522
4 3511 3522 3524 3513
4 3522 3523 3525 3524
4 3501 3504 3526 3523
4 3504 3505 3527 3526
4 3523 3526 3528 3525
4 3526 3527 3529 3528
4 3513 3524 3530 3519
4 3524 3525 3531 3530
4 3519 3530 3532 3521
4 3530 3531 3533 3532
4 3525 3528 3534 3531
4 3528 3529 3535 3534
4 3531 3534 3536 3533
4 3534 3535 3537 3536
4 3137 3180 3538 3495
4 3180 3181 3539 3538
4 3495 3538 3540 3497
4 3538 3539 3541 3540
4 3181 3184 3542 3539
4 3184 3185 3543 3542
4 3539 3542 3544 3541
4 3542 3543 3545 3544
4 3497 3540 3546 3503
4 3540 3541 3547 3546
4 3503 3546 3548 3505
4 3546 3547 3549 3548
4 3541 3544 3550 3547
4 3544 3545 3551 3550
4 3547 3550 3552 3549
4 3550 3551 3553 3552
4 3185 3196 3554 3543
4 3196 3197 3555 3554
4 3543 3554 3556 3545
4 3554 3555 3557 3556
4 3197 3200 3558 3555
4 3200 3201 3559 3558
4 3555 3558 3560 3557
4 3558 3559 3561 3560
4 3545 3556 3562 3551
4 3556 3557 3563 3562
4 3551 3562 3564 3553
4 3562 3563 3565 3564
4 3557 3560 3566 3563
4 3560 3561 3567 3566
4 3563 3566 3568 3565
4 3566 3567 3569 3568
4 3505 3548 3570 3527
4 3548 3549 3571 3570
4 3527 3570 3572 3529
4 3570 3571 3573 3572
4 3549 3552 3574 3571
4 3552 3553 3575 3574
4 3571 3574 3576 3573
4 3574 3575 3577 3576
4 3529 3572 3578 3535
4 3572 3573 3579 3578
4 3535 3578 3580 3537
4 3578 3579 3581 3580
4 3573 3576 3582 3579
4 3576 3577 3583 3582
4 3579 3582 3584 3581
4 3582 3583 3585 3584
4 3553 3564 3586 3575
4 3564 3565 3587 3586
4 3575 3586 3588 3577
4 3586 3587 3589 3588
4 3565 3568 3590 3587
4 3568 3569 3591 3590
4 3587 3590 3592 3589
4 3590 3591 3593 3592
4 3577 3588 3594 3583
4 3588 3589 3595 3594
4 3583 3594 3596 3585
4 3594 3595 3597 3596
4 3589 3592 3598 3595
4 3592 3593 3599 3598
4 3595 3598 3600 3597
4 3598 3599 3601 3600
4 3337 3516 3602 3431
4 3516 3517 3603 3602
4 3431 3602 3604 3433
4 3602 3603 3605 3604
4 3517 3520 3606 3603
4 3520 3521 3607 3606
4 3603 3606 3608 3605
4 3606 3607 3609 3608
4 3433 3604 3610 3439
4 3604 3605 3611 3610
4 3439 3610 3612 3441
4 3610 3611 3613 3612
4 3605 3608 3614 3611
4 3608 3609 3615 3614
4 3611 3614 3616 3613
4 3614 3615 3617 3616
4 3521 3532 3618 3607
4 3532 3533 3619 3618
4 3607 3618 3620 3609
4 3618 3619 3621 3620
4 3533 3536 3622 3619
4 3536 3537 3623 3622
4 3619 3622 3624 3621
4 3622 3623 3625 3624
4 3609 3620 3626 3615
4 3620 3621 3627 3626
4 3615 3626 3628 3617
4 3626 3627 3629 3628
4 3621 3624 3630 3627
4 3624 3625 3631 3630
4 3627 3630 3632 3629
4 3630 3631 3633 3632
4 3441 3612 3634 3463
4 3612 3613 3635 3634
4 3463 3634 3636 3465
4 3634 3635 3637 3636
4 3613 3616 3638 3635
4 3616 3617 3639 3638
4 3635 3638 3640 3637
4 3638 3639 3641 3640
4 3465 3636 3642 3471
4 3636 3637 3643 3642
4 3471 3642 3644 3473
4 3642 3643 3645 3644
4 3637 3640 3646 3643
4 3640 3641 3647 3646
4 3643 3646 3648 3645
4 3646 3647 3649 3648
4 3617 3628 3650 3639
4 3628 3629 3651 3650
4 3639 3650 3652 3641
4 3650 3651 3653 3652
4 3629 3632 3654 3651
4 3632 3633 3655 3654
4 3651 3654 3656 3653
4 3654 3655 3657 3656
4 3641 3652 3658 3647
4 3652 3653 3659 3658
4 3647 3658 3660 3649
4 3658 3659 3661 3660
4 3653 3656 3662 3659
4 3656 3657 3663 3662
4 3659 3662 3664 3661
4 3662 3663 3665 3664
4 3537 3580 3666 3623
4 3580 3581 3667 3666
4 3623 3666 3668 3625
4 3666 3667 3669 3668
4 3581 3584 3670 3667
4 3584 3585 3671 3670
4 3667 3670 3672 3669
4 3670 3671 3673 3672
4 3625 3668 3674 3631
4 3668 3669 3675 3674
4 3631 3674 3676 3633
4 3674 3675 3677 3676
4 3669 3672 3678 3675
4 3672 3673 3679 3678
4 3675 3678 3680 3677
4 3678 3679 3681 3680
4 3585 3596 3682 3671
4 3596 3597 3683 3682
4 3671 3682 3684 3673
4 3682 3683 3685 3684
4 3597 3600 3686 3683
4 3600 3601 3687 3686
4 3683 3686 3688 3685
4 3686 3687 3689 3688
4 3673 3684 3690 3679
4 3684 3685 3691 3690
4 3679 3690 3692 3681
4 3690 3691 3693 3692
4 3685 3688 3694 3691
4 3688 3689 3695 3694
4 3691 3694 3696 3693
4 3694 3695 3697 3696
4 3633 3676 3698 3655
4 3676 3677 3699 3698
4 3655 3698 3700 3657
4 3698 3699 3701 3700
4 3677 3680 3702 3699
4 3680 3681 3703 3702
4 3699 3702 3704 3701
4 3702 3703 3705 3704
4 3657 3700 3706 3663
4 3700 3701 3707 3706
4 3663 3706 3708 3665
4 3706 3707 3709 3708
4 3701 3704 3710 3707
4 3704 3705 3711 3710
4 3707 3710 3712 3709
4 3710 3711 3713 3712
4 3681 3692 3714 3703
4 3692 3693 3715 3714
4 3703 3714 3716 3705
4 3714 3715 3717 3716
4 3693 3696 3718 3715
4 3696 3697 3719 3718
4 3715 3718 3720 3717
4 3718 3719 3721 3720
4 3705 3716 3722 3711
4 3716 3717 3723 3722
4 3711 3722 3724 3713
4 3722 3723 3725 3724
4 3717 3720 3726 3723
4 3720 3721 3727 3726
4 3723 3726 3728 3725
4 3726 3727 3729 3728
4 3388 3387 3730 3731
4 3387 3389 3732 3730
4 3731 3730 3733 3734
4 3730 3732 3735 3733
4 3389 3392 3736 3732
4 3392 3393 3737 3736
4 3732 3736 3738 3735
4 3736 3737 3739 3738
4 3734 3733 3740 3741
4 3733 3735 3742 3740
4 3741 3740 3743 3744
4 3740 3742 3745 3743
4 3735 3738 3746 3742
4 3738 3739 3747 3746
4 3742 3746 3748 3745
4 3746 3747 3749 3748
4 3393 3404 3750 3737
4 3404 3405 3751 3750
4 3737 3750 3752 3739
4 3750 3751 3753 3752
4 3405 3408 3754 3751
4 3408 3409 3755 3754
4 3751 3754 3756 3753
4 3754 3755 3757 3756
4 3739 3752 3758 3747
4 3752 3753 3759 3758
4 3747 3758 3760 3749
4 3758 3759 3761 3760
4 3753 3756 3762 3759
4 3756 3757 3763 3762
4 3759 3762 3764 3761
4 3762 3763 3765 3764
4 3744 3743 3766 3767
4 3743 3745 3768 3766
4 3767 3766 3769 3770
4 3766 3768 3771 3769
4 3745 3748 3772 3768
4 3748 3749 3773 3772
4 3768 3772 3774 3771
4 3772 3773 3775 3774
4 3770 3769 3776 3777
4 3769 3771 3778 3776
4 3777 3776 3779 3780
4 3776 3778 3781 3779
4 3771 3774 3782 3778
4 3774 3775 3783 3782
4 3778 3782 3784 3781
4 3782 3783 3785 3784
4 3749 3760 3786 3773
4 3760 3761 3787 3786
4 3773 3786 3788 3775
4 3786 3787 3789 3788
4 3761 3764 3790 3787
4 3764 3765 3791 3790
4 3787 3790 3792 3789
4 3790 3791 3793 3792
4 3775 3788 3794 3783
4 3788 3789 3795 3794
4 3783 3794 3796 3785
4 3794 3795 3797 3796
4 3789 3792 3798 3795
4 3792 3793 3799 3798
4 3795 3798 3800 3797
4 3798 3799 3801 3800
4 3409 3452 3802 3755
4 3452 3453 3803 3802
4 3755 3802 3804 3757
4 3802 3803 3805 3804
4 3453 3456 3806 3803
4 3456 3457 3807 3806
4 3803 3806 3808 3805
4 3806 3807 3809 3808
4 3757 3804 3810 3763
4 3804 3805 3811 3810
4 3763 3810 3812 3765
4 3810 3811 3813 3812
4 3805 3808 3814 3811
4 3808 3809 3815 3814
4 3811 3814 3816 3813
4 3814 3815 3817 3816
4 3457 3468 3818 3807
4 3468 3469 3819 3818
4 3807 3818 3820 3809
4 3818 3819 3821 3820
4 3469 3472 3822 3819
4 3472 3473 3823 3822
4 3819 3822 3824 3821
4 3822 3823 3825 3824
4 3809 3820 3826 3815
4 3820 3821 3827 3826
4 3815 3826 3828 3817
4 3826 3827 3829 3828
4 3821 3824 3830 3827
4 3824 3825 3831 3830
4 3827 3830 3832 3829
4 3830 3831 3833 3832
4 3765 3812 3834 3791
4 3812 3813 3835 3834
4 3791 3834 3836 3793
4 3834 3835 3837 3836
4 3813 3816 3838 3835
4 3816 3817 3839 3838
4 3835 3838 3840 3837
4 3838 3839 3841 3840
4 3793 3836 3842 3799
4 3836 3837 3843 3842
4 3799 3842 3844 3801
4 3842 3843 3845 3844
4 3837 3840 3846 3843
4 3840 3841 3847 3846
4 3843 3846 3848 3845
4 3846 3847 3849 3848
4 3817 3828 3850 3839
4 3828 3829 3851 3850
4 3839 3850 3852 3841
4 3850 3851 3853 3852
4 3829 3832 3854 3851
4 3832 3833 3855 3854
4 3851 3854 3856 3853
4 3854 3855 3857 3856
4 3841 3852 3858 3847
4 3852 3853 3859 3858
4 3847 3858 3860 3849
4 3858 3859 3861 3860
4 3853 3856 3862 3859
4 3856 3857 3863 3862
4 3859 3862 3864 3861
4 3862 3863 3865 3864
4 3780 3779 3866 3867
4 3779 3781 3868 3866
4 3867 3866 3869 3870
4 3866 3868 3871 3869
4 3781 3784 3872 3868
4 3784 3785 3873 3872
4 3868 3872 3874 3871
4 3872 3873 3875 3874
4 3870 3869 3876 3877
4 3869 3871 3878 3876
4 3877 3876 3879 3880
4 3876 3878 3881 3879
4 3871 3874 3882 3878
4 3874 3875 3883 3882
4 3878 3882 3884 3881
4 3882 3883 3885 3884
4 3785 3796 3886 3873
4 3796 3797 3887 3886
4 3873 3886 3888 3875
4 3886 3887 3889 3888
4 3797 3800 3890 3887
4 3800 3801 3891 3890
4 3887 3890 3892 3889
4 3890 3891 3893 3892
4 3875 3888 3894 3883
4 3888 3889 3895 3894
4 3883 3894 3896 3885
4 3894 3895 3897 3896
4 3889 3892 3898 3895
4 3892 3893 3899 3898
4 3895 3898 3900 3897
4 3898 3899 3901 3900
4 3880 3879 3902 3903
4 3879 3881 3904 3902
4 3903 3902 3905 3906
4 3902 3904 3907 3905
4 3881 3884 3908 3904
4 3884 3885 3909 3908
4 3904 3908 3910 3907
4 3908 3909 3911 3910
4 3906 3905 3912 3913
4 3905 3907 3914 3912
4 3913 3912 3915 3916
4 3912 3914 3917 3915
4 3907 3910 3918 3914
4 3910 3911 3919 3918
4 3914 3918 3920 3917
4 3918 3919 3921 3920
4 3885 3896 3922 3909
4 3896 3897 3923 3922
4 3909 3922 3924 3911
4 3922 3923 3925 3924
4 3897 3900 3926 3923
4 3900 3901 3927 3926
4 3923 3926 3928 3925
4 3926 3927 3929 3928
4 3911 3924 3930 3919
4 3924 3925 3931 3930
4 3919 3930 3932 3921
4 3930 3931 3933 3932
4 3925 3928 3934 3931
4 3928 3929 3935 3934
4 3931 3934 3936 3933
4 3934 3935 3937 3936
4 3801 3844 3938 3891
4 3844 3845 3939 3938
4 3891 3938 3940 3893
4 3938 3939 3941 3940
4 3845 3848 3942 3939
4 3848 3849 3943 3942
4 3939 3942 3944 3941
4 3942 3943 3945 3944
4 3893 3940 3946 3899
4 3940 3941 3947 3946
4 3899 3946 3948 3901
4 3946 3947 3949 3948
4 3941 3944 3950 3947
4 3944 3945 3951 3950
4 3947 3950 3952 3949
4 3950 3951 3953 3952
4 3849 3860 3954 3943
4 3860 3861 3955 3954
4 3943 3954 3956 3945
4 3954 3955 3957 3956
4 3861 3864 3958 3955
4 3864 3865 3959 3958
4 3955 3958 3960 3957
4 3958 3959 3961 3960
4 3945 3956 3962 3951
4 3956 3957 3963 3962
4 3951 3962 3964 3953
4 3962 3963 3965 3964
4 3957 3960 3966 3963
4 3960 3961 3967 3966
4 3963 3966 3968 3965
4 3966 3967 3969 3968
4 3901 3948 3970 3927
4 3948 3949 3971 3970
4 3927 3970 3972 3929
4 3970 3971 3973 3972
4 3949 3952 3974 3971
4 3952 3953 3975 3974
4 3971 3974 3976 3973
4 3974 3975 3977 3976
4 3929 3972 3978 3935
4 3972 3973 3979 3978
4 3935 3978 3980 3937
4 3978 3979 3981 3980
4 3973 3976 3982 3979
4 3976 3977 3983 3982
4 3979 3982 3984 3981
4 3982 3983 3985 3984
4 3953 3964 3986 3975
4 3964 3965 3987 3986
4 3975 3986 3988 3977
4 3986 3987 3989 3988
4 3965 3968 3990 3987
4 3968 3969 3991 3990
4 3987 3990 3992 3989
4 3990 3991 3993 3992
4 3977 3988 3994 3983
4 3988 3989 3995 3994
4 3983 3994 3996 3985
4 3994 3995 3997 3996
4 3989 3992 3998 3995
4 3992 3993 3999 3998
4 3995 3998 4000 3997
4 3998 3999 4001 4000
4 3473 3644 4002 3823
4 3644 3645 4003 4002
4 3823 4002 4004 3825
4 4002 4003 4005 4004
4 3645 3648 4006 4003
4 3648 3649 4007 4006
4 4003 4006 4008 4005
4 4006 4007 4009 4008
4 3825 4004 4010 3831
4 4004 4005 4011 4010
4 3831 4010 4012 3833
4 4010 4011 4013 4012
4 4005 4008 4014 4011
4 4008 4009 4015 4014
4 4011 4014 4016 4013
4 4014 4015 4017 4016
4 3649 3660 4018 4007
4 3660 3661 4019 4018
4 4007 4018 4020 4009
4 4018 4019 4021 4020
4 3661 3664 4022 4019
4 3664 3665 4023 4022
4 4019 4022 4024 4021
4 4022 4023 4025 4024
4 4009 4020 4026 4015
4 4020 4021 4027 4026
4 4015 4026 4028 4017
4 4026 4027 4029 4028
4 4021 4024 4030 4027
4 4024 4025 4031 4030
4 4027 4030 4032 4029
4 4030 4031 4033 4032
4 3833 4012 4034 3855
4 4012 4013 4035 4034
4 3855 4034 4036 3857
4 4034 4035 4037 4036
4 4013 4016 4038 4035
4 4016 4017 4039 4038
4 4035 4038 4040 4037
4 4038 4039 4041 4040
4 3857 4036 4042 3863
4 4036 4037 4043 4042
4 3863 4042 4044 3865
4 4042 4043 4045 4044
4 4037 4040 4046 4043
4 4040 4041 4047 4046
4 4043 4046 4048 4045
4 4046 4047 4049 4048
4 4017 4028 4050 4039
4 4028 4029 4051 4050
4 4039 4050 4052 4041
4 4050 4051 4053 4052
4 4029 4032 4054 4051
4 4032 4033 4055 4054
4 4051 4054 4056 4053
4 4054 4055 4057 4056
4 4041 4052 4058 4047
4 4052 4053 4059 4058
4 4047 4058 4060 4049
4 4058 4059 4061 4060
4 4053 4056 4062 4059
4 4056 4057 4063 4062
4 4059 4062 4064 4061
4 4062 4063 4065 4064
4 3665 3708 4066 4023
4 3708 3709 4067 4066
4 4023 4066 4068 4025
4 4066 4067 4069 4068
4 3709 3712 4070 4067
4 3712 3713 4071 4070
4 4067 4070 4072 4069
4 4070 4071 4073 4072
4 4025 4068 4074 4031
4 4068 4069 4075 4074
4 4031 4074 4076 4033
4 4074 4075 4077 4076
4 4069 4072 4078 4075
4 4072 4073 4079 4078
4 4075 4078 4080 4077
4 4078 4079 4081 4080
4 3713 3724 4082 4071
4 3724 3725 4083 4082
4 4071 4082 4084 4073
4 4082 4083 4085 4084
4 3725 3728 4086 4083
4 3728 3729 4087 4086
4 4083 4086 4088 4085
4 4086 4087 4089 4088
4 4073 4084 4090 4079
4 4084 4085 4091 4090
4 4079 4090 4092 4081
4 4090 4091 4093 4092
4 4085 4088 4094 4091
4 4088 4089 4095 4094
4 4091 4094 4096 4093
4 4094 4095 4097 4096
4 4033 4076 4098 4055
4 4076 4077 4099 4098
4 4055 4098 4100 4057
4 4098 4099 4101 4100
4 4077 4080 4102 4099
4 4080 4081 4103 4102
4 4099 4102 4104 4101
4 4102 4103 4105 4104
4 4057 4100 4106 4063
4 4100 4101 4107 4106
4 4063 4106 4108 4065
4 4106 4107 4109 4108
4 4101 4104 4110 4107
4 4104 4105 4111 4110
4 4107 4110 4112 4109
4 4110 4111 4113 4112
4 4081 4092 4114 4103
4 4092 4093 4115 4114
4 4103 4114 4116 4105
4 4114 4115 4117 4116
4 4093 4096 4118 4115
4 4096 4097 4119 4118
4 4115 4118 4120 4117
4 4118 4119 4121 4120
4 4105 4116 4122 4111
4 4116 4117 4123 4122
4 4111 4122 4124 4113
4 4122 4123 4125 4124
4 4117 4120 4126 4123
4 4120 4121 4127 4126
4 4123 4126 4128 4125
4 4126 4127 4129 4128
4 3865 4044 4130 3959
4 4044 4045 4131 4130
4 3959 4130 4132 3961
4 4130 4131 4133 4132
4 4045 4048 4134 4131
4 4048 4049 4135 4134
4 4131 4134 4136 4133
4 4134 4135 4137 4136
4 3961 4132 4138 3967
4 4132 4133 4139 4138
4 3967 4138 4140 3969
4 4138 4139 4141 4140
4 4133 4136 4142 4139
4 4136 4137 4143 4142
4 4139 4142 4144 4141
4 4142 4143 4145 4144
4 4049 4060 4146 4135
4 4060 4061 4147 4146
4 4135 4146 4148 4137
4 4146 4147 4149 4148
4 4061 4064 4150 4147
4 4064 4065 4151 4150
4 4147 4150 4152 4149
4 4150 4151 4153 4152
4 4137 4148 4154 4143
4 4148 4149 4155 4154
4 4143 4154 4156 4145
4 4154 4155 4157 4156
4 4149 4152 4158 4155
4 4152 4153 4159 4158
4 4155 4158 4160 4157
4 4158 4159 4161 4160
4 3969 4140 4162 3991
4 4140 4141 4163 4162
4 3991 4162 4164 3993
4 4162 4163 4165 4164
4 4141 4144 4166 4163
4 4144 4145 4167 4166
4 4163 4166 4168 4165
4 4166 4167 4169 4168
4 3993 4164 4170 3999
4 4164 4165 4171 4170
4 3999 4170 4172 4001
4 4170 4171 4173 4172
4 4165 4168 4174 4171
4 4168 4169 4175 4174
4 4171 4174 4176 4173
4 4174 4175 4177 4176
4 4145 4156 4178 4167
4 4156 4157 4179 4178
4 4167 4178 4180 4169
4 4178 4179 4181 4180
4 4157 4160 4182 4179
4 4160 4161 4183 4182
4 4179 4182 4184 4181
4 4182 4183 4185 4184
4 4169 4180 4186 4175
4 4180 4181 4187 4186
4 4175 4186 4188 4177
4 4186 4187 4189 4188
4 4181 4184 4190 4187
4 4184 4185 4191 4190
4 4187 4190 4192 4189
4 4190 4191 4193 4192
4 4065 4108 4194 4151
4 4108 4109 4195 4194
4 4151 4194 4196 4153
4 4194 4195 4197 4196
4 4109 4112 4198 4195
4 4112 4113 4199 4198
4 4195 4198 4200 4197
4 4198 4199 4201 4200
4 4153 4196 4202 4159
4 4196 4197 4203 4202
4 4159 4202 4204 4161
4 4202 4203 4205 4204
4 4197 4200 4206 4203
4 4200 4201 4207 4206
4 4203 4206 4208 4205
4 4206 4207 4209 4208
4 4113 4124 4210 4199
4 4124 4125 4211 4210
4 4199 4210 4212 4201
4 4210 4211 4213 4212
4 4125 4128 4214 4211
4 4128 4129 4215 4214
4 4211 4214 4216 4213
4 4214 4215 4217 4216
4 4201 4212 4218 4207
4 4212 4213 4219 4218
4 4207 4218 4220 4209
4 4218 4219 4221 4220
4 4213 4216 4222 4219
4 4216 4217 4223 4222
4 4219 4222 4224 4221
4 4222 4223 4225 4224
4 4161 4204 4226 4183
4 4204 4205 4227 4226
4 4183 4226 4228 4185
4 4226 4227 4229 4228
4 4205 4208 4230 4227
4 4208 4209 4231 4230
4 4227 4230 4232 4229
4 4230 4231 4233 4232
4 4185 4228 4234 4191
4 4228 4229 4235 4234
4 4191 4234 4236 4193
4 4234 4235 4237 4236
4 4229 4232 4238 4235
4 4232 4233 4239 4238
4 4235 4238 4240 4237
4 4238 4239 4241 4240
4 4209 4220 4242 4231
4 4220 4221 4243 4242
4 4231 4242 4244 4233
4 4242 4243 4245 4244
4 4221 4224 4246 4243
4 4224 4225 4247 4246
4 4243 4246 4248 4245
4 4246 4247 4249 4248
4 4233 4244 4250 4239
4 4244 4245 4251 4250
4 4239 4250 4252 4241
4 4250 4251 4253 4252
4 4245 4248 4254 4251
4 4248 4249 4255 4254
4 4251 4254 4256 4253
4 4254 4255 4257 4256
4 390 4258 4259 391
4 4258 4260 4261 4259
4 391 4259 4262 393
4 4259 4261 4263 4262
4 4260 4264 4265 4261
4 4264 4266 4267 4265
4 4261 4265 4268 4263
4 4265 4267 4269 4268
4 393 4262 4270 399
4 4262 4263 4271 4270
4 399 4270 4272 401
4 4270 4271 4273 4272
4 4263 4268 4274 4271
4 4268 4269 4275 4274
4 4271 4274 4276 4273
4 4274 4275 4277 4276
4 4266 4278 4279 4267
4 4278 4280 4281 4279
4 4267 4279 4282 4269
4 4279 4281 4283 4282
4 4280 4284 4285 4281
4 4284 4286 4287 4285
4 4281 4285 4288 4283
4 4285 4287 4289 4288
4 4269 4282 4290 4275
4 4282 4283 4291 4290
4 4275 4290 4292 4277
4 4290 4291 4293 4292
4 4283 4288 4294 4291
4 4288 4289 4295 4294
4 4291 4294 4296 4293
4 4294 4295 4297 4296
4 401 4272 4298 423
4 4272 4273 4299 4298
4 423 4298 4300 425
4 4298 4299 4301 4300
4 4273 4276 4302 4299
4 4276 4277 4303 4302
4 4299 4302 4304 4301
4 4302 4303 4305 4304
4 425 4300 4306 431
4 4300 4301 4307 4306
4 431 4306 4308 433
4 4306 4307 4309 4308
4 4301 4304 4310 4307
4 4304 4305 4311 4310
4 4307 4310 4312 4309
4 4310 4311 4313 4312
4 4277 4292 4314 4303
4 4292 4293 4315 4314
4 4303 4314 4316 4305
4 4314 4315 4317 4316
4 4293 4296 4318 4315
4 4296 4297 4319 4318
4 4315 4318 4320 4317
4 4318 4319 4321 4320
4 4305 4316 4322 4311
4 4316 4317 4323 4322
4 4311 4322 4324 4313
4 4322 4323 4325 4324
4 4317 4320 4326 4323
4 4320 4321 4327 4326
4 4323 4326 4328 4325
4 4326 4327 4329 4328
4 4286 4330 4331 4287
4 4330 4332 4333 4331
4 4287 4331 4334 4289
4 4331 4333 4335 4334
4 4332 4336 4337 4333
4 4336 4338 4339 4337
4 4333 4337 4340 4335
4 4337 4339 4341 4340
4 4289 4334 4342 4295
4 4334 4335 4343 4342
4 4295 4342 4344 4297
4 4342 4343 4345 4344
4 4335 4340 4346 4343
4 4340 4341 4347 4346
4 4343 4346 4348 4345
4 4346 4347 4349 4348
4 4338 4350 4351 4339
4 4350 4352 4353 4351
4 4339 4351 4354 4341
4 4351 4353 4355 4354
4 4352 4356 4357 4353
4 4356 4358 4359 4357
4 4353 4357 4360 4355
4 4357 4359 4361 4360
4 4341 4354 4362 4347
4 4354 4355 4363 4362
4 4347 4362 4364 4349
4 4362 4363 4365 4364
4 4355 4360 4366 4363
4 4360 4361 4367 4366
4 4363 4366 4368 4365
4 4366 4367 4369 4368
4 4297 4344 4370 4319
4 4344 4345 4371 4370
4 4319 4370 4372 4321
4 4370 4371 4373 4372
4 4345 4348 4374 4371
4 4348 4349 4375 4374
4 4371 4374 4376 4373
4 4374 4375 4377 4376
4 4321 4372 4378 4327
4 4372 4373 4379 4378
4 4327 4378 4380 4329
4 4378 4379 4381 4380
4 4373 4376 4382 4379
4 4376 4377 4383 4382
4 4379 4382 4384 4381
4 4382 4383 4385 4384
4 4349 4364 4386 4375
4 4364 4365 4387 4386
4 4375 4386 4388 4377
4 4386 4387 4389 4388
4 4365 4368 4390 4387
4 4368 4369 4391 4390
4 4387 4390 4392 4389
4 4390 4391 4393 4392
4 4377 4388 4394 4383
4 4388 4389 4395 4394
4 4383 4394 4396 4385
4 4394 4395 4397 4396
4 4389 4392 4398 4395
4 4392 4393 4399 4398
4 4395 4398 4400 4397
4 4398 4399 4401 4400
4 433 4308 4402 519
4 4308 4309 4403 4402
4 519 4402 4404 521
4 4402 4403 4405 4404
4 4309 4312 4406 4403
4 4312 4313 4407 4406
4 4403 4406 4408 4405
4 4406 4407 4409 4408
4 521 4404 4410 527
4 4404 4405 4411 4410
4 527 4410 4412 529
4 4410 4411 4413 4412
4 4405 4408 4414 4411
4 4408 4409 4415 4414
4 4411 4414 4416 4413
4 4414 4415 4417 4416
4 4313 4324 4418 4407
4 4324 4325 4419 4418
4 4407 4418 4420 4409
4 4418 4419 4421 4420
4 4325 4328 4422 4419
4 4328 4329 4423 4422
4 4419 4422 4424 4421
4 4422 4423 4425 4424
4 4409 4420 4426 4415
4 4420 4421 4427 4426
4 4415 4426 4428 4417
4 4426 4427 4429 4428
4 4421 4424 4430 4427
4 4424 4425 4431 4430
4 4427 4430 4432 4429
4 4430 4431 4433 4432
4 529 4412 4434 551
4 4412 4413 4435 4434
4 551 4434 4436 553
4 4434 4435 4437 4436
4 4413 4416 4438 4435
4 4416 4417 4439 4438
4 4435 4438 4440 4437
4 4438 4439 4441 4440
4 553 4436 4442 559
4 4436 4437 4443 4442
4 559 4442 4444 561
4 4442 4443 4445 4444
4 4437 4440 4446 4443
4 4440 4441 4447 4446
4 4443 4446 4448 4445
4 4446 4447 4449 4448
4 4417 4428 4450 4439
4 4428 4429 4451 4450
4 4439 4450 4452 4441
4 4450 4451 4453 4452
4 4429 4432 4454 4451
4 4432 4433 4455 4454
4 4451 4454 4456 4453
4 4454 4455 4457 4456
4 4441 4452 4458 4447
4 4452 4453 4459 4458
4 4447 4458 4460 4449
4 4458 4459 4461 4460
4 4453 4456 4462 4459
4 4456 4457 4463 4462
4 4459 4462 4464 4461
4 4462 4463 4465 4464
4 4329 4380 4466 4423
4 4380 4381 4467 4466
4 4423 4466 4468 4425
4 4466 4467 4469 4468
4 4381 4384 4470 4467
4 4384 4385 4471 4470
4 4467 4470 4472 4469
4 4470 4471 4473 4472
4 4425 4468 4474 4431
4 4468 4469 4475 4474
4 4431 4474 4476 4433
4 4474 4475 4477 4476
4 4469 4472 4478 4475
4 4472 4473 4479 4478
4 4475 4478 4480 4477
4 4478 4479 4481 4480
4 4385 4396 4482 4471
4 4396 4397 4483 4482
4 4471 4482 4484 4473
4 4482 4483 4485 4484
4 4397 4400 4486 4483
4 4400 4401 4487 4486
4 4483 4486 4488 4485
4 4486 4487 4489 4488
4 4473 4484 4490 4479
4 4484 4485 4491 4490
4 4479 4490 4492 4481
4 4490 4491 4493 4492
4 4485 4488 4494 4491
4 4488 4489 4495 4494
4 4491 4494 4496 4493
4 4494 4495 4497 4496
4 4433 4476 4498 4455
4 4476 4477 4499 4498
4 4455 4498 4500 4457
4 4498 4499 4501 4500
4 4477 4480 4502 4499
4 4480 4481 4503 4502
4 4499 4502 4504 4501
4 4502 4503 4505 4504
4 4457 4500 4506 4463
4 4500 4501 4507 4506
4 4463 4506 4508 4465
4 4506 4507 4509 4508
4 4501 4504 4510 4507
4 4504 4505 4511 4510
4 4507 4510 4512 4509
4 4510 4511 4513 4512
4 4481 4492 4514 4503
4 4492 4493 4515 4514
4 4503 4514 4516 4505
4 4514 4515 4517 4516
4 4493 4496 4518 4515
4 4496 4497 4519 4518
4 4515 4518 4520 4517
4 4518 4519 4521 4520
4 4505 4516 4522 4511
4 4516 4517 4523 4522
4 4511 4522 4524 4513
4 4522 4523 4525 4524
4 4517 4520 4526 4523
4 4520 4521 4527 4526
4 4523 4526 4528 4525
4 4526 4527 4529 4528
4 4358 4530 4531 4359
4 4530 4532 4533 4531
4 4359 4531 4534 4361
4 4531 4533 4535 4534
4 4532 4536 4537 4533
4 4536 4538 4539 4537
4 4533 4537 4540 4535
4 4537 4539 4541 4540
4 4361 4534 4542 4367
4 4534 4535 4543 4542
4 4367 4542 4544 4369
4 4542 4543 4545 4544
4 4535 4540 4546 4543
4 4540 4541 4547 4546
4 4543 4546 4548 4545
4 4546 4547 4549 4548
4 4538 4550 4551 4539
4 4550 4552 4553 4551
4 4539 4551 4554 4541
4 4551 4553 4555 4554
4 4552 4556 4557 4553
4 4556 4558 4559 4557
4 4553 4557 4560 4555
4 4557 4559 4561 4560
4 4541 4554 4562 4547
4 4554 4555 4563 4562
4 4547 4562 4564 4549
4 4562 4563 4565 4564
4 4555 4560 4566 4563
4 4560 4561 4567 4566
4 4563 4566 4568 4565
4 4566 4567 4569 4568
4 4369 4544 4570 4391
4 4544 4545 4571 4570
4 4391 4570 4572 4393
4 4570 4571 4573 4572
4 4545 4548 4574 4571
4 4548 4549 4575 4574
4 4571 4574 4576 4573
4 4574 4575 4577 4576
4 4393 4572 4578 4399
4 4572 4573 4579 4578
4 4399 4578 4580 4401
4 4578 4579 4581 4580
4 4573 4576 4582 4579
4 4576 4577 4583 4582
4 4579 4582 4584 4581
4 4582 4583 4585 4584
4 4549 4564 4586 4575
4 4564 4565 4587 4586
4 4575 4586 4588 4577
4 4586 4587 4589 4588
4 4565 4568 4590 4587
4 4568 4569 4591 4590
4 4587 4590 4592 4589
4 4590 4591 4593 4592
4 4577 4588 4594 4583
4 4588 4589 4595 4594
4 4583 4594 4596 4585
4 4594 4595 4597 4596
4 4589 4592 4598 4595
4 4592 4593 4599 4598
4 4595 4598 4600 4597
4 4598 4599 4601 4600
4 4558 4602 4603 4559
4 4602 4604 4605 4603
4 4559 4603 4606 4561
4 4603 4605 4607 4606
4 4604 4608 4609 4605
4 4608 4610 4611 4609
4 4605 4609 4612 4607
4 4609 4611 4613 4612
4 4561 4606 4614 4567
4 4606 4607 4615 4614
4 4567 4614 4616 4569
4 4614 4615 4617 4616
4 4607 4612 4618 4615
4 4612 4613 4619 4618
4 4615 4618 4620 4617
4 4618 4619 4621 4620
4 4610 4622 4623 4611
4 4622 4624 4625 4623
4 4611 4623 4626 4613
4 4623 4625 4627 4626
4 4624 4628 4629 4625
4 4628 4630 4631 4629
4 4625 4629 4632 4627
4 4629 4631 4633 4632
4 4613 4626 4634 4619
4 4626 4627 4635 4634
4 4619 4634 4636 4621
4 4634 4635 4637 4636
4 4627 4632 4638 4635
4 4632 4633 4639 4638
4 4635 4638 4640 4637
4 4638 4639 4641 4640
4 4569 4616 4642 4591
4 4616 4617 4643 4642
4 4591 4642 4644 4593
4 4642 4643 4645 4644
4 4617 4620 4646 4643
4 4620 4621 4647 4646
4 4643 4646 4648 4645
4 4646 4647 4649 4648
4 4593 4644 4650 4599
4 4644 4645 4651 4650
4 4599 4650 4652 4601
4 4650 4651 4653 4652
4 4645 4648 4654 4651
4 4648 4649 4655 4654
4 4651 4654 4656 4653
4 4654 4655 4657 4656
4 4621 4636 4658 4647
4 4636 4637 4659 4658
4 4647 4658 4660 4649
4 4658 4659 4661 4660
4 4637 4640 4662 4659
4 4640 4641 4663 4662
4 4659 4662 4664 4661
4 4662 4663 4665 4664
4 4649 4660 4666 4655
4 4660 4661 4667 4666
4 4655 4666 4668 4657
4 4666 4667 4669 4668
4 4661 4664 4670 4667
4 4664 4665 4671 4670
4 4667 4670 4672 4669
4 4670 4671 4673 4672
4 4401 4580 4674 4487
4 4580 4581 4675 4674
4 4487 4674 4676 4489
4 4674 4675 4677 4676
4 4581 4584 4678 4675
4 4584 4585 4679 4678
4 4675 4678 4680 4677
4 4678 4679 4681 4680
4 4489 4676 4682 4495
4 4676 4677 4683 4682
4 4495 4682 4684 4497
4 4682 4683 4685 4684
4 4677 4680 4686 4683
4 4680 4681 4687 4686
4 4683 4686 4688 4685
4 4686 4687 4689 4688
4 4585 4596 4690 4679
4 4596 4597 4691 4690
4 4679 4690 4692 4681
4 4690 4691 4693 4692
4 4597 4600 4694 4691
4 4600 4601 4695 4694
4 4691 4694 4696 4693
4 4694 4695 4697 4696
4 4681 4692 4698 4687
4 4692 4693 4699 4698
4 4687 4698 4700 4689
4 4698 4699 4701 4700
4 4693 4696 4702 4699
4 4696 4697 4703 4702
4 4699 4702 4704 4701
4 4702 4703 4705 4704
4 4497 4684 4706 4519
4 4684 4685 4707 4706
4 4519 4706 4708 4521
4 4706 4707 4709 4708
4 4685 4688 4710 4707
4 4688 4689 4711 4710
4 4707 4710 4712 4709
4 4710 4711 4713 4712
4 4521 4708 4714 4527
4 4708 4709 4715 4714
4 4527 4714 4716 4529
4 4714 4715 4717 4716
4 4709 4712 4718 4715
4 4712 4713 4719 4718
4 4715 4718 4720 4717
4 4718 4719 4721 4720
4 4689 4700 4722 4711
4 4700 4701 4723 4722
4 4711 4722 4724 4713
4 4722 4723 4725 4724
4 4701 4704 4726 4723
4 4704 4705 4727 4726
4 4723 4726 4728 4725
4 4726 4727 4729 4728
4 4713 4724 4730 4719
4 4724 4725 4731 4730
4 4719 4730 4732 4721
4 4730 4731 4733 4732
4 4725 4728 4734 4731
4 4728 4729 4735 4734
4 4731 4734 4736 4733
4 4734 4735 4737 4736
4 4601 4652 4738 4695
4 4652 4653 4739 4738
4 4695 4738 4740 4697
4 4738 4739 4741 4740
4 4653 4656 4742 4739
4 4656 4657 4743 4742
4 4739 4742 4744 4741
4 4742 4743 4745 4744
4 4697 4740 4746 4703
4 4740 4741 4747 4746
4 4703 4746 4748 4705
4 4746 4747 4749 4748
4 4741 4744 4750 4747
4 4744 4745 4751 4750
4 4747 4750 4752 4749
4 4750 4751 4753 4752
4 4657 4668 4754 4743
4 4668 4669 4755 4754
4 4743 4754 4756 4745
4 4754 4755 4757 4756
4 4669 4672 4758 4755
4 4672 4673 4759 4758
4 4755 4758 4760 4757
4 4758 4759 4761 4760
4 4745 4756 4762 4751
4 4756 4757 4763 4762
4 4751 4762 4764 4753
4 4762 4763 4765 4764
4 4757 4760 4766 4763
4 4760 4761 4767 4766
4 4763 4766 4768 4765
4 4766 4767 4769 4768
4 4705 4748 4770 4727
4 4748 4749 4771 4770
4 4727 4770 4772 4729
4 4770 4771 4773 4772
4 4749 4752 4774 4771
4 4752 4753 4775 4774
4 4771 4774 4776 4773
4 4774 4775 4777 4776
4 4729 4772 4778 4735
4 4772 4773 4779 4778
4 4735 4778 4780 4737
4 4778 4779 4781 4780
4 4773 4776 4782 4779
4 4776 4777 4783 4782
4 4779 4782 4784 4781
4 4782 4783 4785 4784
4 4753 4764 4786 4775
4 4764 4765 4787 4786
4 4775 4786 4788 4777
4 4786 4787 4789 4788
4 4765 4768 4790 4787
4 4768 4769 4791 4790
4 4787 4790 4792 4789
4 4790 4791 4793 4792
4 4777 4788 4794 4783
4 4788 4789 4795 4794
4 4783 4794 4796 4785
4 4794 4795 4797 4796
4 4789 4792 4798 4795
4 4792 4793 4799 4798
4 4795 4798 4800 4797
4 4798 4799 4801 4800
4 561 4444 4802 919
4 4444 4445 4803 4802
4 919 4802 4804 921
4 4802 4803 4805 4804
4 4445 4448 4806 4803
4 4448 4449 4807 4806
4 4803 4806 4808 4805
4 4806 4807 4809 4808
4 921 4804 4810 927
4 4804 4805 4811 4810
4 927 4810 4812 929
4 4810 4811 4813 4812
4 4805 4808 4814 4811
4 4808 4809 4815 4814
4 4811 4814 4816 4813
4 4814 4815 4817 4816
4 4449 4460 4818 4807
4 4460 4461 4819 4818
4 4807 4818 4820 4809
4 4818 4819 4821 4820
4 4461 4464 4822 4819
4 4464 4465 4823 4822
4 4819 4822 4824 4821
4 4822 4823 4825 4824
4 4809 4820 4826 4815
4 4820 4821 4827 4826
4 4815 4826 4828 4817
4 4826 4827 4829 4828
4 4821 4824 4830 4827
4 4824 4825 4831 4830
4 4827 4830 4832 4829
4 4830 4831 4833 4832
4 929 4812 4834 951
4 4812 4813 4835 4834
4 951 4834 4836 953
4 4834 4835 4837 4836
4 4813 4816 4838 4835
4 4816 4817 4839 4838
4 4835 4838 4840 4837
4 4838 4839 4841 4840
4 953 4836 4842 959
4 4836 4837 4843 4842
4 959 4842 4844 961
4 4842 4843 4845 4844
4 4837 4840 4846 4843
4 4840 4841 4847 4846
4 4843 4846 4848 4845
4 4846 4847 4849 4848
4 4817 4828 4850 4839
4 4828 4829 4851 4850
4 4839 4850 4852 4841
4 4850 4851 4853 4852
4 4829 4832 4854 4851
4 4832 4833 4855 4854
4 4851 4854 4856 4853
4 4854 4855 4857 4856
4 4841 4852 4858 4847
4 4852 4853 4859 4858
4 4847 4858 4860 4849
4 4858 4859 4861 4860
4 4853 4856 4862 4859
4 4856 4857 4863 4862
4 4859 4862 4864 4861
4 4862 4863 4865 4864
4 4465 4508 4866 4823
4 4508 4509 4867 4866
4 4823 4866 4868 4825
4 4866 4867 4869 4868
4 4509 4512 4870 4867
4 4512 4513 4871 4870
4 4867 4870 4872 4869
4 4870 4871 4873 4872
4 4825 4868 4874 4831
4 4868 4869 4875 4874
4 4831 4874 4876 4833
4 4874 4875 4877 4876
4 4869 4872 4878 4875
4 4872 4873 4879 4878
4 4875 4878 4880 4877
4 4878 4879 4881 4880
4 4513 4524 4882 4871
4 4524 4525 4883 4882
4 4871 4882 4884 4873
4 4882 4883 4885 4884
4 4525 4528 4886 4883
4 4528 4529 4887 4886
4 4883 4886 4888 4885
4 4886 4887 4889 4888
4 4873 4884 4890 4879
4 4884 4885 4891 4890
4 4879 4890 4892 4881
4 4890 4891 4893 4892
4 4885 4888 4894 4891
4 4888 4889 4895 4894
4 4891 4894 4896 4893
4 4894 4895 4897 4896
4 4833 4876 4898 4855
4 4876 4877 4899 4898
4 4855 4898 4900 4857
4 4898 4899 4901 4900
4 4877 4880 4902 4899
4 4880 4881 4903 4902
4 4899 4902 4904 4901
4 4902 4903 4905 4904
4 4857 4900 4906 4863
4 4900 4901 4907 4906
4 4863 4906 4908 4865
4 4906 4907 4909 4908
4 4901 4904 4910 4907
4 4904 4905 4911 4910
4 4907 4910 4912 4909
4 4910 4911 4913 4912
4 4881 4892 4914 4903
4 4892 4893 4915 4914
4 4903 4914 4916 4905
4 4914 4915 4917 4916
4 4893 4896 4918 4915
4 4896 4897 4919 4918
4 4915 4918 4920 4917
4 4918 4919 4921 4920
4 4905 4916 4922 4911
4 4916 4917 4923 4922
4 4911 4922 4924 4913
4 4922 4923 4925 4924
4 4917 4920 4926 4923
4 4920 4921 4927 4926
4 4923 4926 4928 4925
4 4926 4927 4929 4928
4 961 4844 4930 1047
4 4844 4845 4931 4930
4 1047 4930 4932 1049
4 4930 4931 4933 4932
4 4845 4848 4934 4931
4 4848 4849 4935 4934
4 4931 4934 4936 4933
4 4934 4935 4937 4936
4 1049 4932 4938 1055
4 4932 4933 4939 4938
4 1055 4938 4940 1057
4 4938 4939 4941 4940
4 4933 4936 4942 4939
4 4936 4937 4943 4942
4 4939 4942 4944 4941
4 4942 4943 4945 4944
4 4849 4860 4946 4935
4 4860 4861 4947 4946
4 4935 4946 4948 4937
4 4946 4947 4949 4948
4 4861 4864 4950 4947
4 4864 4865 4951 4950
4 4947 4950 4952 4949
4 4950 4951 4953 4952
4 4937 4948 4954 4943
4 4948 4949 4955 4954
4 4943 4954 4956 4945
4 4954 4955 4957 4956
4 4949 4952 4958 4955
4 4952 4953 4959 4958
4 4955 4958 4960 4957
4 4958 4959 4961 4960
4 1057 4940 4962 1079
4 4940 4941 4963 4962
4 1079 4962 4964 1081
4 4962 4963 4965 4964
4 4941 4944 4966 4963
4 4944 4945 4967 4966
4 4963 4966 4968 4965
4 4966 4967 4969 4968
4 1081 4964 4970 1087
4 4964 4965 4971 4970
4 1087 4970 4972 1089
4 4970 4971 4973 4972
4 4965 4968 4974 4971
4 4968 4969 4975 4974
4 4971 4974 4976 4973
4 4974 4975 4977 4976
4 4945 4956 4978 4967
4 4956 4957 4979 4978
4 4967 4978 4980 4969
4 4978 4979 4981 4980
4 4957 4960 4982 4979
4 4960 4961 4983 4982
4 4979 4982 4984 4981
4 4982 4983 4985 4984
4 4969 4980 4986 4975
4 4980 4981 4987 4986
4 4975 4986 4988 4977
4 4986 4987 4989 4988
4 4981 4984 4990 4987
4 4984 4985 4991 4990
4 4987 4990 4992 4989
4 4990 4991 4993 4992
4 4865 4908 4994 4951
4 4908 4909 4995 4994
4 4951 4994 4996 4953
4 4994 4995 4997 4996
4 4909 4912 4998 4995
4 4912 4913 4999 4998
4 4995 4998 5000 4997
4 4998 4999 5001 5000
4 4953 4996 5002 4959
4 4996 4997 5003 5002
4 4959 5002 5004 4961
4 5002 5003 5005 5004
4 4997 5000 5006 5003
4 5000 5001 5007 5006
4 5003 5006 5008 5005
4 5006 5007 5009 5008
4 4913 4924 5010 4999
4 4924 4925 5011 5010
4 4999 5010 5012 5001
4 5010 5011 5013 5012
4 4925 4928 5014 5011
4 4928 4929 5015 5014
4 5011 5014 5016 5013
4 5014 5015 5017 5016
4 5001 5012 5018 5007
4 5012 5013 5019 5018
4 5007 5018 5020 5009
4 5018 5019 5021 5020
4 5013 5016 5022 5019
4 5016 5017 5023 5022
4 5019 5022 5024 5021
4 5022 5023 5025 5024
4 4961 5004 5026 4983
4 5004 5005 5027 5026
4 4983 5026 5028 4985
4 5026 5027 5029 5028
4 5005 5008 5030 5027
4 5008 5009 5031 5030
4 5027 5030 5032 5029
4 5030 5031 5033 5032
4 4985 5028 5034 4991
4 5028 5029 5035 5034
4 4991 5034 5036 4993
4 5034 5035 5037 5036
4 5029 5032 5038 5035
4 5032 5033 5039 5038
4 5035 5038 5040 5037
4 5038 5039 5041 5040
4 5009 5020 5042 5031
4 5020 5021 5043 5042
4 5031 5042 5044 5033
4 5042 5043 5045 5044
4 5021 5024 5046 5043
4 5024 5025 5047 5046
4 5043 5046 5048 5045
4 5046 5047 5049 5048
4 5033 5044 5050 5039
4 5044 5045 5051 5050
4 5039 5050 5052 5041
4 5050 5051 5053 5052
4 5045 5048 5054 5051
4 5048 5049 5055 5054
4 5051 5054 5056 5053
4 5054 5055 5057 5056
4 4529 4716 5058 4887
4 4716 4717 5059 5058
4 4887 5058 5060 4889
4 5058 5059 5061 5060
4 4717 4720 5062 5059
4 4720 4721 5063 5062
4 5059 5062 5064 5061
4 5062 5063 5065 5064
4 4889 5060 5066 4895
4 5060 5061 5067 5066
4 4895 5066 5068 4897
4 5066 5067 5069 5068
4 5061 5064 5070 5067
4 5064 5065 5071 5070
4 5067 5070 5072 5069
4 5070 5071 5073 5072
4 4721 4732 5074 5063
4 4732 4733 5075 5074
4 5063 5074 5076 5065
4 5074 5075 5077 5076
4 4733 4736 5078 5075
4 4736 4737 5079 5078
4 5075 5078 5080 5077
4 5078 5079 5081 5080
4 5065 5076 5082 5071
4 5076 5077 5083 5082
4 5071 5082 5084 5073
4 5082 5083 5085 5084
4 5077 5080 5086 5083
4 5080 5081 5087 5086
4 5083 5086 5088 5085
4 5086 5087 5089 5088
4 4897 5068 5090 4919
4 5068 5069 5091 5090
4 4919 5090 5092 4921
4 5090 5091 5093 5092
4 5069 5072 5094 5091
4 5072 5073 5095 5094
4 5091 5094 5096 5093
4 5094 5095 5097 5096
4 4921 5092 5098 4927
4 5092 5093 5099 5098
4 4927 5098 5100 4929
4 5098 5099 5101 5100
4 5093 5096 5102 5099
4 5096 5097 5103 5102
4 5099 5102 5104 5101
4 5102 5103 5105 5104
4 5073 5084 5106 5095
4 5084 5085 5107 5106
4 5095 5106 5108 5097
4 5106 5107 5109 5108
4 5085 5088 5110 5107
4 5088 5089 5111 5110
4 5107 5110 5112 5109
4 5110 5111 5113 5112
4 5097 5108 5114 5103
4 5108 5109 5115 5114
4 5103 5114 5116 5105
4 5114 5115 5117 5116
4 5109 5112 5118 5115
4 5112 5113 5119 5118
4 5115 5118 5120 5117
4 5118 5119 5121 5120
4 4737 4780 5122 5079
4 4780 4781 5123 5122
4 5079 5122 5124 5081
4 5122 5123 5125 5124
4 4781 4784 5126 5123
4 4784 4785 5127 5126
4 5123 5126 5128 5125
4 5126 5127 5129 5128
4 5081 5124 5130 5087
4 5124 5125 5131 5130
4 5087 5130 5132 5089
4 5130 5131 5133 5132
4 5125 5128 5134 5131
4 5128 5129 5135 5134
4 5131 5134 5136 5133
4 5134 5135 5137 5136
4 4785 4796 5138 5127
4 4796 4797 5139 5138
4 5127 5138 5140 5129
4 5138 5139 5141 5140
4 4797 4800 5142 5139
4 4800 4801 5143 5142
4 5139 5142 5144 5141
4 5142 5143 5145 5144
4 5129 5140 5146 5135
4 5140 5141 5147 5146
4 5135 5146 5148 5137
4 5146 5147 5149 5148
4 5141 5144 5150 5147
4 5144 5145 5151 5150
4 5147 5150 5152 5149
4 5150 5151 5153 5152
4 5089 5132 5154 5111
4 5132 5133 5155 5154
4 5111 5154 5156 5113
4 5154 5155 5157 5156
4 5133 5136 5158 5155
4 5136 5137 5159 5158
4 5155 5158 5160 5157
4 5158 5159 5161 5160
4 5113 5156 5162 5119
4 5156 5157 5163 5162
4 5119 5162 5164 5121
4 5162 5163 5165 5164
4 5157 5160 5166 5163
4 5160 5161 5167 5166
4 5163 5166 5168 5165
4 5166 5167 5169 5168
4 5137 5148 5170 5159
4 5148 5149 5171 5170
4 5159 5170 5172 5161
4 5170 5171 5173 5172
4 5149 5152 5174 5171
4 5152 5153 5175 5174
4 5171 5174 5176 5173
4 5174 5175 5177 5176
4 5161 5172 5178 5167
4 5172 5173 5179 5178
4 5167 5178 5180 5169
4 5178 5179 5181 5180
4 5173 5176 5182 5179
4 5176 5177 5183 5182
4 5179 5182 5184 5181
4 5182 5183 5185 5184
4 4929 5100 5186 5015
4 5100 5101 5187 5186
4 5015 5186 5188 5017
4 5186 5187 5189 5188
4 5101 5104 5190 5187
4 5104 5105 5191 5190
4 5187 5190 5192 5189
4 5190 5191 5193 5192
4 5017 5188 5194 5023
4 5188 5189 5195 5194
4 5023 5194 5196 5025
4 5194 5195 5197 5196
4 5189 5192 5198 5195
4 5192 5193 5199 5198
4 5195 5198 5200 5197
4 5198 5199 5201 5200
4 5105 5116 5202 5191
4 5116 5117 5203 5202
4 5191 5202 5204 5193
4 5202 5203 5205 5204
4 5117 5120 5206 5203
4 5120 5121 5207 5206
4 5203 5206 5208 5205
4 5206 5207 5209 5208
4 5193 5204 5210 5199
4 5204 5205 5211 5210
4 5199 5210 5212 5201
4 5210 5211 5213 5212
4 5205 5208 5214 5211
4 5208 5209 5215 5214
4 5211 5214 5216 5213
4 5214 5215 5217 5216
4 5025 5196 5218 5047
4 5196 5197 5219 5218
4 5047 5218 5220 5049
4 5218 5219 5221 5220
4 5197 5200 5222 5219
4 5200 5201 5223 5222
4 5219 5222 5224 5221
4 5222 5223 5225 5224
4 5049 5220 5226 5055
4 5220 5221 5227 5226
4 5055 5226 5228 5057
4 5226 5227 5229 5228
4 5221 5224 5230 5227
4 5224 5225 5231 5230
4 5227 5230 5232 5229
4 5230 5231 5233 5232
4 5201 5212 5234 5223
4 5212 5213 5235 5234
4 5223 5234 5236 5225
4 5234 5235 5237 5236
4 5213 5216 5238 5235
4 5216 5217 5239 5238
4 5235 5238 5240 5237
4 5238 5239 5241 5240
4 5225 5236 5242 5231
4 5236 5237 5243 5242
4 5231 5242 5244 5233
4 5242 5243 5245 5244
4 5237 5240 5246 5243
4 5240 5241 5247 5246
4 5243 5246 5248 5245
4 5246 5247 5249 5248
4 5121 5164 5250 5207
4 5164 5165 5251 5250
4 5207 5250 5252 5209
4 5250 5251 5253 5252
4 5165 5168 5254 5251
4 5168 5169 5255 5254
4 5251 5254 5256 5253
4 5254 5255 5257 5256
4 5209 5252 5258 5215
4 5252 5253 5259 5258
4 5215 5258 5260 5217
4 5258 5259 5261 5260
4 5253 5256 5262 5259
4 5256 5257 5263 5262
4 5259 5262 5264 5261
4 5262 5263 5265 5264
4 5169 5180 5266 5255
4 5180 5181 5267 5266
4 5255 5266 5268 5257
4 5266 5267 5269 5268
4 5181 5184 5270 5267
4 5184 5185 5271 5270
4 5267 5270 5272 5269
4 5270 5271 5273 5272
4 5257 5268 5274 5263
4 5268 5269 5275 5274
4 5263 5274 5276 5265
4 5274 5275 5277 5276
4 5269 5272 5278 5275
4 5272 5273 5279 5278
4 5275 5278 5280 5277
4 5278 5279 5281 5280
4 5217 5260 5282 5239
4 5260 5261 5283 5282
4 5239 5282 5284 5241
4 5282 5283 5285 5284
4 5261 5264 5286 5283
4 5264 5265 5287 5286
4 5283 5286 5288 5285
4 5286 5287 5289 5288
4 5241 5284 5290 5247
4 5284 5285 5291 5290
4 5247 5290 5292 5249
4 5290 5291 5293 5292
4 5285 5288 5294 5291
4 5288 5289 5295 5294
4 5291 5294 5296 5293
4 5294 5295 5297 5296
4 5265 5276 5298 5287
4 5276 5277 5299 5298
4 5287 5298 5300 5289
4 5298 5299 5301 5300
4 5277 5280 5302 5299
4 5280 5281 5303 5302
4 5299 5302 5304 5301
4 5302 5303 5305 5304
4 5289 5300 5306 5295
4 5300 5301 5307 5306
4 5295 5306 5308 5297
4 5306 5307 5309 5308
4 5301 5304 5310 5307
4 5304 5305 5311 5310
4 5307 5310 5312 5309
4 5310 5311 5313 5312
4 1089 4972 5314 1447
4 4972 4973 5315 5314
4 1447 5314 5316 1449
4 5314 5315 5317 5316
4 4973 4976 5318 5315
4 4976 4977 5319 5318
4 5315 5318 5320 5317
4 5318 5319 5321 5320
4 1449 5316 5322 1455
4 5316 5317 5323 5322
4 1455 5322 5324 1457
4 5322 5323 5325 5324
4 5317 5320 5326 5323
4 5320 5321 5327 5326
4 5323 5326 5328 5325
4 5326 5327 5329 5328
4 4977 4988 5330 5319
4 4988 4989 5331 5330
4 5319 5330 5332 5321
4 5330 5331 5333 5332
4 4989 4992 5334 5331
4 4992 4993 5335 5334
4 5331 5334 5336 5333
4 5334 5335 5337 5336
4 5321 5332 5338 5327
4 5332 5333 5339 5338
4 5327 5338 5340 5329
4 5338 5339 5341 5340
4 5333 5336 5342 5339
4 5336 5337 5343 5342
4 5339 5342 5344 5341
4 5342 5343 5345 5344
4 1457 5324 5346 1479
4 5324 5325 5347 5346
4 1479 5346 5348 1481
4 5346 5347 5349 5348
4 5325 5328 5350 5347
4 5328 5329 5351 5350
4 5347 5350 5352 5349
4 5350 5351 5353 5352
4 1481 5348 5354 1487
4 5348 5349 5355 5354
4 1487 5354 5356 1489
4 5354 5355 5357 5356
4 5349 5352 5358 5355
4 5352 5353 5359 5358
4 5355 5358 5360 5357
4 5358 5359 5361 5360
4 5329 5340 5362 5351
4 5340 5341 5363 5362
4 5351 5362 5364 5353
4 5362 5363 5365 5364
4 5341 5344 5366 5363
4 5344 5345 5367 5366
4 5363 5366 5368 5365
4 5366 5367 5369 5368
4 5353 5364 5370 5359
4 5364 5365 5371 5370
4 5359 5370 5372 5361
4 5370 5371 5373 5372
4 5365 5368 5374 5371
4 5368 5369 5375 5374
4 5371 5374 5376 5373
4 5374 5375 5377 5376
4 4993 5036 5378 5335
4 5036 5037 5379 5378
4 5335 5378 5380 5337
4 5378 5379 5381 5380
4 5037 5040 5382 5379
4 5040 5041 5383 5382
4 5379 5382 5384 5381
4 5382 5383 5385 5384
4 5337 5380 5386 5343
4 5380 5381 5387 5386
4 5343 5386 5388 5345
4 5386 5387 5389 5388
4 5381 5384 5390 5387
4 5384 5385 5391 5390
4 5387 5390 5392 5389
4 5390 5391 5393 5392
4 5041 5052 5394 5383
4 5052 5053 5395 5394
4 5383 5394 5396 5385
4 5394 5395 5397 5396
4 5053 5056 5398 5395
4 5056 5057 5399 5398
4 5395 5398 5400 5397
4 5398 5399 5401 5400
4 5385 5396 5402 5391
4 5396 5397 5403 5402
4 5391 5402 5404 5393
4 5402 5403 5405 5404
4 5397 5400 5406 5403
4 5400 5401 5407 5406
4 5403 5406 5408 5405
4 5406 5407 5409 5408
4 5345 5388 5410 5367
4 5388 5389 5411 5410
4 5367 5410 5412 5369
4 5410 5411 5413 5412
4 5389 5392 5414 5411
4 5392 5393 5415 5414
4 5411 5414 5416 5413
4 5414 5415 5417 5416
4 5369 5412 5418 5375
4 5412 5413 5419 5418
4 5375 5418 5420 5377
4 5418 5419 5421 5420
4 5413 5416 5422 5419
4 5416 5417 5423 5422
4 5419 5422 5424 5421
4 5422 5423 5425 5424
4 5393 5404 5426 5415
4 5404 5405 5427 5426
4 5415 5426 5428 5417
4 5426 5427 5429 5428
4 5405 5408 5430 5427
4 5408 5409 5431 5430
4 5427 5430 5432 5429
4 5430 5431 5433 5432
4 5417 5428 5434 5423
4 5428 5429 5435 5434
4 5423 5434 5436 5425
4 5434 5435 5437 5436
4 5429 5432 5438 5435
4 5432 5433 5439 5438
4 5435 5438 5440 5437
4 5438 5439 5441 5440
4 1489 5356 5442 1575
4 5356 5357 5443 5442
4 1575 5442 5444 1577
4 5442 5443 5445 5444
4 5357 5360 5446 5443
4 5360 5361 5447 5446
4 5443 5446 5448 5445
4 5446 5447 5449 5448
4 1577 5444 5450 1583
4 5444 5445 5451 5450
4 1583 5450 5452 1585
4 5450 5451 5453 5452
4 5445 5448 5454 5451
4 5448 5449 5455 5454
4 5451 5454 5456 5453
4 5454 5455 5457 5456
4 5361 5372 5458 5447
4 5372 5373 5459 5458
4 5447 5458 5460 5449
4 5458 5459 5461 5460
4 5373 5376 5462 5459
4 5376 5377 5463 5462
4 5459 5462 5464 5461
4 5462 5463 5465 5464
4 5449 5460 5466 5455
4 5460 5461 5467 5466
4 5455 5466 5468 5457
4 5466 5467 5469 5468
4 5461 5464 5470 5467
4 5464 5465 5471 5470
4 5467 5470 5472 5469
4 5470 5471 5473 5472
4 1585 5452 5474 1607
4 5452 5453 5475 5474
4 1607 5474 5476 1609
4 5474 5475 5477 5476
4 5453 5456 5478 5475
4 5456 5457 5479 5478
4 5475 5478 5480 5477
4 5478 5479 5481 5480
4 1609 5476 5482 1615
4 5476 5477 5483 5482
4 1615 5482 5484 1617
4 5482 5483 5485 5484
4 5477 5480 5486 5483
4 5480 5481 5487 5486
4 5483 5486 5488 5485
4 5486 5487 5489 5488
4 5457 5468 5490 5479
4 5468 5469 5491 5490
4 5479 5490 5492 5481
4 5490 5491 5493 5492
4 5469 5472 5494 5491
4 5472 5473 5495 5494
4 5491 5494 5496 5493
4 5494 5495 5497 5496
4 5481 5492 5498 5487
4 5492 5493 5499 5498
4 5487 5498 5500 5489
4 5498 5499 5501 5500
4 5493 5496 5502 5499
4 5496 5497 5503 5502
4 5499 5502 5504 5501
4 5502 5503 5505 5504
4 5377 5420 5506 5463
4 5420 5421 5507 5506
4 5463 5506 5508 5465
4 5506 5507 5509 5508
4 5421 5424 5510 5507
4 5424 5425 5511 5510
4 5507 5510 5512 5509
4 5510 5511 5513 5512
4 5465 5508 5514 5471
4 5508 5509 5515 5514
4 5471 5514 5516 5473
4 5514 5515 5517 5516
4 5509 5512 5518 5515
4 5512 5513 5519 5518
4 5515 5518 5520 5517
4 5518 5519 5521 5520
4 5425 5436 5522 5511
4 5436 5437 5523 5522
4 5511 5522 5524 5513
4 5522 5523 5525 5524
4 5437 5440 5526 5523
4 5440 5441 5527 5526
4 5523 5526 5528 5525
4 5526 5527 5529 5528
4 5513 5524 5530 5519
4 5524 5525 5531 5530
4 5519 5530 5532 5521
4 5530 5531 5533 5532
4 5525 5528 5534 5531
4 5528 5529 5535 5534
4 5531 5534 5536 5533
4 5534 5535 5537 5536
4 5473 5516 5538 5495
4 5516 5517 5539 5538
4 5495 5538 5540 5497
4 5538 5539 5541 5540
4 5517 5520 5542 5539
4 5520 5521 5543 5542
4 5539 5542 5544 5541
4 5542 5543 5545 5544
4 5497 5540 5546 5503
4 5540 5541 5547 5546
4 5503 5546 5548 5505
4 5546 5547 5549 5548
4 5541 5544 5550 5547
4 5544 5545 5551 5550
4 5547 5550 5552 5549
4 5550 5551 5553 5552
4 5521 5532 5554 5543
4 5532 5533 5555 5554
4 5543 5554 5556 5545
4 5554 5555 5557 5556
4 5533 5536 5558 5555
4 5536 5537 5559 5558
4 5555 5558 5560 5557
4 5558 5559 5561 5560
4 5545 5556 5562 5551
4 5556 5557 5563 5562
4 5551 5562 5564 5553
4 5562 5563 5565 5564
4 5557 5560 5566 5563
4 5560 5561 5567 5566
4 5563 5566 5568 5565
4 5566 5567 5569 5568
4 5057 5228 5570 5399
4 5228 5229 5571 5570
4 5399 5570 5572 5401
4 5570 5571 5573 5572
4 5229 5232 5574 5571
4 5232 5233 5575 5574
4 5571 5574 5576 5573
4 5574 5575 5577 5576
4 5401 5572 5578 5407
4 5572 5573 5579 5578
4 5407 5578 5580 5409
4 5578 5579 5581 5580
4 5573 5576 5582 5579
4 5576 5577 5583 5582
4 5579 5582 5584 5581
4 5582 5583 5585 5584
4 5233 5244 5586 5575
4 5244 5245 5587 5586
4 5575 5586 5588 5577
4 5586 5587 5589 5588
4 5245 5248 5590 5587
4 5248 5249 5591 5590
4 5587 5590 5592 5589
4 5590 5591 5593 5592
4 5577 5588 5594 5583
4 5588 5589 5595 5594
4 5583 5594 5596 5585
4 5594 5595 5597 5596
4 5589 5592 5598 5595
4 5592 5593 5599 5598
4 5595 5598 5600 5597
4 5598 5599 5601 5600
4 5409 5580 5602 5431
4 5580 5581 5603 5602
4 5431 5602 5604 5433
4 5602 5603 5605 5604
4 5581 5584 5606 5603
4 5584 5585 5607 5606
4 5603 5606 5608 5605
4 5606 5607 5609 5608
4 5433 5604 5610 5439
4 5604 5605 5611 5610
4 5439 5610 5612 5441
4 5610 5611 5613 5612
4 5605 5608 5614 5611
4 5608 5609 5615 5614
4 5611 5614 5616 5613
4 5614 5615 5617 5616
4 5585 5596 5618 5607
4 5596 5597 5619 5618
4 5607 5618 5620 5609
4 5618 5619 5621 5620
4 5597 5600 5622 5619
4 5600 5601 5623 5622
4 5619 5622 5624 5621
4 5622 5623 5625 5624
4 5609 5620 5626 5615
4 5620 5621 5627 5626
4 5615 5626 5628 5617
4 5626 5627 5629 5628
4 5621 5624 5630 5627
4 5624 5625 5631 5630
4 5627 5630 5632 5629
4 5630 5631 5633 5632
4 5249 5292 5634 5591
4 5292 5293 5635 5634
4 5591 5634 5636 5593
4 5634 5635 5637 5636
4 5293 5296 5638 5635
4 5296 5297 5639 5638
4 5635 5638 5640 5637
4 5638 5639 5641 5640
4 5593 5636 5642 5599
4 5636 5637 5643 5642
4 5599 5642 5644 5601
4 5642 5643 5645 5644
4 5637 5640 5646 5643
4 5640 5641 5647 5646
4 5643 5646 5648 5645
4 5646 5647 5649 5648
4 5297 5308 5650 5639
4 5308 5309 5651 5650
4 5639 5650 5652 5641
4 5650 5651 5653 5652
4 5309 5312 5654 5651
4 5312 5313 5655 5654
4 5651 5654 5656 5653
4 5654 5655 5657 5656
4 5641 5652 5658 5647
4 5652 5653 5659 5658
4 5647 5658 5660 5649
4 5658 5659 5661 5660
4 5653 5656 5662 5659
4 5656 5657 5663 5662
4 5659 5662 5664 5661
4 5662 5663 5665 5664
4 5601 5644 5666 5623
4 5644 5645 5667 5666
4 5623 5666 5668 5625
4 5666 5667 5669 5668
4 5645 5648 5670 5667
4 5648 5649 5671 5670
4 5667 5670 5672 5669
4 5670 5671 5673 5672
4 5625 5668 5674 5631
4 5668 5669 5675 5674
4 5631 5674 5676 5633
4 5674 5675 5677 5676
4 5669 5672 5678 5675
4 5672 5673 5679 5678
4 5675 5678 5680 5677
4 5678 5679 5681 5680
4 5649 5660 5682 5671
4 5660 5661 5683 5682
4 5671 5682 5684 5673
4 5682 5683 5685 5684
4 5661 5664 5686 5683
4 5664 5665 5687 5686
4 5683 5686 5688 5685
4 5686 5687 5689 5688
4 5673 5684 5690 5679
4 5684 5685 5691 5690
4 5679 5690 5692 5681
4 5690 5691 5693 5692
4 5685 5688 5694 5691
4 5688 5689 5695 5694
4 5691 5694 5696 5693
4 5694 5695 5697 5696
4 5441 5612 5698 5527
4 5612 5613 5699 5698
4 5527 5698 5700 5529
4 5698 5699 5701 5700
4 5613 5616 5702 5699
4 5616 5617 5703 5702
4 5699 5702 5704 5701
4 5702 5703 5705 5704
4 5529 5700 5706 5535
4 5700 5701 5707 5706
4 5535 5706 5708 5537
4 5706 5707 5709 5708
4 5701 5704 5710 5707
4 5704 5705 5711 5710
4 5707 5710 5712 5709
4 5710 5711 5713 5712
4 5617 5628 5714 5703
4 5628 5629 5715 5714
4 5703 5714 5716 5705
4 5714 5715 5717 5716
4 5629 5632 5718 5715
4 5632 5633 5719 5718
4 5715 5718 5720 5717
4 5718 5719 5721 5720
4 5705 5716 5722 5711
4 5716 5717 5723 5722
4 5711 5722 5724 5713
4 5722 5723 5725 5724
4 5717 5720 5726 5723
4 5720 5721 5727 5726
4 5723 5726 5728 5725
4 5726 5727 5729 5728
4 5537 5708 5730 5559
4 5708 5709 5731 5730
4 5559 5730 5732 5561
4 5730 5731 5733 5732
4 5709 5712 5734 5731
4 5712 5713 5735 5734
4 5731 5734 5736 5733
4 5734 5735 5737 5736
4 5561 5732 5738 5567
4 5732 5733 5739 5738
4 5567 5738 5740 5569
4 5738 5739 5741 5740
4 5733 5736 5742 5739
4 5736 5737 5743 5742
4 5739 5742 5744 5741
4 5742 5743 5745 5744
4 5713 5724 5746 5735
4 5724 5725 5747 5746
4 5735 5746 5748 5737
4 5746 5747 5749 5748
4 5725 5728 5750 5747
4 5728 5729 5751 5750
4 5747 5750 5752 5749
4 5750 5751 5753 5752
4 5737 5748 5754 5743
4 5748 5749 5755 5754
4 5743 5754 5756 5745
4 5754 5755 5757 5756
4 5749 5752 5758 5755
4 5752 5753 5759 5758
4 5755 5758 5760 5757
4 5758 5759 5761 5760
4 5633 5676 5762 5719
4 5676 5677 5763 5762
4 5719 5762 5764 5721
4 5762 5763 5765 5764
4 5677 5680 5766 5763
4 5680 5681 5767 5766
4 5763 5766 5768 5765
4 5766 5767 5769 5768
4 5721 5764 5770 5727
4 5764 5765 5771 5770
4 5727 5770 5772 5729
4 5770 5771 5773 5772
4 5765 5768 5774 5771
4 5768 5769 5775 5774
4 5771 5774 5776 5773
4 5774 5775 5777 5776
4 5681 5692 5778 5767
4 5692 5693 5779 5778
4 5767 5778 5780 5769
4 5778 5779 5781 5780
4 5693 5696 5782 5779
4 5696 5697 5783 5782
4 5779 5782 5784 5781
4 5782 5783 5785 5784
4 5769 5780 5786 5775
4 5780 5781 5787 5786
4 5775 5786 5788 5777
4 5786 5787 5789 5788
4 5781 5784 5790 5787
4 5784 5785 5791 5790
4 5787 5790 5792 5789
4 5790 5791 5793 5792
4 5729 5772 5794 5751
4 5772 5773 5795 5794
4 5751 5794 5796 5753
4 5794 5795 5797 5796
4 5773 5776 5798 5795
4 5776 5777 5799 5798
4 5795 5798 5800 5797
4 5798 5799 5801 5800
4 5753 5796 5802 5759
4 5796 5797 5803 5802
4 5759 5802 5804 5761
4 5802 5803 5805 5804
4 5797 5800 5806 5803
4 5800 5801 5807 5806
4 5803 5806 5808 5805
4 5806 5807 5809 5808
4 5777 5788 5810 5799
4 5788 5789 5811 5810
4 5799 5810 5812 5801
4 5810 5811 5813 5812
4 5789 5792 5814 5811
4 5792 5793 5815 5814
4 5811 5814 5816 5813
4 5814 5815 5817 5816
4 5801 5812 5818 5807
4 5812 5813 5819 5818
4 5807 5818 5820 5809
4 5818 5819 5821 5820
4 5813 5816 5822 5819
4 5816 5817 5823 5822
4 5819 5822 5824 5821
4 5822 5823 5825 5824
4 1617 5484 5826 1975
4 5484 5485 5827 5826
4 1975 5826 5828 1977
4 5826 5827 5829 5828
4 5485 5488 5830 5827
4 5488 5489 5831 5830
4 5827 5830 5832 5829
4 5830 5831 5833 5832
4 1977 5828 5834 1983
4 5828 5829 5835 5834
4 1983 5834 5836 1985
4 5834 5835 5837 5836
4 5829 5832 5838 5835
4 5832 5833 5839 5838
4 5835 5838 5840 5837
4 5838 5839 5841 5840
4 5489 5500 5842 5831
4 5500 5501 5843 5842
4 5831 5842 5844 5833
4 5842 5843 5845 5844
4 5501 5504 5846 5843
4 5504 5505 5847 5846
4 5843 5846 5848 5845
4 5846 5847 5849 5848
4 5833 5844 5850 5839
4 5844 5845 5851 5850
4 5839 5850 5852 5841
4 5850 5851 5853 5852
4 5845 5848 5854 5851
4 5848 5849 5855 5854
4 5851 5854 5856 5853
4 5854 5855 5857 5856
4 1985 5836 5858 2007
4 5836 5837 5859 5858
4 2007 5858 5860 2009
4 5858 5859 5861 5860
4 5837 5840 5862 5859
4 5840 5841 5863 5862
4 5859 5862 5864 5861
4 5862 5863 5865 5864
4 2009 5860 5866 2015
4 5860 5861 5867 5866
4 2015 5866 5868 2017
4 5866 5867 5869 5868
4 5861 5864 5870 5867
4 5864 5865 5871 5870
4 5867 5870 5872 5869
4 5870 5871 5873 5872
4 5841 5852 5874 5863
4 5852 5853 5875 5874
4 5863 5874 5876 5865
4 5874 5875 5877 5876
4 5853 5856 5878 5875
4 5856 5857 5879 5878
4 5875 5878 5880 5877
4 5878 5879 5881 5880
4 5865 5876 5882 5871
4 5876 5877 5883 5882
4 5871 5882 5884 5873
4 5882 5883 5885 5884
4 5877 5880 5886 5883
4 5880 5881 5887 5886
4 5883 5886 5888 5885
4 5886 5887 5889 5888
4 5505 5548 5890 5847
4 5548 5549 5891 5890
4 5847 5890 5892 5849
4 5890 5891 5893 5892
4 5549 5552 5894 5891
4 5552 5553 5895 5894
4 5891 5894 5896 5893
4 5894 5895 5897 5896
4 5849 5892 5898 5855
4 5892 5893 5899 5898
4 5855 5898 5900 5857
4 5898 5899 5901 5900
4 5893 5896 5902 5899
4 5896 5897 5903 5902
4 5899 5902 5904 5901
4 5902 5903 5905 5904
4 5553 5564 5906 5895
4 5564 5565 5907 5906
4 5895 5906 5908 5897
4 5906 5907 5909 5908
4 5565 5568 5910 5907
4 5568 5569 5911 5910
4 5907 5910 5912 5909
4 5910 5911 5913 5912
4 5897 5908 5914 5903
4 5908 5909 5915 5914
4 5903 5914 5916 5905
4 5914 5915 5917 5916
4 5909 5912 5918 5915
4 5912 5913 5919 5918
4 5915 5918 5920 5917
4 5918 5919 5921 5920
4 5857 5900 5922 5879
4 5900 5901 5923 5922
4 5879 5922 5924 5881
4 5922 5923 5925 5924
4 5901 5904 5926 5923
4 5904 5905 5927 5926
4 5923 5926 5928 5925
4 5926 5927 5929 5928
4 5881 5924 5930 5887
4 5924 5925 5931 5930
4 5887 5930 5932 5889
4 5930 5931 5933 5932
4 5925 5928 5934 5931
4 5928 5929 5935 5934
4 5931 5934 5936 5933
4 5934 5935 5937 5936
4 5905 5916 5938 5927
4 5916 5917 5939 5938
4 5927 5938 5940 5929
4 5938 5939 5941 5940
4 5917 5920 5942 5939
4 5920 5921 5943 5942
4 5939 5942 5944 5941
4 5942 5943 5945 5944
4 5929 5940 5946 5935
4 5940 5941 5947 5946
4 5935 5946 5948 5937
4 5946 5947 5949 5948
4 5941 5944 5950 5947
4 5944 5945 5951 5950
4 5947 5950 5952 5949
4 5950 5951 5953 5952
4 2017 5868 5954 2103
4 5868 5869 5955 5954
4 2103 5954 5956 2105
4 5954 5955 5957 5956
4 5869 5872 5958 5955
4 5872 5873 5959 5958
4 5955 5958 5960 5957
4 5958 5959 5961 5960
4 2105 5956 5962 2111
4 5956 5957 5963 5962
4 2111 5962 5964 2113
4 5962 5963 5965 5964
4 5957 5960 5966 5963
4 5960 5961 5967 5966
4 5963 5966 5968 5965
4 5966 5967 5969 5968
4 5873 5884 5970 5959
4 5884 5885 5971 5970
4 5959 5970 5972 5961
4 5970 5971 5973 5972
4 5885 5888 5974 5971
4 5888 5889 5975 5974
4 5971 5974 5976 5973
4 5974 5975 5977 5976
4 5961 5972 5978 5967
4 5972 5973 5979 5978
4 5967 5978 5980 5969
4 5978 5979 5981 5980
4 5973 5976 5982 5979
4 5976 5977 5983 5982
4 5979 5982 5984 5981
4 5982 5983 5985 5984
4 2113 5964 5986 2135
4 5964 5965 5987 5986
4 2135 5986 5988 2137
4 5986 5987 5989 5988
4 5965 5968 5990 5987
4 5968 5969 5991 5990
4 5987 5990 5992 5989
4 5990 5991 5993 5992
4 2137 5988 5994 2143
4 5988 5989 5995 5994
4 2143 5994 5996 2145
4 5994 5995 5997 5996
4 5989 5992 5998 5995
4 5992 5993 5999 5998
4 5995 5998 6000 5997
4 5998 5999 6001 6000
4 5969 5980 6002 5991
4 5980 5981 6003 6002
4 5991 6002 6004 5993
4 6002 6003 6005 6004
4 5981 5984 6006 6003
4 5984 5985 6007 6006
4 6003 6006 6008 6005
4 6006 6007 6009 6008
4 5993 6004 6010 5999
4 6004 6005 6011 6010
4 5999 6010 6012 6001
4 6010 6011 6013 6012
4 6005 6008 6014 6011
4 6008 6009 6015 6014
4 6011 6014 6016 6013
4 6014 6015 6017 6016
4 5889 5932 6018 5975
4 5932 5933 6019 6018
4 5975 6018 6020 5977
4 6018 6019 6021 6020
4 5933 5936 6022 6019
4 5936 5937 6023 6022
4 6019 6022 6024 6021
4 6022 6023 6025 6024
4 5977 6020 6026 5983
4 6020 6021 6027 6026
4 5983 6026 6028 5985
4 6026 6027 6029 6028
4 6021 6024 6030 6027
4 6024 6025 6031 6030
4 6027 6030 6032 6029
4 6030 6031 6033 6032
4 5937 5948 6034 6023
4 5948 5949 6035 6034
4 6023 6034 6036 6025
4 6034 6035 6037 6036
4 5949 5952 6038 6035
4 5952 5953 6039 6038
4 6035 6038 6040 6037
4 6038 6039 6041 6040
4 6025 6036 6042 6031
4 6036 6037 6043 6042
4 6031 6042 6044 6033
4 6042 6043 6045 6044
4 6037 6040 6046 6043
4 6040 6041 6047 6046
4 6043 6046 6048 6045
4 6046 6047 6049 6048
4 5985 6028 6050 6007
4 6028 6029 6051 6050
4 6007 6050 6052 6009
4 6050 6051 6053 6052
4 6029 6032 6054 6051
4 6032 6033 6055 6054
4 6051 6054 6056 6053
4 6054 6055 6057 6056
4 6009 6052 6058 6015
4 6052 6053 6059 6058
4 6015 6058 6060 6017
4 6058 6059 6061 6060
4 6053 6056 6062 6059
4 6056 6057 6063 6062
4 6059 6062 6064 6061
4 6062 6063 6065 6064
4 6033 6044 6066 6055
4 6044 6045 6067 6066
4 6055 6066 6068 6057
4 6066 6067 6069 6068
4 6045 6048 6070 6067
4 6048 6049 6071 6070
4 6067 6070 6072 6069
4 6070 6071 6073 6072
4 6057 6068 6074 6063
4 6068 6069 6075 6074
4 6063 6074 6076 6065
4 6074 6075 6077 6076
4 6069 6072 6078 6075
4 6072 6073 6079 6078
4 6075 6078 6080 6077
4 6078 6079 6081 6080
4 5569 5740 6082 5911
4 5740 5741 6083 6082
4 5911 6082 6084 5913
4 6082 6083 6085 6084
4 5741 5744 6086 6083
4 5744 5745 6087 6086
4 6083 6086 6088 6085
4 6086 6087 6089 6088
4 5913 6084 6090 5919
4 6084 6085 6091 6090
4 5919 6090 6092 5921
4 6090 6091 6093 6092
4 6085 6088 6094 6091
4 6088 6089 6095 6094
4 6091 6094 6096 6093
4 6094 6095 6097 6096
4 5745 5756 6098 6087
4 5756 5757 6099 6098
4 6087 6098 6100 6089
4 6098 6099 6101 6100
4 5757 5760 6102 6099
4 5760 5761 6103 6102
4 6099 6102 6104 6101
4 6102 6103 6105 6104
4 6089 6100 6106 6095
4 6100 6101 6107 6106
4 6095 6106 6108 6097
4 6106 6107 6109 6108
4 6101 6104 6110 6107
4 6104 6105 6111 6110
4 6107 6110 6112 6109
4 6110 6111 6113 6112
4 5921 6092 6114 5943
4 6092 6093 6115 6114
4 5943 6114 6116 5945
4 6114 6115 6117 6116
4 6093 6096 6118 6115
4 6096 6097 6119 6118
4 6115 6118 6120 6117
4 6118 6119 6121 6120
4 5945 6116 6122 5951
4 6116 6117 6123 6122
4 5951 6122 6124 5953
4 6122 6123 6125 6124
4 6117 6120 6126 6123
4 6120 6121 6127 6126
4 6123 6126 6128 6125
4 6126 6127 6129 6128
4 6097 6108 6130 6119
4 6108 6109 6131 6130
4 6119 6130 6132 6121
4 6130 6131 6133 6132
4 6109 6112 6134 6131
4 6112 6113 6135 6134
4 6131 6134 6136 6133
4 6134 6135 6137 6136
4 6121 6132 6138 6127
4 6132 6133 6139 6138
4 6127 6138 6140 6129
4 6138 6139 6141 6140
4 6133 6136 6142 6139
4 6136 6137 6143 6142
4 6139 6142 6144 6141
4 6142 6143 6145 6144
4 5761 5804 6146 6103
4 5804 5805 6147 6146
4 6103 6146 6148 6105
4 6146 6147 6149 6148
4 5805 5808 6150 6147
4 5808 5809 6151 6150
4 6147 6150 6152 6149
4 6150 6151 6153 6152
4 6105 6148 6154 6111
4 6148 6149 6155 6154
4 6111 6154 6156 6113
4 6154 6155 6157 6156
4 6149 6152 6158 6155
4 6152 6153 6159 6158
4 6155 6158 6160 6157
4 6158 6159 6161 6160
4 5809 5820 6162 6151
4 5820 5821 6163 6162
4 6151 6162 6164 6153
4 6162 6163 6165 6164
4 5821 5824 6166 6163
4 5824 5825 6167 6166
4 6163 6166 6168 6165
4 6166 6167 6169 6168
4 6153 6164 6170 6159
4 6164 6165 6171 6170
4 6159 6170 6172 6161
4 6170 6171 6173 6172
4 6165 6168 6174 6171
4 6168 6169 6175 6174
4 6171 6174 6176 6173
4 6174 6175 6177 6176
4 6113 6156 6178 6135
4 6156 6157 6179 6178
4 6135 6178 6180 6137
4 6178 6179 6181 6180
4 6157 6160 6182 6179
4 6160 6161 6183 6182
4 6179 6182 6184 6181
4 6182 6183 6185 6184
4 6137 6180 6186 6143
4 6180 6181 6187 6186
4 6143 6186 6188 6145
4 6186 6187 6189 6188
4 6181 6184 6190 6187
4 6184 6185 6191 6190
4 6187 6190 6192 6189
4 6190 6191 6193 6192
4 6161 6172 6194 6183
4 6172 6173 6195 6194
4 6183 6194 6196 6185
4 6194 6195 6197 6196
4 6173 6176 6198 6195
4 6176 6177 6199 6198
4 6195 6198 6200 6197
4 6198 6199 6201 6200
4 6185 6196 6202 6191
4 6196 6197 6203 6202
4 6191 6202 6204 6193
4 6202 6203 6205 6204
4 6197 6200 6206 6203
4 6200 6201 6207 6206
4 6203 6206 6208 6205
4 6206 6207 6209 6208
4 5953 6124 6210 6039
4 6124 6125 6211 6210
4 6039 6210 6212 6041
4 6210 6211 6213 6212
4 6125 6128 6214 6211
4 6128 6129 6215 6214
4 6211 6214 6216 6213
4 6214 6215 6217 6216
4 6041 6212 6218 6047
4 6212 6213 6219 6218
4 6047 6218 6220 6049
4 6218 6219 6221 6220
4 6213 6216 6222 6219
4 6216 6217 6223 6222
4 6219 6222 6224 6221
4 6222 6223 6225 6224
4 6129 6140 6226 6215
4 6140 6141 6227 6226
4 6215 6226 6228 6217
4 6226 6227 6229 6228
4 6141 6144 6230 6227
4 6144 6145 6231 6230
4 6227 6230 6232 6229
4 6230 6231 6233 6232
4 6217 6228 6234 6223
4 6228 6229 6235 6234
4 6223 6234 6236 6225
4 6234 6235 6237 6236
4 6229 6232 6238 6235
4 6232 6233 6239 6238
4 6235 6238 6240 6237
4 6238 6239 6241 6240
4 6049 6220 6242 6071
4 6220 6221 6243 6242
4 6071 6242 6244 6073
4 6242 6243 6245 6244
4 6221 6224 6246 6243
4 6224 6225 6247 6246
4 6243 6246 6248 6245
4 6246 6247 6249 6248
4 6073 6244 6250 6079
4 6244 6245 6251 6250
4 6079 6250 6252 6081
4 6250 6251 6253 6252
4 6245 6248 6254 6251
4 6248 6249 6255 6254
4 6251 6254 6256 6253
4 6254 6255 6257 6256
4 6225 6236 6258 6247
4 6236 6237 6259 6258
4 6247 6258 6260 6249
4 6258 6259 6261 6260
4 6237 6240 6262 6259
4 6240 6241 6263 6262
4 6259 6262 6264 6261
4 6262 6263 6265 6264
4 6249 6260 6266 6255
4 6260 6261 6267 6266
4 6255 6266 6268 6257
4 6266 6267 6269 6268
4 6261 6264 6270 6267
4 6264 6265 6271 6270
4 6267 6270 6272 6269
4 6270 6271 6273 6272
4 6145 6188 6274 6231
4 6188 6189 6275 6274
4 6231 6274 6276 6233
4 6274 6275 6277 6276
4 6189 6192 6278 6275
4 6192 6193 6279 6278
4 6275 6278 6280 6277
4 6278 6279 6281 6280
4 6233 6276 6282 6239
4 6276 6277 6283 6282
4 6239 6282 6284 6241
4 6282 6283 6285 6284
4 6277 6280 6286 6283
4 6280 6281 6287 6286
4 6283 6286 6288 6285
4 6286 6287 6289 6288
4 6193 6204 6290 6279
4 6204 6205 6291 6290
4 6279 6290 6292 6281
4 6290 6291 6293 6292
4 6205 6208 6294 6291
4 6208 6209 6295 6294
4 6291 6294 6296 6293
4 6294 6295 6297 6296
4 6281 6292 6298 6287
4 6292 6293 6299 6298
4 6287 6298 6300 6289
4 6298 6299 6301 6300
4 6293 6296 6302 6299
4 6296 6297 6303 6302
4 6299 6302 6304 6301
4 6302 6303 6305 6304
4 6241 6284 6306 6263
4 6284 6285 6307 6306
4 6263 6306 6308 6265
4 6306 6307 6309 6308
4 6285 6288 6310 6307
4 6288 6289 6311 6310
4 6307 6310 6312 6309
4 6310 6311 6313 6312
4 6265 6308 6314 6271
4 6308 6309 6315 6314
4 6271 6314 6316 6273
4 6314 6315 6317 6316
4 6309 6312 6318 6315
4 6312 6313 6319 6318
4 6315 6318 6320 6317
4 6318 6319 6321 6320
4 6289 6300 6322 6311
4 6300 6301 6323 6322
4 6311 6322 6324 6313
4 6322 6323 6325 6324
4 6301 6304 6326 6323
4 6304 6305 6327 6326
4 6323 6326 6328 6325
4 6326 6327 6329 6328
4 6313 6324 6330 6319
4 6324 6325 6331 6330
4 6319 6330 6332 6321
4 6330 6331 6333 6332
4 6325 6328 6334 6331
5 6328 6329 6335 6336 6334
5 6331 6334 6337 6338 6333
4 6334 6336 6339 6337
5 6336 6335 6340 6341 6339
5 6337 6339 6342 6343 6338
4 6339 6341 6344 6342
5 6341 6340 6345 6346 6344
5 6342 6344 6347 6348 6343
4 6344 6346 6349 6347
5 6346 6345 6350 6351 6349
5 6347 6349 6352 6353 6348
4 6349 6351 6354 6352
5 6351 6350 6355 6356 6354
5 6352 6354 6357 6358 6353
4 6354 6356 6359 6357
5 6356 6355 6360 6361 6359
5 6357 6359 6362 6363 6358
4 6359 6361 6364 6362
5 6361 6360 6365 6366 6364
5 6362 6364 6367 6368 6363
4 6364 6366 6369 6367
5 6366 6365 6370 6371 6369
5 6367 6369 6372 6373 6368
4 6369 6371 6374 6372
5 6371 6370 6375 6376 6374
5 6372 6374 6377 6378 6373
4 6374 6376 6379 6377
5 6376 6375 6380 6381 6379
5 6377 6379 6382 6383 6378
4 6379 6381 6384 6382
4 6381 6380 6385 6384
4 6382 6384 6386 6383
4 6384 6385 6387 6386
4 2145 5996 6388 2503
4 5996 5997 6389 6388
4 2503 6388 6390 2505
4 6388 6389 6391 6390
4 5997 6000 6392 6389
4 6000 6001 6393 6392
4 6389 6392 6394 6391
4 6392 6393 6395 6394
4 2505 6390 6396 2511
4 6390 6391 6397 6396
4 2511 6396 6398 2513
4 6396 6397 6399 6398
4 6391 6394 6400 6397
4 6394 6395 6401 6400
4 6397 6400 6402 6399
4 6400 6401 6403 6402
4 6001 6012 6404 6393
4 6012 6013 6405 6404
4 6393 6404 6406 6395
4 6404 6405 6407 6406
4 6013 6016 6408 6405
4 6016 6017 6409 6408
4 6405 6408 6410 6407
4 6408 6409 6411 6410
4 6395 6406 6412 6401
4 6406 6407 6413 6412
4 6401 6412 6414 6403
4 6412 6413 6415 6414
4 6407 6410 6416 6413
4 6410 6411 6417 6416
4 6413 6416 6418 6415
4 6416 6417 6419 6418
4 2513 6398 6420 2535
4 6398 6399 6421 6420
4 2535 6420 6422 2537
4 6420 6421 6423 6422
4 6399 6402 6424 6421
4 6402 6403 6425 6424
4 6421 6424 6426 6423
4 6424 6425 6427 6426
4 2537 6422 6428 2543
4 6422 6423 6429 6428
4 2543 6428 6430 2545
4 6428 6429 6431 6430
4 6423 6426 6432 6429
4 6426 6427 6433 6432
4 6429 6432 6434 6431
4 6432 6433 6435 6434
4 6403 6414 6436 6425
4 6414 6415 6437 6436
4 6425 6436 6438 6427
4 6436 6437 6439 6438
4 6415 6418 6440 6437
4 6418 6419 6441 6440
4 6437 6440 6442 6439
4 6440 6441 6443 6442
4 6427 6438 6444 6433
4 6438 6439 6445 6444
4 6433 6444 6446 6435
4 6444 6445 6447 6446
4 6439 6442 6448 6445
4 6442 6443 6449 6448
4 6445 6448 6450 6447
4 6448 6449 6451 6450
4 6017 6060 6452 6409
4 6060 6061 6453 6452
4 6409 6452 6454 6411
4 6452 6453 6455 6454
4 6061 6064 6456 6453
4 6064 6065 6457 6456
4 6453 6456 6458 6455
4 6456 6457 6459 6458
4 6411 6454 6460 6417
4 6454 6455 6461 6460
4 6417 6460 6462 6419
4 6460 6461 6463 6462
4 6455 6458 6464 6461
4 6458 6459 6465 6464
4 6461 6464 6466 6463
4 6464 6465 6467 6466
4 6065 6076 6468 6457
4 6076 6077 6469 6468
4 6457 6468 6470 6459
4 6468 6469 6471 6470
4 6077 6080 6472 6469
4 6080 6081 6473 6472
4 6469 6472 6474 6471
4 6472 6473 6475 6474
4 6459 6470 6476 6465
4 6470 6471 6477 6476
4 6465 6476 6478 6467
4 6476 6477 6479 6478
4 6471 6474 6480 6477
4 6474 6475 6481 6480
4 6477 6480 6482 6479
4 6480 6481 6483 6482
4 6419 6462 6484 6441
4 6462 6463 6485 6484
4 6441 6484 6486 6443
4 6484 6485 6487 6486
4 6463 6466 6488 6485
4 6466 6467 6489 6488
4 6485 6488 6490 6487
4 6488 6489 6491 6490
4 6443 6486 6492 6449
4 6486 6487 6493 6492
4 6449 6492 6494 6451
4 6492 6493 6495 6494
4 6487 6490 6496 6493
4 6490 6491 6497 6496
4 6493 6496 6498 6495
4 6496 6497 6499 6498
4 6467 6478 6500 6489
4 6478 6479 6501 6500
4 6489 6500 6502 6491
4 6500 6501 6503 6502
4 6479 6482 6504 6501
4 6482 6483 6505 6504
4 6501 6504 6506 6503
4 6504 6505 6507 6506
4 6491 6502 6508 6497
4 6502 6503 6509 6508
4 6497 6508 6510 6499
4 6508 6509 6511 6510
4 6503 6506 6512 6509
4 6506 6507 6513 6512
4 6509 6512 6514 6511
4 6512 6513 6515 6514
4 2545 6430 6516 2631
4 6430 6431 6517 6516
4 2631 6516 6518 2633
4 6516 6517 6519 6518
4 6431 6434 6520 6517
4 6434 6435 6521 6520
4 6517 6520 6522 6519
4 6520 6521 6523 6522
4 2633 6518 6524 2639
4 6518 6519 6525 6524
4 2639 6524 6526 2641
4 6524 6525 6527 6526
4 6519 6522 6528 6525
4 6522 6523 6529 6528
4 6525 6528 6530 6527
4 6528 6529 6531 6530
4 6435 6446 6532 6521
4 6446 6447 6533 6532
4 6521 6532 6534 6523
4 6532 6533 6535 6534
4 6447 6450 6536 6533
4 6450 6451 6537 6536
4 6533 6536 6538 6535
4 6536 6537 6539 6538
4 6523 6534 6540 6529
4 6534 6535 6541 6540
4 6529 6540 6542 6531
4 6540 6541 6543 6542
4 6535 6538 6544 6541
4 6538 6539 6545 6544
4 6541 6544 6546 6543
4 6544 6545 6547 6546
4 2641 6526 6548 2663
4 6526 6527 6549 6548
4 2663 6548 6550 2665
4 6548 6549 6551 6550
4 6527 6530 6552 6549
4 6530 6531 6553 6552
4 6549 6552 6554 6551
4 6552 6553 6555 6554
4 2665 6550 6556 2671
4 6550 6551 6557 6556
4 2671 6556 6558 2673
4 6556 6557 6559 6558
4 6551 6554 6560 6557
4 6554 6555 6561 6560
4 6557 6560 6562 6559
4 6560 6561 6563 6562
4 6531 6542 6564 6553
4 6542 6543 6565 6564
4 6553 6564 6566 6555
4 6564 6565 6567 6566
4 6543 6546 6568 6565
4 6546 6547 6569 6568
4 6565 6568 6570 6567
4 6568 6569 6571 6570
4 6555 6566 6572 6561
4 6566 6567 6573 6572
4 6561 6572 6574 6563
4 6572 6573 6575 6574
4 6567 6570 6576 6573
4 6570 6571 6577 6576
4 6573 6576 6578 6575
4 6576 6577 6579 6578
4 6451 6494 6580 6537
4 6494 6495 6581 6580
4 6537 6580 6582 6539
4 6580 6581 6583 6582
4 6495 6498 6584 6581
4 6498 6499 6585 6584
4 6581 6584 6586 6583
4 6584 6585 6587 6586
4 6539 6582 6588 6545
4 6582 6583 6589 6588
4 6545 6588 6590 6547
4 6588 6589 6591 6590
4 6583 6586 6592 6589
4 6586 6587 6593 6592
4 6589 6592 6594 6591
4 6592 6593 6595 6594
4 6499 6510 6596 6585
4 6510 6511 6597 6596
4 6585 6596 6598 6587
4 6596 6597 6599 6598
4 6511 6514 6600 6597
4 6514 6515 6601 6600
4 6597 6600 6602 6599
4 6600 6601 6603 6602
4 6587 6598 6604 6593
4 6598 6599 6605 6604
4 6593 6604 6606 6595
4 6604 6605 6607 6606
4 6599 6602 6608 6605
4 6602 6603 6609 6608
4 6605 6608 6610 6607
4 6608 6609 6611 6610
4 6547 6590 6612 6569
4 6590 6591 6613 6612
4 6569 6612 6614 6571
4 6612 6613 6615 6614
4 6591 6594 6616 6613
4 6594 6595 6617 6616
4 6613 6616 6618 6615
4 6616 6617 6619 6618
4 6571 6614 6620 6577
4 6614 6615 6621 6620
4 6577 6620 6622 6579
4 6620 6621 6623 6622
4 6615 6618 6624 6621
4 6618 6619 6625 6624
4 6621 6624 6626 6623
4 6624 6625 6627 6626
4 6595 6606 6628 6617
4 6606 6607 6629 6628
4 6617 6628 6630 6619
4 6628 6629 6631 6630
4 6607 6610 6632 6629
4 6610 6611 6633 6632
4 6629 6632 6634 6631
4 6632 6633 6635 6634
4 6619 6630 6636 6625
4 6630 6631 6637 6636
4 6625 6636 6638 6627
4 6636 6637 6639 6638
4 6631 6634 6640 6637
4 6634 6635 6641 6640
4 6637 6640 6642 6639
4 6640 6641 6643 6642
4 6081 6252 6644 6473
4 6252 6253 6645 6644
4 6473 6644 6646 6475
4 6644 6645 6647 6646
4 6253 6256 6648 6645
4 6256 6257 6649 6648
4 6645 6648 6650 6647
4 6648 6649 6651 6650
4 6475 6646 6652 6481
4 6646 6647 6653 6652
4 6481 6652 6654 6483
4 6652 6653 6655 6654
4 6647 6650 6656 6653
4 6650 6651 6657 6656
4 6653 6656 6658 6655
4 6656 6657 6659 6658
4 6257 6268 6660 6649
4 6268 6269 6661 6660
4 6649 6660 6662 6651
4 6660 6661 6663 6662
4 6269 6272 6664 6661
4 6272 6273 6665 6664
4 6661 6664 6666 6663
4 6664 6665 6667 6666
4 6651 6662 6668 6657
4 6662 6663 6669 6668
4 6657 6668 6670 6659
4 6668 6669 6671 6670
4 6663 6666 6672 6669
4 6666 6667 6673 6672
4 6669 6672 6674 6671
4 6672 6673 6675 6674
4 6483 6654 6676 6505
4 6654 6655 6677 6676
4 6505 6676 6678 6507
4 6676 6677 6679 6678
4 6655 6658 6680 6677
4 6658 6659 6681 6680
4 6677 6680 6682 6679
4 6680 6681 6683 6682
4 6507 6678 6684 6513
4 6678 6679 6685 6684
4 6513 6684 6686 6515
4 6684 6685 6687 6686
4 6679 6682 6688 6685
4 6682 6683 6689 6688
4 6685 6688 6690 6687
4 6688 6689 6691 6690
4 6659 6670 6692 6681
4 6670 6671 6693 6692
4 6681 6692 6694 6683
4 6692 6693 6695 6694
4 6671 6674 6696 6693
4 6674 6675 6697 6696
4 6693 6696 6698 6695
4 6696 6697 6699 6698
4 6683 6694 6700 6689
4 6694 6695 6701 6700
4 6689 6700 6702 6691
4 6700 6701 6703 6702
4 6695 6698 6704 6701
4 6698 6699 6705 6704
4 6701 6704 6706 6703
4 6704 6705 6707 6706
4 6273 6316 6708 6665
4 6316 6317 6709 6708
4 6665 6708 6710 6667
4 6708 6709 6711 6710
4 6317 6320 6712 6709
4 6320 6321 6713 6712
4 6709 6712 6714 6711
4 6712 6713 6715 6714
4 6667 6710 6716 6673
4 6710 6711 6717 6716
4 6673 6716 6718 6675
4 6716 6717 6719 6718
4 6711 6714 6720 6717
4 6714 6715 6721 6720
4 6717 6720 6722 6719
4 6720 6721 6723 6722
4 6321 6332 6724 6713
4 6332 6333 6725 6724
4 6713 6724 6726 6715
4 6724 6725 6727 6726
5 6333 6338 6728 6729 6725
5 6338 6343 6730 6731 6728
5 6343 6348 6732 6733 6730
5 6348 6353 6734 6735 6732
5 6353 6358 6736 6737 6734
5 6358 6363 6738 6739 6736
5 6363 6368 6740 6741 6738
5 6368 6373 6742 6743 6740
5 6373 6378 6744 6745 6742
5 6378 6383 6746 6747 6744
4 6383 6386 6748 6746
4 6386 6387 6749 6748
4 6746 6748 6750 6747
4 6748 6749 6751 6750
4 6744 6747 6752 6745
5 6747 6750 6751 6753 6752
4 6742 6745 6754 6743
5 6745 6752 6753 6755 6754
4 6740 6743 6756 6741
5 6743 6754 6755 6757 6756
4 6738 6741 6758 6739
5 6741 6756 6757 6759 6758
4 6736 6739 6760 6737
5 6739 6758 6759 6761 6760
4 6734 6737 6762 6735
5 6737 6760 6761 6763 6762
4 6732 6735 6764 6733
5 6735 6762 6763 6765 6764
4 6730 6733 6766 6731
5 6733 6764 6765 6767 6766
4 6728 6731 6768 6729
5 6731 6766 6767 6769 6768
4 6725 6729 6770 6727
5 6729 6768 6769 6771 6770
4 6715 6726 6772 6721
4 6726 6727 6773 6772
4 6721 6772 6774 6723
4 6772 6773 6775 6774
4 6727 6770 6776 6773
4 6770 6771 6777 6776
4 6773 6776 6778 6775
4 6776 6777 6779 6778
4 6675 6718 6780 6697
4 6718 6719 6781 6780
4 6697 6780 6782 6699
4 6780 6781 6783 6782
4 6719 6722 6784 6781
4 6722 6723 6785 6784
4 6781 6784 6786 6783
4 6784 6785 6787 6786
4 6699 6782 6788 6705
4 6782 6783 6789 6788
4 6705 6788 6790 6707
4 6788 6789 6791 6790
4 6783 6786 6792 6789
4 6786 6787 6793 6792
4 6789 6792 6794 6791
4 6792 6793 6795 6794
4 6723 6774 6796 6785
4 6774 6775 6797 6796
4 6785 6796 6798 6787
4 6796 6797 6799 6798
4 6775 6778 6800 6797
4 6778 6779 6801 6800
4 6797 6800 6802 6799
4 6800 6801 6803 6802
4 6787 6798 6804 6793
4 6798 6799 6805 6804
4 6793 6804 6806 6795
4 6804 6805 6807 6806
4 6799 6802 6808 6805
4 6802 6803 6809 6808
4 6805 6808 6810 6807
4 6808 6809 6811 6810
4 6515 6686 6812 6601
4 6686 6687 6813 6812
4 6601 6812 6814 6603
4 6812 6813 6815 6814
4 6687 6690 6816 6813
4 6690 6691 6817 6816
4 6813 6816 6818 6815
4 6816 6817 6819 6818
4 6603 6814 6820 6609
4 6814 6815 6821 6820
4 6609 6820 6822 6611
4 6820 6821 6823 6822
4 6815 6818 6824 6821
4 6818 6819 6825 6824
4 6821 6824 6826 6823
4 6824 6825 6827 6826
4 6691 6702 6828 6817
4 6702 6703 6829 6828
4 6817 6828 6830 6819
4 6828 6829 6831 6830
4 6703 6706 6832 6829
4 6706 6707 6833 6832
4 6829 6832 6834 6831
4 6832 6833 6835 6834
4 6819 6830 6836 6825
4 6830 6831 6837 6836
4 6825 6836 6838 6827
4 6836 6837 6839 6838
4 6831 6834 6840 6837
4 6834 6835 6841 6840
4 6837 6840 6842 6839
4 6840 6841 6843 6842
4 6611 6822 6844 6633
4 6822 6823 6845 6844
4 6633 6844 6846 6635
4 6844 6845 6847 6846
4 6823 6826 6848 6845
4 6826 6827 6849 6848
4 6845 6848 6850 6847
4 6848 6849 6851 6850
4 6635 6846 6852 6641
4 6846 6847 6853 6852
4 6641 6852 6854 6643
4 6852 6853 6855 6854
4 6847 6850 6856 6853
4 6850 6851 6857 6856
4 6853 6856 6858 6855
4 6856 6857 6859 6858
4 6827 6838 6860 6849
4 6838 6839 6861 6860
4 6849 6860 6862 6851
4 6860 6861 6863 6862
4 6839 6842 6864 6861
4 6842 6843 6865 6864
4 6861 6864 6866 6863
4 6864 6865 6867 6866
4 6851 6862 6868 6857
4 6862 6863 6869 6868
4 6857 6868 6870 6859
4 6868 6869 6871 6870
4 6863 6866 6872 6869
4 6866 6867 6873 6872
4 6869 6872 6874 6871
4 6872 6873 6875 6874
4 6707 6790 6876 6833
4 6790 6791 6877 6876
4 6833 6876 6878 6835
4 6876 6877 6879 6878
4 6791 6794 6880 6877
4 6794 6795 6881 6880
4 6877 6880 6882 6879
4 6880 6881 6883 6882
4 6835 6878 6884 6841
4 6878 6879 6885 6884
4 6841 6884 6886 6843
4 6884 6885 6887 6886
4 6879 6882 6888 6885
4 6882 6883 6889 6888
4 6885 6888 6890 6887
4 6888 6889 6891 6890
4 6795 6806 6892 6881
4 6806 6807 6893 6892
4 6881 6892 6894 6883
4 6892 6893 6895 6894
4 6807 6810 6896 6893
4 6810 6811 6897 6896
4 6893 6896 6898 6895
4 6896 6897 6899 6898
4 6883 6894 6900 6889
4 6894 6895 6901 6900
4 6889 6900 6902 6891
4 6900 6901 6903 6902
4 6895 6898 6904 6901
4 6898 6899 6905 6904
4 6901 6904 6906 6903
4 6904 6905 6907 6906
4 6843 6886 6908 6865
4 6886 6887 6909 6908
4 6865 6908 6910 6867
4 6908 6909 6911 6910
4 6887 6890 6912 6909
4 6890 6891 6913 6912
4 6909 6912 6914 6911
4 6912 6913 6915 6914
4 6867 6910 6916 6873
4 6910 6911 6917 6916
4 6873 6916 6918 6875
4 6916 6917 6919 6918
4 6911 6914 6920 6917
4 6914 6915 6921 6920
4 6917 6920 6922 6919
4 6920 6921 6923 6922
4 6891 6902 6924 6913
4 6902 6903 6925 6924
4 6913 6924 6926 6915
4 6924 6925 6927 6926
4 6903 6906 6928 6925
4 6906 6907 6929 6928
4 6925 6928 6930 6927
4 6928 6929 6931 6930
4 6915 6926 6932 6921
4 6926 6927 6933 6932
4 6921 6932 6934 6923
4 6932 6933 6935 6934
4 6927 6930 6936 6933
4 6930 6931 6937 6936
4 6933 6936 6938 6935
4 6936 6937 6939 6938
4 2673 6558 6940 3031
4 6558 6559 6941 6940
4 3031 6940 6942 3033
4 6940 6941 6943 6942
4 6559 6562 6944 6941
4 6562 6563 6945 6944
4 6941 6944 6946 6943
4 6944 6945 6947 6946
4 3033 6942 6948 3039
4 6942 6943 6949 6948
4 3039 6948 6950 3041
4 6948 6949 6951 6950
4 6943 6946 6952 6949
4 6946 6947 6953 6952
4 6949 6952 6954 6951
4 6952 6953 6955 6954
4 6563 6574 6956 6945
4 6574 6575 6957 6956
4 6945 6956 6958 6947
4 6956 6957 6959 6958
4 6575 6578 6960 6957
4 6578 6579 6961 6960
4 6957 6960 6962 6959
4 6960 6961 6963 6962
4 6947 6958 6964 6953
4 6958 6959 6965 6964
4 6953 6964 6966 6955
4 6964 6965 6967 6966
4 6959 6962 6968 6965
4 6962 6963 6969 6968
4 6965 6968 6970 6967
4 6968 6969 6971 6970
4 3041 6950 6972 3063
4 6950 6951 6973 6972
4 3063 6972 6974 3065
4 6972 6973 6975 6974
4 6951 6954 6976 6973
4 6954 6955 6977 6976
4 6973 6976 6978 6975
4 6976 6977 6979 6978
4 3065 6974 6980 3071
4 6974 6975 6981 6980
4 3071 6980 6982 3073
4 6980 6981 6983 6982
4 6975 6978 6984 6981
4 6978 6979 6985 6984
4 6981 6984 6986 6983
4 6984 6985 6987 6986
4 6955 6966 6988 6977
4 6966 6967 6989 6988
4 6977 6988 6990 6979
4 6988 6989 6991 6990
4 6967 6970 6992 6989
4 6970 6971 6993 6992
4 6989 6992 6994 6991
4 6992 6993 6995 6994
4 6979 6990 6996 6985
4 6990 6991 6997 6996
4 6985 6996 6998 6987
4 6996 6997 6999 6998
4 6991 6994 7000 6997
4 6994 6995 7001 7000
4 6997 7000 7002 6999
4 7000 7001 7003 7002
4 6579 6622 7004 6961
4 6622 6623 7005 7004
4 6961 7004 7006 6963
4 7004 7005 7007 7006
4 6623 6626 7008 7005
4 6626 6627 7009 7008
4 7005 7008 7010 7007
4 7008 7009 7011 7010
4 6963 7006 7012 6969
4 7006 7007 7013 7012
4 6969 7012 7014 6971
4 7012 7013 7015 7014
4 7007 7010 7016 7013
4 7010 7011 7017 7016
4 7013 7016 7018 7015
4 7016 7017 7019 7018
4 6627 6638 7020 7009
4 6638 6639 7021 7020
4 7009 7020 7022 7011
4 7020 7021 7023 7022
4 6639 6642 7024 7021
4 6642 6643 7025 7024
4 7021 7024 7026 7023
4 7024 7025 7027 7026
4 7011 7022 7028 7017
4 7022 7023 7029 7028
4 7017 7028 7030 7019
4 7028 7029 7031 7030
4 7023 7026 7032 7029
4 7026 7027 7033 7032
4 7029 7032 7034 7031
4 7032 7033 7035 7034
4 6971 7014 7036 6993
4 7014 7015 7037 7036
4 6993 7036 7038 6995
4 7036 7037 7039 7038
4 7015 7018 7040 7037
4 7018 7019 7041 7040
4 7037 7040 7042 7039
4 7040 7041 7043 7042
4 6995 7038 7044 7001
4 7038 7039 7045 7044
4 7001 7044 7046 7003
4 7044 7045 7047 7046
4 7039 7042 7048 7045
4 7042 7043 7049 7048
4 7045 7048 7050 7047
4 7048 7049 7051 7050
4 7019 7030 7052 7041
4 7030 7031 7053 7052
4 7041 7052 7054 7043
4 7052 7053 7055 7054
4 7031 7034 7056 7053
4 7034 7035 7057 7056
4 7053 7056 7058 7055
4 7056 7057 7059 7058
4 7043 7054 7060 7049
4 7054 7055 7061 7060
4 7049 7060 7062 7051
4 7060 7061 7063 7062
4 7055 7058 7064 7061
4 7058 7059 7065 7064
4 7061 7064 7066 7063
4 7064 7065 7067 7066
4 3073 6982 7068 3159
4 6982 6983 7069 7068
4 3159 7068 7070 3161
4 7068 7069 7071 7070
4 6983 6986 7072 7069
4 6986 6987 7073 7072
4 7069 7072 7074 7071
4 7072 7073 7075 7074
4 3161 7070 7076 3167
4 7070 7071 7077 7076
4 3167 7076 7078 3169
4 7076 7077 7079 7078
4 7071 7074 7080 7077
4 7074 7075 7081 7080
4 7077 7080 7082 7079
4 7080 7081 7083 7082
4 6987 6998 7084 7073
4 6998 6999 7085 7084
4 7073 7084 7086 7075
4 7084 7085 7087 7086
4 6999 7002 7088 7085
4 7002 7003 7089 7088
4 7085 7088 7090 7087
4 7088 7089 7091 7090
4 7075 7086 7092 7081
4 7086 7087 7093 7092
4 7081 7092 7094 7083
4 7092 7093 7095 7094
4 7087 7090 7096 7093
4 7090 7091 7097 7096
4 7093 7096 7098 7095
4 7096 7097 7099 7098
4 3169 7078 7100 3191
4 7078 7079 7101 7100
4 3191 7100 7102 3193
4 7100 7101 7103 7102
4 7079 7082 7104 7101
4 7082 7083 7105 7104
4 7101 7104 7106 7103
4 7104 7105 7107 7106
4 3193 7102 7108 3199
4 7102 7103 7109 7108
4 3199 7108 7110 3201
4 7108 7109 7111 7110
4 7103 7106 7112 7109
4 7106 7107 7113 7112
4 7109 7112 7114 7111
4 7112 7113 7115 7114
4 7083 7094 7116 7105
4 7094 7095 7117 7116
4 7105 7116 7118 7107
4 7116 7117 7119 7118
4 7095 7098 7120 7117
4 7098 7099 7121 7120
4 7117 7120 7122 7119
4 7120 7121 7123 7122
4 7107 7118 7124 7113
4 7118 7119 7125 7124
4 7113 7124 7126 7115
4 7124 7125 7127 7126
4 7119 7122 7128 7125
4 7122 7123 7129 7128
4 7125 7128 7130 7127
4 7128 7129 7131 7130
4 7003 7046 7132 7089
4 7046 7047 7133 7132
4 7089 7132 7134 7091
4 7132 7133 7135 7134
4 7047 7050 7136 7133
4 7050 7051 7137 7136
4 7133 7136 7138 7135
4 7136 7137 7139 7138
4 7091 7134 7140 7097
4 7134 7135 7141 7140
4 7097 7140 7142 7099
4 7140 7141 7143 7142
4 7135 7138 7144 7141
4 7138 7139 7145 7144
4 7141 7144 7146 7143
4 7144 7145 7147 7146
4 7051 7062 7148 7137
4 7062 7063 7149 7148
4 7137 7148 7150 7139
4 7148 7149 7151 7150
4 7063 7066 7152 7149
4 7066 7067 7153 7152
4 7149 7152 7154 7151
4 7152 7153 7155 7154
4 7139 7150 7156 7145
4 7150 7151 7157 7156
4 7145 7156 7158 7147
4 7156 7157 7159 7158
4 7151 7154 7160 7157
4 7154 7155 7161 7160
4 7157 7160 7162 7159
4 7160 7161 7163 7162
4 7099 7142 7164 7121
4 7142 7143 7165 7164
4 7121 7164 7166 7123
4 7164 7165 7167 7166
4 7143 7146 7168 7165
4 7146 7147 7169 7168
4 7165 7168 7170 7167
4 7168 7169 7171 7170
4 7123 7166 7172 7129
4 7166 7167 7173 7172
4 7129 7172 7174 7131
4 7172 7173 7175 7174
4 7167 7170 7176 7173
4 7170 7171 7177 7176
4 7173 7176 7178 7175
4 7176 7177 7179 7178
4 7147 7158 7180 7169
4 7158 7159 7181 7180
4 7169 7180 7182 7171
4 7180 7181 7183 7182
4 7159 7162 7184 7181
4 7162 7163 7185 7184
4 7181 7184 7186 7183
4 7184 7185 7187 7186
4 7171 7182 7188 7177
4 7182 7183 7189 7188
4 7177 7188 7190 7179
4 7188 7189 7191 7190
4 7183 7186 7192 7189
4 7186 7187 7193 7192
4 7189 7192 7194 7191
4 7192 7193 7195 7194
4 6643 6854 7196 7025
4 6854 6855 7197 7196
4 7025 7196 7198 7027
4 7196 7197 7199 7198
4 6855 6858 7200 7197
4 6858 6859 7201 7200
4 7197 7200 7202 7199
4 7200 7201 7203 7202
4 7027 7198 7204 7033
4 7198 7199 7205 7204
4 7033 7204 7206 7035
4 7204 7205 7207 7206
4 7199 7202 7208 7205
4 7202 7203 7209 7208
4 7205 7208 7210 7207
4 7208 7209 7211 7210
4 6859 6870 7212 7201
4 6870 6871 7213 7212
4 7201 7212 7214 7203
4 7212 7213 7215 7214
4 6871 6874 7216 7213
4 6874 6875 7217 7216
4 7213 7216 7218 7215
4 7216 7217 7219 7218
4 7203 7214 7220 7209
4 7214 7215 7221 7220
4 7209 7220 7222 7211
4 7220 7221 7223 7222
4 7215 7218 7224 7221
4 7218 7219 7225 7224
4 7221 7224 7226 7223
4 7224 7225 7227 7226
4 7035 7206 7228 7057
4 7206 7207 7229 7228
4 7057 7228 7230 7059
4 7228 7229 7231 7230
4 7207 7210 7232 7229
4 7210 7211 7233 7232
4 7229 7232 7234 7231
4 7232 7233 7235 7234
4 7059 7230 7236 7065
4 7230 7231 7237 7236
4 7065 7236 7238 7067
4 7236 7237 7239 7238
4 7231 7234 7240 7237
4 7234 7235 7241 7240
4 7237 7240 7242 7239
4 7240 7241 7243 7242
4 7211 7222 7244 7233
4 7222 7223 7245 7244
4 7233 7244 7246 7235
4 7244 7245 7247 7246
4 7223 7226 7248 7245
4 7226 7227 7249 7248
4 7245 7248 7250 7247
4 7248 7249 7251 7250
4 7235 7246 7252 7241
4 7246 7247 7253 7252
4 7241 7252 7254 7243
4 7252 7253 7255 7254
4 7247 7250 7256 7253
4 7250 7251 7257 7256
4 7253 7256 7258 7255
4 7256 7257 7259 7258
4 6875 6918 7260 7217
4 6918 6919 7261 7260
4 7217 7260 7262 7219
4 7260 7261 7263 7262
4 6919 6922 7264 7261
4 6922 6923 7265 7264
4 7261 7264 7266 7263
4 7264 7265 7267 7266
4 7219 7262 7268 7225
4 7262 7263 7269 7268
4 7225 7268 7270 7227
4 7268 7269 7271 7270
4 7263 7266 7272 7269
4 7266 7267 7273 7272
4 7269 7272 7274 7271
4 7272 7273 7275 7274
4 6923 6934 7276 7265
4 6934 6935 7277 7276
4 7265 7276 7278 7267
4 7276 7277 7279 7278
4 6935 6938 7280 7277
4 6938 6939 7281 7280
4 7277 7280 7282 7279
4 7280 7281 7283 7282
4 7267 7278 7284 7273
4 7278 7279 7285 7284
4 7273 7284 7286 7275
4 7284 7285 7287 7286
4 7279 7282 7288 7285
4 7282 7283 7289 7288
4 7285 7288 7290 7287
4 7288 7289 7291 7290
4 7227 7270 7292 7249
4 7270 7271 7293 7292
4 7249 7292 7294 7251
4 7292 7293 7295 7294
4 7271 7274 7296 7293
4 7274 7275 7297 7296
4 7293 7296 7298 7295
4 7296 7297 7299 7298
4 7251 7294 7300 7257
4 7294 7295 7301 7300
4 7257 7300 7302 7259
4 7300 7301 7303 7302
4 7295 7298 7304 7301
4 7298 7299 7305 7304
4 7301 7304 7306 7303
4 7304 7305 7307 7306
4 7275 7286 7308 7297
4 7286 7287 7309 7308
4 7297 7308 7310 7299
4 7308 7309 7311 7310
4 7287 7290 7312 7309
4 7290 7291 7313 7312
4 7309 7312 7314 7311
4 7312 7313 7315 7314
4 7299 7310 7316 7305
4 7310 7311 7317 7316
4 7305 7316 7318 7307
4 7316 7317 7319 7318
4 7311 7314 7320 7317
4 7314 7315 7321 7320
4 7317 7320 7322 7319
4 7320 7321 7323 7322
4 7067 7238 7324 7153
4 7238 7239 7325 7324
4 7153 7324 7326 7155
4 7324 7325 7327 7326
4 7239 7242 7328 7325
4 7242 7243 7329 7328
4 7325 7328 7330 7327
4 7328 7329 7331 7330
4 7155 7326 7332 7161
4 7326 7327 7333 7332
4 7161 7332 7334 7163
4 7332 7333 7335 7334
4 7327 7330 7336 7333
4 7330 7331 7337 7336
4 7333 7336 7338 7335
4 7336 7337 7339 7338
4 7243 7254 7340 7329
4 7254 7255 7341 7340
4 7329 7340 7342 7331
4 7340 7341 7343 7342
4 7255 7258 7344 7341
4 7258 7259 7345 7344
4 7341 7344 7346 7343
4 7344 7345 7347 7346
4 7331 7342 7348 7337
4 7342 7343 7349 7348
4 7337 7348 7350 7339
4 7348 7349 7351 7350
4 7343 7346 7352 7349
4 7346 7347 7353 7352
4 7349 7352 7354 7351
4 7352 7353 7355 7354
4 7163 7334 7356 7185
4 7334 7335 7357 7356
4 7185 7356 7358 7187
4 7356 7357 7359 7358
4 7335 7338 7360 7357
4 7338 7339 7361 7360
4 7357 7360 7362 7359
4 7360 7361 7363 7362
4 7187 7358 7364 7193
4 7358 7359 7365 7364
4 7193 7364 7366 7195
4 7364 7365 7367 7366
4 7359 7362 7368 7365
4 7362 7363 7369 7368
4 7365 7368 7370 7367
4 7368 7369 7371 7370
4 7339 7350 7372 7361
4 7350 7351 7373 7372
4 7361 7372 7374 7363
4 7372 7373 7375 7374
4 7351 7354 7376 7373
4 7354 7355 7377 7376
4 7373 7376 7378 7375
4 7376 7377 7379 7378
4 7363 7374 7380 7369
4 7374 7375 7381 7380
4 7369 7380 7382 7371
4 7380 7381 7383 7382
4 7375 7378 7384 7381
4 7378 7379 7385 7384
4 7381 7384 7386 7383
4 7384 7385 7387 7386
4 7259 7302 7388 7345
4 7302 7303 7389 7388
4 7345 7388 7390 7347
4 7388 7389 7391 7390
4 7303 7306 7392 7389
4 7306 7307 7393 7392
4 7389 7392 7394 7391
4 7392 7393 7395 7394
4 7347 7390 7396 7353
4 7390 7391 7397 7396
4 7353 7396 7398 7355
4 7396 7397 7399 7398
4 7391 7394 7400 7397
4 7394 7395 7401 7400
4 7397 7400 7402 7399
4 7400 7401 7403 7402
4 7307 7318 7404 7393
4 7318 7319 7405 7404
4 7393 7404 7406 7395
4 7404 7405 7407 7406
4 7319 7322 7408 7405
4 7322 7323 7409 7408
4 7405 7408 7410 7407
4 7408 7409 7411 7410
4 7395 7406 7412 7401
4 7406 7407 7413 7412
4 7401 7412 7414 7403
4 7412 7413 7415 7414
4 7407 7410 7416 7413
4 7410 7411 7417 7416
4 7413 7416 7418 7415
4 7416 7417 7419 7418
4 7355 7398 7420 7377
4 7398 7399 7421 7420
4 7377 7420 7422 7379
4 7420 7421 7423 7422
4 7399 7402 7424 7421
4 7402 7403 7425 7424
4 7421 7424 7426 7423
4 7424 7425 7427 7426
4 7379 7422 7428 7385
4 7422 7423 7429 7428
4 7385 7428 7430 7387
4 7428 7429 7431 7430
4 7423 7426 7432 7429
4 7426 7427 7433 7432
4 7429 7432 7434 7431
4 7432 7433 7435 7434
4 7403 7414 7436 7425
4 7414 7415 7437 7436
4 7425 7436 7438 7427
4 7436 7437 7439 7438
4 7415 7418 7440 7437
4 7418 7419 7441 7440
4 7437 7440 7442 7439
4 7440 7441 7443 7442
4 7427 7438 7444 7433
4 7438 7439 7445 7444
4 7433 7444 7446 7435
4 7444 7445 7447 7446
4 7439 7442 7448 7445
4 7442 7443 7449 7448
4 7445 7448 7450 7447
4 7448 7449 7451 7450
4 3201 7110 7452 3559
4 7110 7111 7453 7452
4 3559 7452 7454 3561
4 7452 7453 7455 7454
4 7111 7114 7456 7453
4 7114 7115 7457 7456
4 7453 7456 7458 7455
4 7456 7457 7459 7458
4 3561 7454 7460 3567
4 7454 7455 7461 7460
4 3567 7460 7462 3569
4 7460 7461 7463 7462
4 7455 7458 7464 7461
4 7458 7459 7465 7464
4 7461 7464 7466 7463
4 7464 7465 7467 7466
4 7115 7126 7468 7457
4 7126 7127 7469 7468
4 7457 7468 7470 7459
4 7468 7469 7471 7470
4 7127 7130 7472 7469
4 7130 7131 7473 7472
4 7469 7472 7474 7471
4 7472 7473 7475 7474
4 7459 7470 7476 7465
4 7470 7471 7477 7476
4 7465 7476 7478 7467
4 7476 7477 7479 7478
4 7471 7474 7480 7477
4 7474 7475 7481 7480
4 7477 7480 7482 7479
4 7480 7481 7483 7482
4 3569 7462 7484 3591
4 7462 7463 7485 7484
4 3591 7484 7486 3593
4 7484 7485 7487 7486
4 7463 7466 7488 7485
4 7466 7467 7489 7488
4 7485 7488 7490 7487
4 7488 7489 7491 7490
4 3593 7486 7492 3599
4 7486 7487 7493 7492
4 3599 7492 7494 3601
4 7492 7493 7495 7494
4 7487 7490 7496 7493
4 7490 7491 7497 7496
4 7493 7496 7498 7495
4 7496 7497 7499 7498
4 7467 7478 7500 7489
4 7478 7479 7501 7500
4 7489 7500 7502 7491
4 7500 7501 7503 7502
4 7479 7482 7504 7501
4 7482 7483 7505 7504
4 7501 7504 7506 7503
4 7504 7505 7507 7506
4 7491 7502 7508 7497
4 7502 7503 7509 7508
4 7497 7508 7510 7499
4 7508 7509 7511 7510
4 7503 7506 7512 7509
4 7506 7507 7513 7512
4 7509 7512 7514 7511
4 7512 7513 7515 7514
4 7131 7174 7516 7473
4 7174 7175 7517 7516
4 7473 7516 7518 7475
4 7516 7517 7519 7518
4 7175 7178 7520 7517
4 7178 7179 7521 7520
4 7517 7520 7522 7519
4 7520 7521 7523 7522
4 7475 7518 7524 7481
4 7518 7519 7525 7524
4 7481 7524 7526 7483
4 7524 7525 7527 7526
4 7519 7522 7528 7525
4 7522 7523 7529 7528
4 7525 7528 7530 7527
4 7528 7529 7531 7530
4 7179 7190 7532 7521
4 7190 7191 7533 7532
4 7521 7532 7534 7523
4 7532 7533 7535 7534
4 7191 7194 7536 7533
4 7194 7195 7537 7536
4 7533 7536 7538 7535
4 7536 7537 7539 7538
4 7523 7534 7540 7529
4 7534 7535 7541 7540
4 7529 7540 7542 7531
4 7540 7541 7543 7542
4 7535 7538 7544 7541
4 7538 7539 7545 7544
4 7541 7544 7546 7543
4 7544 7545 7547 7546
4 7483 7526 7548 7505
4 7526 7527 7549 7548
4 7505 7548 7550 7507
4 7548 7549 7551 7550
4 7527 7530 7552 7549
4 7530 7531 7553 7552
4 7549 7552 7554 7551
4 7552 7553 7555 7554
4 7507 7550 7556 7513
4 7550 7551 7557 7556
4 7513 7556 7558 7515
4 7556 7557 7559 7558
4 7551 7554 7560 7557
4 7554 7555 7561 7560
4 7557 7560 7562 7559
4 7560 7561 7563 7562
4 7531 7542 7564 7553
4 7542 7543 7565 7564
4 7553 7564 7566 7555
4 7564 7565 7567 7566
4 7543 7546 7568 7565
4 7546 7547 7569 7568
4 7565 7568 7570 7567
4 7568 7569 7571 7570
4 7555 7566 7572 7561
4 7566 7567 7573 7572
4 7561 7572 7574 7563
4 7572 7573 7575 7574
4 7567 7570 7576 7573
4 7570 7571 7577 7576
4 7573 7576 7578 7575
4 7576 7577 7579 7578
4 3601 7494 7580 3687
4 7494 7495 7581 7580
4 3687 7580 7582 3689
4 7580 7581 7583 7582
4 7495 7498 7584 7581
4 7498 7499 7585 7584
4 7581 7584 7586 7583
4 7584 7585 7587 7586
4 3689 7582 7588 3695
4 7582 7583 7589 7588
4 3695 7588 7590 3697
4 7588 7589 7591 7590
4 7583 7586 7592 7589
4 7586 7587 7593 7592
4 7589 7592 7594 7591
4 7592 7593 7595 7594
4 7499 7510 7596 7585
4 7510 7511 7597 7596
4 7585 7596 7598 7587
4 7596 7597 7599 7598
4 7511 7514 7600 7597
4 7514 7515 7601 7600
4 7597 7600 7602 7599
4 7600 7601 7603 7602
4 7587 7598 7604 7593
4 7598 7599 7605 7604
4 7593 7604 7606 7595
4 7604 7605 7607 7606
4 7599 7602 7608 7605
4 7602 7603 7609 7608
4 7605 7608 7610 7607
4 7608 7609 7611 7610
4 3697 7590 7612 3719
4 7590 7591 7613 7612
4 3719 7612 7614 3721
4 7612 7613 7615 7614
4 7591 7594 7616 7613
4 7594 7595 7617 7616
4 7613 7616 7618 7615
4 7616 7617 7619 7618
4 3721 7614 7620 3727
4 7614 7615 7621 7620
4 3727 7620 7622 3729
4 7620 7621 7623 7622
4 7615 7618 7624 7621
4 7618 7619 7625 7624
4 7621 7624 7626 7623
4 7624 7625 7627 7626
4 7595 7606 7628 7617
4 7606 7607 7629 7628
4 7617 7628 7630 7619
4 7628 7629 7631 7630
4 7607 7610 7632 7629
4 7610 7611 7633 7632
4 7629 7632 7634 7631
4 7632 7633 7635 7634
4 7619 7630 7636 7625
4 7630 7631 7637 7636
4 7625 7636 7638 7627
4 7636 7637 7639 7638
4 7631 7634 7640 7637
4 7634 7635 7641 7640
4 7637 7640 7642 7639
4 7640 7641 7643 7642
4 7515 7558 7644 7601
4 7558 7559 7645 7644
4 7601 7644 7646 7603
4 7644 7645 7647 7646
4 7559 7562 7648 7645
4 7562 7563 7649 7648
4 7645 7648 7650 7647
4 7648 7649 7651 7650
4 7603 7646 7652 7609
4 7646 7647 7653 7652
4 7609 7652 7654 7611
4 7652 7653 7655 7654
4 7647 7650 7656 7653
4 7650 7651 7657 7656
4 7653 7656 7658 7655
4 7656 7657 7659 7658
4 7563 7574 7660 7649
4 7574 7575 7661 7660
4 7649 7660 7662 7651
4 7660 7661 7663 7662
4 7575 7578 7664 7661
4 7578 7579 7665 7664
4 7661 7664 7666 7663
4 7664 7665 7667 7666
4 7651 7662 7668 7657
4 7662 7663 7669 7668
4 7657 7668 7670 7659
4 7668 7669 7671 7670
4 7663 7666 7672 7669
4 7666 7667 7673 7672
4 7669 7672 7674 7671
4 7672 7673 7675 7674
4 7611 7654 7676 7633
4 7654 7655 7677 7676
4 7633 7676 7678 7635
4 7676 7677 7679 7678
4 7655 7658 7680 7677
4 7658 7659 7681 7680
4 7677 7680 7682 7679
4 7680 7681 7683 7682
4 7635 7678 7684 7641
4 7678 7679 7685 7684
4 7641 7684 7686 7643
4 7684 7685 7687 7686
4 7679 7682 7688 7685
4 7682 7683 7689 7688
4 7685 7688 7690 7687
4 7688 7689 7691 7690
4 7659 7670 7692 7681
4 7670 7671 7693 7692
4 7681 7692 7694 7683
4 7692 7693 7695 7694
4 7671 7674 7696 7693
4 7674 7675 7697 7696
4 7693 7696 7698 7695
4 7696 7697 7699 7698
4 7683 7694 7700 7689
4 7694 7695 7701 7700
4 7689 7700 7702 7691
4 7700 7701 7703 7702
4 7695 7698 7704 7701
4 7698 7699 7705 7704
4 7701 7704 7706 7703
4 7704 7705 7707 7706
4 7195 7366 7708 7537
4 7366 7367 7709 7708
4 7537 7708 7710 7539
4 7708 7709 7711 7710
4 7367 7370 7712 7709
4 7370 7371 7713 7712
4 7709 7712 7714 7711
4 7712 7713 7715 7714
4 7539 7710 7716 7545
4 7710 7711 7717 7716
4 7545 7716 7718 7547
4 7716 7717 7719 7718
4 7711 7714 7720 7717
4 7714 7715 7721 7720
4 7717 7720 7722 7719
4 7720 7721 7723 7722
4 7371 7382 7724 7713
4 7382 7383 7725 7724
4 7713 7724 7726 7715
4 7724 7725 7727 7726
4 7383 7386 7728 7725
4 7386 7387 7729 7728
4 7725 7728 7730 7727
4 7728 7729 7731 7730
4 7715 7726 7732 7721
4 7726 7727 7733 7732
4 7721 7732 7734 7723
4 7732 7733 7735 7734
4 7727 7730 7736 7733
4 7730 7731 7737 7736
4 7733 7736 7738 7735
4 7736 7737 7739 7738
4 7547 7718 7740 7569
4 7718 7719 7741 7740
4 7569 7740 7742 7571
4 7740 7741 7743 7742
4 7719 7722 7744 7741
4 7722 7723 7745 7744
4 7741 7744 7746 7743
4 7744 7745 7747 7746
4 7571 7742 7748 7577
4 7742 7743 7749 7748
4 7577 7748 7750 7579
4 7748 7749 7751 7750
4 7743 7746 7752 7749
4 7746 7747 7753 7752
4 7749 7752 7754 7751
4 7752 7753 7755 7754
4 7723 7734 7756 7745
4 7734 7735 7757 7756
4 7745 7756 7758 7747
4 7756 7757 7759 7758
4 7735 7738 7760 7757
4 7738 7739 7761 7760
4 7757 7760 7762 7759
4 7760 7761 7763 7762
4 7747 7758 7764 7753
4 7758 7759 7765 7764
4 7753 7764 7766 7755
4 7764 7765 7767 7766
4 7759 7762 7768 7765
4 7762 7763 7769 7768
4 7765 7768 7770 7767
4 7768 7769 7771 7770
4 7387 7430 7772 7729
4 7430 7431 7773 7772
4 7729 7772 7774 7731
4 7772 7773 7775 7774
4 7431 7434 7776 7773
4 7434 7435 7777 7776
4 7773 7776 7778 7775
4 7776 7777 7779 7778
4 7731 7774 7780 7737
4 7774 7775 7781 7780
4 7737 7780 7782 7739
4 7780 7781 7783 7782
4 7775 7778 7784 7781
4 7778 7779 7785 7784
4 7781 7784 7786 7783
4 7784 7785 7787 7786
4 7435 7446 7788 7777
4 7446 7447 7789 7788
4 7777 7788 7790 7779
4 7788 7789 7791 7790
4 7447 7450 7792 7789
4 7450 7451 7793 7792
4 7789 7792 7794 7791
4 7792 7793 7795 7794
4 7779 7790 7796 7785
4 7790 7791 7797 7796
4 7785 7796 7798 7787
4 7796 7797 7799 7798
4 7791 7794 7800 7797
4 7794 7795 7801 7800
4 7797 7800 7802 7799
4 7800 7801 7803 7802
4 7739 7782 7804 7761
4 7782 7783 7805 7804
4 7761 7804 7806 7763
4 7804 7805 7807 7806
4 7783 7786 7808 7805
4 7786 7787 7809 7808
4 7805 7808 7810 7807
4 7808 7809 7811 7810
4 7763 7806 7812 7769
4 7806 7807 7813 7812
4 7769 7812 7814 7771
4 7812 7813 7815 7814
4 7807 7810 7816 7813
4 7810 7811 7817 7816
4 7813 7816 7818 7815
4 7816 7817 7819 7818
4 7787 7798 7820 7809
4 7798 7799 7821 7820
4 7809 7820 7822 7811
4 7820 7821 7823 7822
4 7799 7802 7824 7821
4 7802 7803 7825 7824
4 7821 7824 7826 7823
4 7824 7825 7827 7826
4 7811 7822 7828 7817
4 7822 7823 7829 7828
4 7817 7828 7830 7819
4 7828 7829 7831 7830
4 7823 7826 7832 7829
4 7826 7827 7833 7832
4 7829 7832 7834 7831
4 7832 7833 7835 7834
4 7579 7750 7836 7665
4 7750 7751 7837 7836
4 7665 7836 7838 7667
4 7836 7837 7839 7838
4 7751 7754 7840 7837
4 7754 7755 7841 7840
4 7837 7840 7842 7839
4 7840 7841 7843 7842
4 7667 7838 7844 7673
4 7838 7839 7845 7844
4 7673 7844 7846 7675
4 7844 7845 7847 7846
4 7839 7842 7848 7845
4 7842 7843 7849 7848
4 7845 7848 7850 7847
4 7848 7849 7851 7850
4 7755 7766 7852 7841
4 7766 7767 7853 7852
4 7841 7852 7854 7843
4 7852 7853 7855 7854
4 7767 7770 7856 7853
4 7770 7771 7857 7856
4 7853 7856 7858 7855
4 7856 7857 7859 7858
4 7843 7854 7860 7849
4 7854 7855 7861 7860
4 7849 7860 7862 7851
4 7860 7861 7863 7862
4 7855 7858 7864 7861
4 7858 7859 7865 7864
4 7861 7864 7866 7863
4 7864 7865 7867 7866
4 7675 7846 7868 7697
4 7846 7847 7869 7868
4 7697 7868 7870 7699
4 7868 7869 7871 7870
4 7847 7850 7872 7869
4 7850 7851 7873 7872
4 7869 7872 7874 7871
4 7872 7873 7875 7874
4 7699 7870 7876 7705
4 7870 7871 7877 7876
4 7705 7876 7878 7707
4 7876 7877 7879 7878
4 7871 7874 7880 7877
4 7874 7875 7881 7880
4 7877 7880 7882 7879
4 7880 7881 7883 7882
4 7851 7862 7884 7873
4 7862 7863 7885 7884
4 7873 7884 7886 7875
4 7884 7885 7887 7886
4 7863 7866 7888 7885
4 7866 7867 7889 7888
4 7885 7888 7890 7887
4 7888 7889 7891 7890
4 7875 7886 7892 7881
4 7886 7887 7893 7892
4 7881 7892 7894 7883
4 7892 7893 7895 7894
4 7887 7890 7896 7893
4 7890 7891 7897 7896
4 7893 7896 7898 7895
4 7896 7897 7899 7898
4 7771 7814 7900 7857
4 7814 7815 7901 7900
4 7857 7900 7902 7859
4 7900 7901 7903 7902
4 7815 7818 7904 7901
4 7818 7819 7905 7904
4 7901 7904 7906 7903
4 7904 7905 7907 7906
4 7859 7902 7908 7865
4 7902 7903 7909 7908
4 7865 7908 7910 7867
4 7908 7909 7911 7910
4 7903 7906 7912 7909
4 7906 7907 7913 7912
4 7909 7912 7914 7911
4 7912 7913 7915 7914
4 7819 7830 7916 7905
4 7830 7831 7917 7916
4 7905 7916 7918 7907
4 7916 7917 7919 7918
4 7831 7834 7920 7917
4 7834 7835 7921 7920
4 7917 7920 7922 7919
4 7920 7921 7923 7922
4 7907 7918 7924 7913
4 7918 7919 7925 7924
4 7913 7924 7926 7915
4 7924 7925 7927 7926
4 7919 7922 7928 7925
4 7922 7923 7929 7928
4 7925 7928 7930 7927
4 7928 7929 7931 7930
4 7867 7910 7932 7889
4 7910 7911 7933 7932
4 7889 7932 7934 7891
4 7932 7933 7935 7934
4 7911 7914 7936 7933
4 7914 7915 7937 7936
4 7933 7936 7938 7935
4 7936 7937 7939 7938
4 7891 7934 7940 7897
4 7934 7935 7941 7940
4 7897 7940 7942 7899
4 7940 7941 7943 7942
4 7935 7938 7944 7941
4 7938 7939 7945 7944
4 7941 7944 7946 7943
4 7944 7945 7947 7946
4 7915 7926 7948 7937
4 7926 7927 7949 7948
4 7937 7948 7950 7939
4 7948 7949 7951 7950
4 7927 7930 7952 7949
4 7930 7931 7953 7952
4 7949 7952 7954 7951
4 7952 7953 7955 7954
4 7939 7950 7956 7945
4 7950 7951 7957 7956
4 7945 7956 7958 7947
4 7956 7957 7959 7958
4 7951 7954 7960 7957
4 7954 7955 7961 7960
4 7957 7960 7962 7959
4 7960 7961 7963 7962
4 3729 7622 7964 4087
4 7622 7623 7965 7964
4 4087 7964 7966 4089
4 7964 7965 7967 7966
4 7623 7626 7968 7965
4 7626 7627 7969 7968
4 7965 7968 7970 7967
4 7968 7969 7971 7970
4 4089 7966 7972 4095
4 7966 7967 7973 7972
4 4095 7972 7974 4097
4 7972 7973 7975 7974
4 7967 7970 7976 7973
4 7970 7971 7977 7976
4 7973 7976 7978 7975
4 7976 7977 7979 7978
4 7627 7638 7980 7969
4 7638 7639 7981 7980
4 7969 7980 7982 7971
4 7980 7981 7983 7982
4 7639 7642 7984 7981
4 7642 7643 7985 7984
4 7981 7984 7986 7983
4 7984 7985 7987 7986
4 7971 7982 7988 7977
4 7982 7983 7989 7988
4 7977 7988 7990 7979
4 7988 7989 7991 7990
4 7983 7986 7992 7989
4 7986 7987 7993 7992
4 7989 7992 7994 7991
4 7992 7993 7995 7994
4 4097 7974 7996 4119
4 7974 7975 7997 7996
4 4119 7996 7998 4121
4 7996 7997 7999 7998
4 7975 7978 8000 7997
4 7978 7979 8001 8000
4 7997 8000 8002 7999
4 8000 8001 8003 8002
4 4121 7998 8004 4127
4 7998 7999 8005 8004
4 4127 8004 8006 4129
4 8004 8005 8007 8006
4 7999 8002 8008 8005
4 8002 8003 8009 8008
4 8005 8008 8010 8007
4 8008 8009 8011 8010
4 7979 7990 8012 8001
4 7990 7991 8013 8012
4 8001 8012 8014 8003
4 8012 8013 8015 8014
4 7991 7994 8016 8013
4 7994 7995 8017 8016
4 8013 8016 8018 8015
4 8016 8017 8019 8018
4 8003 8014 8020 8009
4 8014 8015 8021 8020
4 8009 8020 8022 8011
4 8020 8021 8023 8022
4 8015 8018 8024 8021
4 8018 8019 8025 8024
4 8021 8024 8026 8023
4 8024 8025 8027 8026
4 7643 7686 8028 7985
4 7686 7687 8029 8028
4 7985 8028 8030 7987
4 8028 8029 8031 8030
4 7687 7690 8032 8029
4 7690 7691 8033 8032
4 8029 8032 8034 8031
4 8032 8033 8035 8034
4 7987 8030 8036 7993
4 8030 8031 8037 8036
4 7993 8036 8038 7995
4 8036 8037 8039 8038
4 8031 8034 8040 8037
4 8034 8035 8041 8040
4 8037 8040 8042 8039
4 8040 8041 8043 8042
4 7691 7702 8044 8033
4 7702 7703 8045 8044
4 8033 8044 8046 8035
4 8044 8045 8047 8046
4 7703 7706 8048 8045
4 7706 7707 8049 8048
4 8045 8048 8050 8047
4 8048 8049 8051 8050
4 8035 8046 8052 8041
4 8046 8047 8053 8052
4 8041 8052 8054 8043
4 8052 8053 8055 8054
4 8047 8050 8056 8053
4 8050 8051 8057 8056
4 8053 8056 8058 8055
4 8056 8057 8059 8058
4 7995 8038 8060 8017
4 8038 8039 8061 8060
4 8017 8060 8062 8019
4 8060 8061 8063 8062
4 8039 8042 8064 8061
4 8042 8043 8065 8064
4 8061 8064 8066 8063
4 8064 8065 8067 8066
4 8019 8062 8068 8025
4 8062 8063 8069 8068
4 8025 8068 8070 8027
4 8068 8069 8071 8070
4 8063 8066 8072 8069
4 8066 8067 8073 8072
4 8069 8072 8074 8071
4 8072 8073 8075 8074
4 8043 8054 8076 8065
4 8054 8055 8077 8076
4 8065 8076 8078 8067
4 8076 8077 8079 8078
4 8055 8058 8080 8077
4 8058 8059 8081 8080
4 8077 8080 8082 8079
4 8080 8081 8083 8082
4 8067 8078 8084 8073
4 8078 8079 8085 8084
4 8073 8084 8086 8075
4 8084 8085 8087 8086
4 8079 8082 8088 8085
4 8082 8083 8089 8088
4 8085 8088 8090 8087
4 8088 8089 8091 8090
4 4129 8006 8092 4215
4 8006 8007 8093 8092
4 4215 8092 8094 4217
4 8092 8093 8095 8094
4 8007 8010 8096 8093
4 8010 8011 8097 8096
4 8093 8096 8098 8095
4 8096 8097 8099 8098
4 4217 8094 8100 4223
4 8094 8095 8101 8100
4 4223 8100 8102 4225
4 8100 8101 8103 8102
4 8095 8098 8104 8101
4 8098 8099 8105 8104
4 8101 8104 8106 8103
4 8104 8105 8107 8106
4 8011 8022 8108 8097
4 8022 8023 8109 8108
4 8097 8108 8110 8099
4 8108 8109 8111 8110
4 8023 8026 8112 8109
4 8026 8027 8113 8112
4 8109 8112 8114 8111
4 8112 8113 8115 8114
4 8099 8110 8116 8105
4 8110 8111 8117 8116
4 8105 8116 8118 8107
4 8116 8117 8119 8118
4 8111 8114 8120 8117
4 8114 8115 8121 8120
4 8117 8120 8122 8119
4 8120 8121 8123 8122
4 4225 8102 8124 4247
4 8102 8103 8125 8124
4 4247 8124 8126 4249
4 8124 8125 8127 8126
4 8103 8106 8128 8125
4 8106 8107 8129 8128
4 8125 8128 8130 8127
4 8128 8129 8131 8130
4 4249 8126 8132 4255
4 8126 8127 8133 8132
4 4255 8132 8134 4257
4 8132 8133 8135 8134
4 8127 8130 8136 8133
4 8130 8131 8137 8136
4 8133 8136 8138 8135
4 8136 8137 8139 8138
4 8107 8118 8140 8129
4 8118 8119 8141 8140
4 8129 8140 8142 8131
4 8140 8141 8143 8142
4 8119 8122 8144 8141
4 8122 8123 8145 8144
4 8141 8144 8146 8143
4 8144 8145 8147 8146
4 8131 8142 8148 8137
4 8142 8143 8149 8148
4 8137 8148 8150 8139
4 8148 8149 8151 8150
4 8143 8146 8152 8149
4 8146 8147 8153 8152
4 8149 8152 8154 8151
4 8152 8153 8155 8154
4 8027 8070 8156 8113
4 8070 8071 8157 8156
4 8113 8156 8158 8115
4 8156 8157 8159 8158
4 8071 8074 8160 8157
4 8074 8075 8161 8160
4 8157 8160 8162 8159
4 8160 8161 8163 8162
4 8115 8158 8164 8121
4 8158 8159 8165 8164
4 8121 8164 8166 8123
4 8164 8165 8167 8166
4 8159 8162 8168 8165
4 8162 8163 8169 8168
4 8165 8168 8170 8167
4 8168 8169 8171 8170
4 8075 8086 8172 8161
4 8086 8087 8173 8172
4 8161 8172 8174 8163
4 8172 8173 8175 8174
4 8087 8090 8176 8173
4 8090 8091 8177 8176
4 8173 8176 8178 8175
4 8176 8177 8179 8178
4 8163 8174 8180 8169
4 8174 8175 8181 8180
4 8169 8180 8182 8171
4 8180 8181 8183 8182
4 8175 8178 8184 8181
4 8178 8179 8185 8184
4 8181 8184 8186 8183
4 8184 8185 8187 8186
4 8123 8166 8188 8145
4 8166 8167 8189 8188
4 8145 8188 8190 8147
4 8188 8189 8191 8190
4 8167 8170 8192 8189
4 8170 8171 8193 8192
4 8189 8192 8194 8191
4 8192 8193 8195 8194
4 8147 8190 8196 8153
4 8190 8191 8197 8196
4 8153 8196 8198 8155
4 8196 8197 8199 8198
4 8191 8194 8200 8197
4 8194 8195 8201 8200
4 8197 8200 8202 8199
4 8200 8201 8203 8202
4 8171 8182 8204 8193
4 8182 8183 8205 8204
4 8193 8204 8206 8195
4 8204 8205 8207 8206
4 8183 8186 8208 8205
4 8186 8187 8209 8208
4 8205 8208 8210 8207
4 8208 8209 8211 8210
4 8195 8206 8212 8201
4 8206 8207 8213 8212
4 8201 8212 8214 8203
4 8212 8213 8215 8214
4 8207 8210 8216 8213
4 8210 8211 8217 8216
4 8213 8216 8218 8215
4 8216 8217 8219 8218
4 7707 7878 8220 8049
4 7878 7879 8221 8220
4 8049 8220 8222 8051
4 8220 8221 8223 8222
4 7879 7882 8224 8221
4 7882 7883 8225 8224
4 8221 8224 8226 8223
4 8224 8225 8227 8226
4 8051 8222 8228 8057
4 8222 8223 8229 8228
4 8057 8228 8230 8059
4 8228 8229 8231 8230
4 8223 8226 8232 8229
4 8226 8227 8233 8232
4 8229 8232 8234 8231
4 8232 8233 8235 8234
4 7883 7894 8236 8225
4 7894 7895 8237 8236
4 8225 8236 8238 8227
4 8236 8237 8239 8238
4 7895 7898 8240 8237
4 7898 7899 8241 8240
4 8237 8240 8242 8239
4 8240 8241 8243 8242
4 8227 8238 8244 8233
4 8238 8239 8245 8244
4 8233 8244 8246 8235
4 8244 8245 8247 8246
4 8239 8242 8248 8245
4 8242 8243 8249 8248
4 8245 8248 8250 8247
4 8248 8249 8251 8250
4 8059 8230 8252 8081
4 8230 8231 8253 8252
4 8081 8252 8254 8083
4 8252 8253 8255 8254
4 8231 8234 8256 8253
4 8234 8235 8257 8256
4 8253 8256 8258 8255
4 8256 8257 8259 8258
4 8083 8254 8260 8089
4 8254 8255 8261 8260
4 8089 8260 8262 8091
4 8260 8261 8263 8262
4 8255 8258 8264 8261
4 8258 8259 8265 8264
4 8261 8264 8266 8263
4 8264 8265 8267 8266
4 8235 8246 8268 8257
4 8246 8247 8269 8268
4 8257 8268 8270 8259
4 8268 8269 8271 8270
4 8247 8250 8272 8269
4 8250 8251 8273 8272
4 8269 8272 8274 8271
4 8272 8273 8275 8274
4 8259 8270 8276 8265
4 8270 8271 8277 8276
4 8265 8276 8278 8267
4 8276 8277 8279 8278
4 8271 8274 8280 8277
4 8274 8275 8281 8280
4 8277 8280 8282 8279
4 8280 8281 8283 8282
4 7899 7942 8284 8241
4 7942 7943 8285 8284
4 8241 8284 8286 8243
4 8284 8285 8287 8286
4 7943 7946 8288 8285
4 7946 7947 8289 8288
4 8285 8288 8290 8287
4 8288 8289 8291 8290
4 8243 8286 8292 8249
4 8286 8287 8293 8292
4 8249 8292 8294 8251
4 8292 8293 8295 8294
4 8287 8290 8296 8293
4 8290 8291 8297 8296
4 8293 8296 8298 8295
4 8296 8297 8299 8298
4 7947 7958 8300 8289
4 7958 7959 8301 8300
4 8289 8300 8302 8291
4 8300 8301 8303 8302
4 7959 7962 8304 8301
4 7962 7963 8305 8304
4 8301 8304 8306 8303
4 8304 8305 8307 8306
4 8291 8302 8308 8297
4 8302 8303 8309 8308
4 8297 8308 8310 8299
4 8308 8309 8311 8310
4 8303 8306 8312 8309
4 8306 8307 8313 8312
4 8309 8312 8314 8311
4 8312 8313 8315 8314
4 8251 8294 8316 8273
4 8294 8295 8317 8316
4 8273 8316 8318 8275
4 8316 8317 8319 8318
4 8295 8298 8320 8317
4 8298 8299 8321 8320
4 8317 8320 8322 8319
4 8320 8321 8323 8322
4 8275 8318 8324 8281
4 8318 8319 8325 8324
4 8281 8324 8326 8283
4 8324 8325 8327 8326
4 8319 8322 8328 8325
4 8322 8323 8329 8328
4 8325 8328 8330 8327
4 8328 8329 8331 8330
4 8299 8310 8332 8321
4 8310 8311 8333 8332
4 8321 8332 8334 8323
4 8332 8333 8335 8334
4 8311 8314 8336 8333
4 8314 8315 8337 8336
4 8333 8336 8338 8335
4 8336 8337 8339 8338
4 8323 8334 8340 8329
4 8334 8335 8341 8340
4 8329 8340 8342 8331
4 8340 8341 8343 8342
4 8335 8338 8344 8341
4 8338 8339 8345 8344
4 8341 8344 8346 8343
4 8344 8345 8347 8346
4 8091 8262 8348 8177
4 8262 8263 8349 8348
4 8177 8348 8350 8179
4 8348 8349 8351 8350
4 8263 8266 8352 8349
4 8266 8267 8353 8352
4 8349 8352 8354 8351
4 8352 8353 8355 8354
4 8179 8350 8356 8185
4 8350 8351 8357 8356
4 8185 8356 8358 8187
4 8356 8357 8359 8358
4 8351 8354 8360 8357
4 8354 8355 8361 8360
4 8357 8360 8362 8359
4 8360 8361 8363 8362
4 8267 8278 8364 8353
4 8278 8279 8365 8364
4 8353 8364 8366 8355
4 8364 8365 8367 8366
4 8279 8282 8368 8365
4 8282 8283 8369 8368
4 8365 8368 8370 8367
4 8368 8369 8371 8370
4 8355 8366 8372 8361
4 8366 8367 8373 8372
4 8361 8372 8374 8363
4 8372 8373 8375 8374
4 8367 8370 8376 8373
4 8370 8371 8377 8376
4 8373 8376 8378 8375
4 8376 8377 8379 8378
4 8187 8358 8380 8209
4 8358 8359 8381 8380
4 8209 8380 8382 8211
4 8380 8381 8383 8382
4 8359 8362 8384 8381
4 8362 8363 8385 8384
4 8381 8384 8386 8383
4 8384 8385 8387 8386
4 8211 8382 8388 8217
4 8382 8383 8389 8388
4 8217 8388 8390 8219
4 8388 8389 8391 8390
4 8383 8386 8392 8389
4 8386 8387 8393 8392
4 8389 8392 8394 8391
4 8392 8393 8395 8394
4 8363 8374 8396 8385
4 8374 8375 8397 8396
4 8385 8396 8398 8387
4 8396 8397 8399 8398
4 8375 8378 8400 8397
4 8378 8379 8401 8400
4 8397 8400 8402 8399
4 8400 8401 8403 8402
4 8387 8398 8404 8393
4 8398 8399 8405 8404
4 8393 8404 8406 8395
4 8404 8405 8407 8406
4 8399 8402 8408 8405
4 8402 8403 8409 8408
4 8405 8408 8410 8407
4 8408 8409 8411 8410
4 8283 8326 8412 8369
4 8326 8327 8413 8412
4 8369 8412 8414 8371
4 8412 8413 8415 8414
4 8327 8330 8416 8413
4 8330 8331 8417 8416
4 8413 8416 8418 8415
4 8416 8417 8419 8418
4 8371 8414 8420 8377
4 8414 8415 8421 8420
4 8377 8420 8422 8379
4 8420 8421 8423 8422
4 8415 8418 8424 8421
4 8418 8419 8425 8424
4 8421 8424 8426 8423
4 8424 8425 8427 8426
4 8331 8342 8428 8417
4 8342 8343 8429 8428
4 8417 8428 8430 8419
4 8428 8429 8431 8430
4 8343 8346 8432 8429
4 8346 8347 8433 8432
4 8429 8432 8434 8431
4 8432 8433 8435 8434
4 8419 8430 8436 8425
4 8430 8431 8437 8436
4 8425 8436 8438 8427
4 8436 8437 8439 8438
4 8431 8434 8440 8437
4 8434 8435 8441 8440
4 8437 8440 8442 8439
4 8440 8441 8443 8442
4 8379 8422 8444 8401
4 8422 8423 8445 8444
4 8401 8444 8446 8403
4 8444 8445 8447 8446
4 8423 8426 8448 8445
4 8426 8427 8449 8448
4 8445 8448 8450 8447
4 8448 8449 8451 8450
4 8403 8446 8452 8409
4 8446 8447 8453 8452
4 8409 8452 8454 8411
4 8452 8453 8455 8454
4 8447 8450 8456 8453
4 8450 8451 8457 8456
4 8453 8456 8458 8455
4 8456 8457 8459 8458
4 8427 8438 8460 8449
4 8438 8439 8461 8460
4 8449 8460 8462 8451
4 8460 8461 8463 8462
4 8439 8442 8464 8461
4 8442 8443 8465 8464
4 8461 8464 8466 8463
4 8464 8465 8467 8466
4 8451 8462 8468 8457
4 8462 8463 8469 8468
4 8457 8468 8470 8459
4 8468 8469 8471 8470
4 8463 8466 8472 8469
4 8466 8467 8473 8472
4 8469 8472 8474 8471
4 8472 8473 8475 8474
4 4630 8476 8477 4631
4 8476 8478 8479 8477
4 4631 8477 8480 4633
4 8477 8479 8481 8480
4 8478 8482 8483 8479
4 8482 8484 8485 8483
4 8479 8483 8486 8481
4 8483 8485 8487 8486
4 4633 8480 8488 4639
4 8480 8481 8489 8488
4 4639 8488 8490 4641
4 8488 8489 8491 8490
4 8481 8486 8492 8489
4 8486 8487 8493 8492
4 8489 8492 8494 8491
4 8492 8493 8495 8494
4 8484 8496 8497 8485
4 8496 8498 8499 8497
4 8485 8497 8500 8487
4 8497 8499 8501 8500
4 8498 8502 8503 8499
4 8502 8504 8505 8503
4 8499 8503 8506 8501
4 8503 8505 8507 8506
4 8487 8500 8508 8493
4 8500 8501 8509 8508
4 8493 8508 8510 8495
4 8508 8509 8511 8510
4 8501 8506 8512 8509
4 8506 8507 8513 8512
4 8509 8512 8514 8511
4 8512 8513 8515 8514
4 4641 8490 8516 4663
4 8490 8491 8517 8516
4 4663 8516 8518 4665
4 8516 8517 8519 8518
4 8491 8494 8520 8517
4 8494 8495 8521 8520
4 8517 8520 8522 8519
4 8520 8521 8523 8522
4 4665 8518 8524 4671
4 8518 8519 8525 8524
4 4671 8524 8526 4673
4 8524 8525 8527 8526
4 8519 8522 8528 8525
4 8522 8523 8529 8528
4 8525 8528 8530 8527
4 8528 8529 8531 8530
4 8495 8510 8532 8521
4 8510 8511 8533 8532
4 8521 8532 8534 8523
4 8532 8533 8535 8534
4 8511 8514 8536 8533
4 8514 8515 8537 8536
4 8533 8536 8538 8535
4 8536 8537 8539 8538
4 8523 8534 8540 8529
4 8534 8535 8541 8540
4 8529 8540 8542 8531
4 8540 8541 8543 8542
4 8535 8538 8544 8541
4 8538 8539 8545 8544
4 8541 8544 8546 8543
4 8544 8545 8547 8546
4 8504 8548 8549 8505
4 8548 8550 8551 8549
4 8505 8549 8552 8507
4 8549 8551 8553 8552
4 8550 8554 8555 8551
4 8554 8556 8557 8555
4 8551 8555 8558 8553
4 8555 8557 8559 8558
4 8507 8552 8560 8513
4 8552 8553 8561 8560
4 8513 8560 8562 8515
4 8560 8561 8563 8562
4 8553 8558 8564 8561
4 8558 8559 8565 8564
4 8561 8564 8566 8563
4 8564 8565 8567 8566
4 8556 8568 8569 8557
4 8568 8570 8571 8569
4 8557 8569 8572 8559
4 8569 8571 8573 8572
4 8570 8574 8575 8571
4 8574 8576 8577 8575
4 8571 8575 8578 8573
4 8575 8577 8579 8578
4 8559 8572 8580 8565
4 8572 8573 8581 8580
4 8565 8580 8582 8567
4 8580 8581 8583 8582
4 8573 8578 8584 8581
4 8578 8579 8585 8584
4 8581 8584 8586 8583
4 8584 8585 8587 8586
4 8515 8562 8588 8537
4 8562 8563 8589 8588
4 8537 8588 8590 8539
4 8588 8589 8591 8590
4 8563 8566 8592 8589
4 8566 8567 8593 8592
4 8589 8592 8594 8591
4 8592 8593 8595 8594
4 8539 8590 8596 8545
4 8590 8591 8597 8596
4 8545 8596 8598 8547
4 8596 8597 8599 8598
4 8591 8594 8600 8597
4 8594 8595 8601 8600
4 8597 8600 8602 8599
4 8600 8601 8603 8602
4 8567 8582 8604 8593
4 8582 8583 8605 8604
4 8593 8604 8606 8595
4 8604 8605 8607 8606
4 8583 8586 8608 8605
4 8586 8587 8609 8608
4 8605 8608 8610 8607
4 8608 8609 8611 8610
4 8595 8606 8612 8601
4 8606 8607 8613 8612
4 8601 8612 8614 8603
4 8612 8613 8615 8614
4 8607 8610 8616 8613
4 8610 8611 8617 8616
4 8613 8616 8618 8615
4 8616 8617 8619 8618
4 4673 8526 8620 4759
4 8526 8527 8621 8620
4 4759 8620 8622 4761
4 8620 8621 8623 8622
4 8527 8530 8624 8621
4 8530 8531 8625 8624
4 8621 8624 8626 8623
4 8624 8625 8627 8626
4 4761 8622 8628 4767
4 8622 8623 8629 8628
4 4767 8628 8630 4769
4 8628 8629 8631 8630
4 8623 8626 8632 8629
4 8626 8627 8633 8632
4 8629 8632 8634 8631
4 8632 8633 8635 8634
4 8531 8542 8636 8625
4 8542 8543 8637 8636
4 8625 8636 8638 8627
4 8636 8637 8639 8638
4 8543 8546 8640 8637
4 8546 8547 8641 8640
4 8637 8640 8642 8639
4 8640 8641 8643 8642
4 8627 8638 8644 8633
4 8638 8639 8645 8644
4 8633 8644 8646 8635
4 8644 8645 8647 8646
4 8639 8642 8648 8645
4 8642 8643 8649 8648
4 8645 8648 8650 8647
4 8648 8649 8651 8650
4 4769 8630 8652 4791
4 8630 8631 8653 8652
4 4791 8652 8654 4793
4 8652 8653 8655 8654
4 8631 8634 8656 8653
4 8634 8635 8657 8656
4 8653 8656 8658 8655
4 8656 8657 8659 8658
4 4793 8654 8660 4799
4 8654 8655 8661 8660
4 4799 8660 8662 4801
4 8660 8661 8663 8662
4 8655 8658 8664 8661
4 8658 8659 8665 8664
4 8661 8664 8666 8663
4 8664 8665 8667 8666
4 8635 8646 8668 8657
4 8646 8647 8669 8668
4 8657 8668 8670 8659
4 8668 8669 8671 8670
4 8647 8650 8672 8669
4 8650 8651 8673 8672
4 8669 8672 8674 8671
4 8672 8673 8675 8674
4 8659 8670 8676 8665
4 8670 8671 8677 8676
4 8665 8676 8678 8667
4 8676 8677 8679 8678
4 8671 8674 8680 8677
4 8674 8675 8681 8680
4 8677 8680 8682 8679
4 8680 8681 8683 8682
4 8547 8598 8684 8641
4 8598 8599 8685 8684
4 8641 8684 8686 8643
4 8684 8685 8687 8686
4 8599 8602 8688 8685
4 8602 8603 8689 8688
4 8685 8688 8690 8687
4 8688 8689 8691 8690
4 8643 8686 8692 8649
4 8686 8687 8693 8692
4 8649 8692 8694 8651
4 8692 8693 8695 8694
4 8687 8690 8696 8693
4 8690 8691 8697 8696
4 8693 8696 8698 8695
4 8696 8697 8699 8698
4 8603 8614 8700 8689
4 8614 8615 8701 8700
4 8689 8700 8702 8691
4 8700 8701 8703 8702
4 8615 8618 8704 8701
4 8618 8619 8705 8704
4 8701 8704 8706 8703
4 8704 8705 8707 8706
4 8691 8702 8708 8697
4 8702 8703 8709 8708
4 8697 8708 8710 8699
4 8708 8709 8711 8710
4 8703 8706 8712 8709
4 8706 8707 8713 8712
4 8709 8712 8714 8711
4 8712 8713 8715 8714
4 8651 8694 8716 8673
4 8694 8695 8717 8716
4 8673 8716 8718 8675
4 8716 8717 8719 8718
4 8695 8698 8720 8717
4 8698 8699 8721 8720
4 8717 8720 8722 8719
4 8720 8721 8723 8722
4 8675 8718 8724 8681
4 8718 8719 8725 8724
4 8681 8724 8726 8683
4 8724 8725 8727 8726
4 8719 8722 8728 8725
4 8722 8723 8729 8728
4 8725 8728 8730 8727
4 8728 8729 8731 8730
4 8699 8710 8732 8721
4 8710 8711 8733 8732
4 8721 8732 8734 8723
4 8732 8733 8735 8734
4 8711 8714 8736 8733
4 8714 8715 8737 8736
4 8733 8736 8738 8735
4 8736 8737 8739 8738
4 8723 8734 8740 8729
4 8734 8735 8741 8740
4 8729 8740 8742 8731
4 8740 8741 8743 8742
4 8735 8738 8744 8741
4 8738 8739 8745 8744
4 8741 8744 8746 8743
4 8744 8745 8747 8746
4 8576 8748 8749 8577
4 8748 8750 8751 8749
4 8577 8749 8752 8579
4 8749 8751 8753 8752
4 8750 8754 8755 8751
4 8754 8756 8757 8755
4 8751 8755 8758 8753
4 8755 8757 8759 8758
4 8579 8752 8760 8585
4 8752 8753 8761 8760
4 8585 8760 8762 8587
4 8760 8761 8763 8762
4 8753 8758 8764 8761
4 8758 8759 8765 8764
4 8761 8764 8766 8763
4 8764 8765 8767 8766
4 8756 8768 8769 8757
4 8768 8770 8771 8769
4 8757 8769 8772 8759
4 8769 8771 8773 8772
4 8770 8774 8775 8771
4 8774 8776 8777 8775
4 8771 8775 8778 8773
4 8775 8777 8779 8778
4 8759 8772 8780 8765
4 8772 8773 8781 8780
4 8765 8780 8782 8767
4 8780 8781 8783 8782
4 8773 8778 8784 8781
4 8778 8779 8785 8784
4 8781 8784 8786 8783
4 8784 8785 8787 8786
4 8587 8762 8788 8609
4 8762 8763 8789 8788
4 8609 8788 8790 8611
4 8788 8789 8791 8790
4 8763 8766 8792 8789
4 8766 8767 8793 8792
4 8789 8792 8794 8791
4 8792 8793 8795 8794
4 8611 8790 8796 8617
4 8790 8791 8797 8796
4 8617 8796 8798 8619
4 8796 8797 8799 8798
4 8791 8794 8800 8797
4 8794 8795 8801 8800
4 8797 8800 8802 8799
4 8800 8801 8803 8802
4 8767 8782 8804 8793
4 8782 8783 8805 8804
4 8793 8804 8806 8795
4 8804 8805 8807 8806
4 8783 8786 8808 8805
4 8786 8787 8809 8808
4 8805 8808 8810 8807
4 8808 8809 8811 8810
4 8795 8806 8812 8801
4 8806 8807 8813 8812
4 8801 8812 8814 8803
4 8812 8813 8815 8814
4 8807 8810 8816 8813
4 8810 8811 8817 8816
4 8813 8816 8818 8815
4 8816 8817 8819 8818
4 8776 8820 8821 8777
4 8820 8822 8823 8821
4 8777 8821 8824 8779
4 8821 8823 8825 8824
4 8822 8826 8827 8823
4 8826 8828 8829 8827
4 8823 8827 8830 8825
4 8827 8829 8831 8830
4 8779 8824 8832 8785
4 8824 8825 8833 8832
4 8785 8832 8834 8787
4 8832 8833 8835 8834
4 8825 8830 8836 8833
4 8830 8831 8837 8836
4 8833 8836 8838 8835
4 8836 8837 8839 8838
4 8828 8840 8841 8829
4 8840 8842 8843 8841
4 8829 8841 8844 8831
4 8841 8843 8845 8844
4 8842 8846 8847 8843
4 8846 8848 8849 8847
4 8843 8847 8850 8845
4 8847 8849 8851 8850
4 8831 8844 8852 8837
4 8844 8845 8853 8852
4 8837 8852 8854 8839
4 8852 8853 8855 8854
4 8845 8850 8856 8853
4 8850 8851 8857 8856
4 8853 8856 8858 8855
4 8856 8857 8859 8858
4 8787 8834 8860 8809
4 8834 8835 8861 8860
4 8809 8860 8862 8811
4 8860 8861 8863 8862
4 8835 8838 8864 8861
4 8838 8839 8865 8864
4 8861 8864 8866 8863
4 8864 8865 8867 8866
4 8811 8862 8868 8817
4 8862 8863 8869 8868
4 8817 8868 8870 8819
4 8868 8869 8871 8870
4 8863 8866 8872 8869
4 8866 8867 8873 8872
4 8869 8872 8874 8871
4 8872 8873 8875 8874
4 8839 8854 8876 8865
4 8854 8855 8877 8876
4 8865 8876 8878 8867
4 8876 8877 8879 8878
4 8855 8858 8880 8877
4 8858 8859 8881 8880
4 8877 8880 8882 8879
4 8880 8881 8883 8882
4 8867 8878 8884 8873
4 8878 8879 8885 8884
4 8873 8884 8886 8875
4 8884 8885 8887 8886
4 8879 8882 8888 8885
4 8882 8883 8889 8888
4 8885 8888 8890 8887
4 8888 8889 8891 8890
4 8619 8798 8892 8705
4 8798 8799 8893 8892
4 8705 8892 8894 8707
4 8892 8893 8895 8894
4 8799 8802 8896 8893
4 8802 8803 8897 8896
4 8893 8896 8898 8895
4 8896 8897 8899 8898
4 8707 8894 8900 8713
4 8894 8895 8901 8900
4 8713 8900 8902 8715
4 8900 8901 8903 8902
4 8895 8898 8904 8901
4 8898 8899 8905 8904
4 8901 8904 8906 8903
4 8904 8905 8907 8906
4 8803 8814 8908 8897
4 8814 8815 8909 8908
4 8897 8908 8910 8899
4 8908 8909 8911 8910
4 8815 8818 8912 8909
4 8818 8819 8913 8912
4 8909 8912 8914 8911
4 8912 8913 8915 8914
4 8899 8910 8916 8905
4 8910 8911 8917 8916
4 8905 8916 8918 8907
4 8916 8917 8919 8918
4 8911 8914 8920 8917
4 8914 8915 8921 8920
4 8917 8920 8922 8919
4 8920 8921 8923 8922
4 8715 8902 8924 8737
4 8902 8903 8925 8924
4 8737 8924 8926 8739
4 8924 8925 8927 8926
4 8903 8906 8928 8925
4 8906 8907 8929 8928
4 8925 8928 8930 8927
4 8928 8929 8931 8930
4 8739 8926 8932 8745
4 8926 8927 8933 8932
4 8745 8932 8934 8747
4 8932 8933 8935 8934
4 8927 8930 8936 8933
4 8930 8931 8937 8936
4 8933 8936 8938 8935
4 8936 8937 8939 8938
4 8907 8918 8940 8929
4 8918 8919 8941 8940
4 8929 8940 8942 8931
4 8940 8941 8943 8942
4 8919 8922 8944 8941
4 8922 8923 8945 8944
4 8941 8944 8946 8943
4 8944 8945 8947 8946
4 8931 8942 8948 8937
4 8942 8943 8949 8948
4 8937 8948 8950 8939
4 8948 8949 8951 8950
4 8943 8946 8952 8949
4 8946 8947 8953 8952
4 8949 8952 8954 8951
4 8952 8953 8955 8954
4 8819 8870 8956 8913
4 8870 8871 8957 8956
4 8913 8956 8958 8915
4 8956 8957 8959 8958
4 8871 8874 8960 8957
4 8874 8875 8961 8960
4 8957 8960 8962 8959
4 8960 8961 8963 8962
4 8915 8958 8964 8921
4 8958 8959 8965 8964
4 8921 8964 8966 8923
4 8964 8965 8967 8966
4 8959 8962 8968 8965
4 8962 8963 8969 8968
4 8965 8968 8970 8967
4 8968 8969 8971 8970
4 8875 8886 8972 8961
4 8886 8887 8973 8972
4 8961 8972 8974 8963
4 8972 8973 8975 8974
4 8887 8890 8976 8973
4 8890 8891 8977 8976
4 8973 8976 8978 8975
4 8976 8977 8979 8978
4 8963 8974 8980 8969
4 8974 8975 8981 8980
4 8969 8980 8982 8971
4 8980 8981 8983 8982
4 8975 8978 8984 8981
4 8978 8979 8985 8984
4 8981 8984 8986 8983
4 8984 8985 8987 8986
4 8923 8966 8988 8945
4 8966 8967 8989 8988
4 8945 8988 8990 8947
4 8988 8989 8991 8990
4 8967 8970 8992 8989
4 8970 8971 8993 8992
4 8989 8992 8994 8991
4 8992 8993 8995 8994
4 8947 8990 8996 8953
4 8990 8991 8997 8996
4 8953 8996 8998 8955
4 8996 8997 8999 8998
4 8991 8994 9000 8997
4 8994 8995 9001 9000
4 8997 9000 9002 8999
4 9000 9001 9003 9002
4 8971 8982 9004 8993
4 8982 8983 9005 9004
4 8993 9004 9006 8995
4 9004 9005 9007 9006
4 8983 8986 9008 9005
4 8986 8987 9009 9008
4 9005 9008 9010 9007
4 9008 9009 9011 9010
4 8995 9006 9012 9001
4 9006 9007 9013 9012
4 9001 9012 9014 9003
4 9012 9013 9015 9014
4 9007 9010 9016 9013
4 9010 9011 9017 9016
4 9013 9016 9018 9015
4 9016 9017 9019 9018
4 4801 8662 9020 5143
4 8662 8663 9021 9020
4 5143 9020 9022 5145
4 9020 9021 9023 9022
4 8663 8666 9024 9021
4 8666 8667 9025 9024
4 9021 9024 9026 9023
4 9024 9025 9027 9026
4 5145 9022 9028 5151
4 9022 9023 9029 9028
4 5151 9028 9030 5153
4 9028 9029 9031 9030
4 9023 9026 9032 9029
4 9026 9027 9033 9032
4 9029 9032 9034 9031
4 9032 9033 9035 9034
4 8667 8678 9036 9025
4 8678 8679 9037 9036
4 9025 9036 9038 9027
4 9036 9037 9039 9038
4 8679 8682 9040 9037
4 8682 8683 9041 9040
4 9037 9040 9042 9039
4 9040 9041 9043 9042
4 9027 9038 9044 9033
4 9038 9039 9045 9044
4 9033 9044 9046 9035
4 9044 9045 9047 9046
4 9039 9042 9048 9045
4 9042 9043 9049 9048
4 9045 9048 9050 9047
4 9048 9049 9051 9050
4 5153 9030 9052 5175
4 9030 9031 9053 9052
4 5175 9052 9054 5177
4 9052 9053 9055 9054
4 9031 9034 9056 9053
4 9034 9035 9057 9056
4 9053 9056 9058 9055
4 9056 9057 9059 9058
4 5177 9054 9060 5183
4 9054 9055 9061 9060
4 5183 9060 9062 5185
4 9060 9061 9063 9062
4 9055 9058 9064 9061
4 9058 9059 9065 9064
4 9061 9064 9066 9063
4 9064 9065 9067 9066
4 9035 9046 9068 9057
4 9046 9047 9069 9068
4 9057 9068 9070 9059
4 9068 9069 9071 9070
4 9047 9050 9072 9069
4 9050 9051 9073 9072
4 9069 9072 9074 9071
4 9072 9073 9075 9074
4 9059 9070 9076 9065
4 9070 9071 9077 9076
4 9065 9076 9078 9067
4 9076 9077 9079 9078
4 9071 9074 9080 9077
4 9074 9075 9081 9080
4 9077 9080 9082 9079
4 9080 9081 9083 9082
4 8683 8726 9084 9041
4 8726 8727 9085 9084
4 9041 9084 9086 9043
4 9084 9085 9087 9086
4 8727 8730 9088 9085
4 8730 8731 9089 9088
4 9085 9088 9090 9087
4 9088 9089 9091 9090
4 9043 9086 9092 9049
4 9086 9087 9093 9092
4 9049 9092 9094 9051
4 9092 9093 9095 9094
4 9087 9090 9096 9093
4 9090 9091 9097 9096
4 9093 9096 9098 9095
4 9096 9097 9099 9098
4 8731 8742 9100 9089
4 8742 8743 9101 9100
4 9089 9100 9102 9091
4 9100 9101 9103 9102
4 8743 8746 9104 9101
4 8746 8747 9105 9104
4 9101 9104 9106 9103
4 9104 9105 9107 9106
4 9091 9102 9108 9097
4 9102 9103 9109 9108
4 9097 9108 9110 9099
4 9108 9109 9111 9110
4 9103 9106 9112 9109
4 9106 9107 9113 9112
4 9109 9112 9114 9111
4 9112 9113 9115 9114
4 9051 9094 9116 9073
4 9094 9095 9117 9116
4 9073 9116 9118 9075
4 9116 9117 9119 9118
4 9095 9098 9120 9117
4 9098 9099 9121 9120
4 9117 9120 9122 9119
4 9120 9121 9123 9122
4 9075 9118 9124 9081
4 9118 9119 9125 9124
4 9081 9124 9126 9083
4 9124 9125 9127 9126
4 9119 9122 9128 9125
4 9122 9123 9129 9128
4 9125 9128 9130 9127
4 9128 9129 9131 9130
4 9099 9110 9132 9121
4 9110 9111 9133 9132
4 9121 9132 9134 9123
4 9132 9133 9135 9134
4 9111 9114 9136 9133
4 9114 9115 9137 9136
4 9133 9136 9138 9135
4 9136 9137 9139 9138
4 9123 9134 9140 9129
4 9134 9135 9141 9140
4 9129 9140 9142 9131
4 9140 9141 9143 9142
4 9135 9138 9144 9141
4 9138 9139 9145 9144
4 9141 9144 9146 9143
4 9144 9145 9147 9146
4 5185 9062 9148 5271
4 9062 9063 9149 9148
4 5271 9148 9150 5273
4 9148 9149 9151 9150
4 9063 9066 9152 9149
4 9066 9067 9153 9152
4 9149 9152 9154 9151
4 9152 9153 9155 9154
4 5273 9150 9156 5279
4 9150 9151 9157 9156
4 5279 9156 9158 5281
4 9156 9157 9159 9158
4 9151 9154 9160 9157
4 9154 9155 9161 9160
4 9157 9160 9162 9159
4 9160 9161 9163 9162
4 9067 9078 9164 9153
4 9078 9079 9165 9164
4 9153 9164 9166 9155
4 9164 9165 9167 9166
4 9079 9082 9168 9165
4 9082 9083 9169 9168
4 9165 9168 9170 9167
4 9168 9169 9171 9170
4 9155 9166 9172 9161
4 9166 9167 9173 9172
4 9161 9172 9174 9163
4 9172 9173 9175 9174
4 9167 9170 9176 9173
4 9170 9171 9177 9176
4 9173 9176 9178 9175
4 9176 9177 9179 9178
4 5281 9158 9180 5303
4 9158 9159 9181 9180
4 5303 9180 9182 5305
4 9180 9181 9183 9182
4 9159 9162 9184 9181
4 9162 9163 9185 9184
4 9181 9184 9186 9183
4 9184 9185 9187 9186
4 5305 9182 9188 5311
4 9182 9183 9189 9188
4 5311 9188 9190 5313
4 9188 9189 9191 9190
4 9183 9186 9192 9189
4 9186 9187 9193 9192
4 9189 9192 9194 9191
4 9192 9193 9195 9194
4 9163 9174 9196 9185
4 9174 9175 9197 9196
4 9185 9196 9198 9187
4 9196 9197 9199 9198
4 9175 9178 9200 9197
4 9178 9179 9201 9200
4 9197 9200 9202 9199
4 9200 9201 9203 9202
4 9187 9198 9204 9193
4 9198 9199 9205 9204
4 9193 9204 9206 9195
4 9204 9205 9207 9206
4 9199 9202 9208 9205
4 9202 9203 9209 9208
4 9205 9208 9210 9207
4 9208 9209 9211 9210
4 9083 9126 9212 9169
4 9126 9127 9213 9212
4 9169 9212 9214 9171
4 9212 9213 9215 9214
4 9127 9130 9216 9213
4 9130 9131 9217 9216
4 9213 9216 9218 9215
4 9216 9217 9219 9218
4 9171 9214 9220 9177
4 9214 9215 9221 9220
4 9177 9220 9222 9179
4 9220 9221 9223 9222
4 9215 9218 9224 9221
4 9218 9219 9225 9224
4 9221 9224 9226 9223
4 9224 9225 9227 9226
4 9131 9142 9228 9217
4 9142 9143 9229 9228
4 9217 9228 9230 9219
4 9228 9229 9231 9230
4 9143 9146 9232 9229
4 9146 9147 9233 9232
4 9229 9232 9234 9231
4 9232 9233 9235 9234
4 9219 9230 9236 9225
4 9230 9231 9237 9236
4 9225 9236 9238 9227
4 9236 9237 9239 9238
4 9231 9234 9240 9237
4 9234 9235 9241 9240
4 9237 9240 9242 9239
4 9240 9241 9243 9242
4 9179 9222 9244 9201
4 9222 9223 9245 9244
4 9201 9244 9246 9203
4 9244 9245 9247 9246
4 9223 9226 9248 9245
4 9226 9227 9249 9248
4 9245 9248 9250 9247
4 9248 9249 9251 9250
4 9203 9246 9252 9209
4 9246 9247 9253 9252
4 9209 9252 9254 9211
4 9252 9253 9255 9254
4 9247 9250 9256 9253
4 9250 9251 9257 9256
4 9253 9256 9258 9255
4 9256 9257 9259 9258
4 9227 9238 9260 9249
4 9238 9239 9261 9260
4 9249 9260 9262 9251
4 9260 9261 9263 9262
4 9239 9242 9264 9261
4 9242 9243 9265 9264
4 9261 9264 9266 9263
4 9264 9265 9267 9266
4 9251 9262 9268 9257
4 9262 9263 9269 9268
4 9257 9268 9270 9259
4 9268 9269 9271 9270
4 9263 9266 9272 9269
4 9266 9267 9273 9272
4 9269 9272 9274 9271
4 9272 9273 9275 9274
4 8747 8934 9276 9105
4 8934 8935 9277 9276
4 9105 9276 9278 9107
4 9276 9277 9279 9278
4 8935 8938 9280 9277
4 8938 8939 9281 9280
4 9277 9280 9282 9279
4 9280 9281 9283 9282
4 9107 9278 9284 9113
4 9278 9279 9285 9284
4 9113 9284 9286 9115
4 9284 9285 9287 9286
4 9279 9282 9288 9285
4 9282 9283 9289 9288
4 9285 9288 9290 9287
4 9288 9289 9291 9290
4 8939 8950 9292 9281
4 8950 8951 9293 9292
4 9281 9292 9294 9283
4 9292 9293 9295 9294
4 8951 8954 9296 9293
4 8954 8955 9297 9296
4 9293 9296 9298 9295
4 9296 9297 9299 9298
4 9283 9294 9300 9289
4 9294 9295 9301 9300
4 9289 9300 9302 9291
4 9300 9301 9303 9302
4 9295 9298 9304 9301
4 9298 9299 9305 9304
4 9301 9304 9306 9303
4 9304 9305 9307 9306
4 9115 9286 9308 9137
4 9286 9287 9309 9308
4 9137 9308 9310 9139
4 9308 9309 9311 9310
4 9287 9290 9312 9309
4 9290 9291 9313 9312
4 9309 9312 9314 9311
4 9312 9313 9315 9314
4 9139 9310 9316 9145
4 9310 9311 9317 9316
4 9145 9316 9318 9147
4 9316 9317 9319 9318
4 9311 9314 9320 9317
4 9314 9315 9321 9320
4 9317 9320 9322 9319
4 9320 9321 9323 9322
4 9291 9302 9324 9313
4 9302 9303 9325 9324
4 9313 9324 9326 9315
4 9324 9325 9327 9326
4 9303 9306 9328 9325
4 9306 9307 9329 9328
4 9325 9328 9330 9327
4 9328 9329 9331 9330
4 9315 9326 9332 9321
4 9326 9327 9333 9332
4 9321 9332 9334 9323
4 9332 9333 9335 9334
4 9327 9330 9336 9333
4 9330 9331 9337 9336
4 9333 9336 9338 9335
4 9336 9337 9339 9338
4 8955 8998 9340 9297
4 8998 8999 9341 9340
4 9297 9340 9342 9299
4 9340 9341 9343 9342
4 8999 9002 9344 9341
4 9002 9003 9345 9344
4 9341 9344 9346 9343
4 9344 9345 9347 9346
4 9299 9342 9348 9305
4 9342 9343 9349 9348
4 9305 9348 9350 9307
4 9348 9349 9351 9350
4 9343 9346 9352 9349
4 9346 9347 9353 9352
4 9349 9352 9354 9351
4 9352 9353 9355 9354
4 9003 9014 9356 9345
4 9014 9015 9357 9356
4 9345 9356 9358 9347
4 9356 9357 9359 9358
4 9015 9018 9360 9357
4 9018 9019 9361 9360
4 9357 9360 9362 9359
4 9360 9361 9363 9362
4 9347 9358 9364 9353
4 9358 9359 9365 9364
4 9353 9364 9366 9355
4 9364 9365 9367 9366
4 9359 9362 9368 9365
4 9362 9363 9369 9368
4 9365 9368 9370 9367
4 9368 9369 9371 9370
4 9307 9350 9372 9329
4 9350 9351 9373 9372
4 9329 9372 9374 9331
4 9372 9373 9375 9374
4 9351 9354 9376 9373
4 9354 9355 9377 9376
4 9373 9376 9378 9375
4 9376 9377 9379 9378
4 9331 9374 9380 9337
4 9374 9375 9381 9380
4 9337 9380 9382 9339
4 9380 9381 9383 9382
4 9375 9378 9384 9381
4 9378 9379 9385 9384
4 9381 9384 9386 9383
4 9384 9385 9387 9386
4 9355 9366 9388 9377
4 9366 9367 9389 9388
4 9377 9388 9390 9379
4 9388 9389 9391 9390
4 9367 9370 9392 9389
4 9370 9371 9393 9392
4 9389 9392 9394 9391
4 9392 9393 9395 9394
4 9379 9390 9396 9385
4 9390 9391 9397 9396
4 9385 9396 9398 9387
4 9396 9397 9399 9398
4 9391 9394 9400 9397
4 9394 9395 9401 9400
4 9397 9400 9402 9399
4 9400 9401 9403 9402
4 9147 9318 9404 9233
4 9318 9319 9405 9404
4 9233 9404 9406 9235
4 9404 9405 9407 9406
4 9319 9322 9408 9405
4 9322 9323 9409 9408
4 9405 9408 9410 9407
4 9408 9409 9411 9410
4 9235 9406 9412 9241
4 9406 9407 9413 9412
4 9241 9412 9414 9243
4 9412 9413 9415 9414
4 9407 9410 9416 9413
4 9410 9411 9417 9416
4 9413 9416 9418 9415
4 9416 9417 9419 9418
4 9323 9334 9420 9409
4 9334 9335 9421 9420
4 9409 9420 9422 9411
4 9420 9421 9423 9422
4 9335 9338 9424 9421
4 9338 9339 9425 9424
4 9421 9424 9426 9423
4 9424 9425 9427 9426
4 9411 9422 9428 9417
4 9422 9423 9429 9428
4 9417 9428 9430 9419
4 9428 9429 9431 9430
4 9423 9426 9432 9429
4 9426 9427 9433 9432
4 9429 9432 9434 9431
4 9432 9433 9435 9434
4 9243 9414 9436 9265
4 9414 9415 9437 9436
4 9265 9436 9438 9267
4 9436 9437 9439 9438
4 9415 9418 9440 9437
4 9418 9419 9441 9440
4 9437 9440 9442 9439
4 9440 9441 9443 9442
4 9267 9438 9444 9273
4 9438 9439 9445 9444
4 9273 9444 9446 9275
4 9444 9445 9447 9446
4 9439 9442 9448 9445
4 9442 9443 9449 9448
4 9445 9448 9450 9447
4 9448 9449 9451 9450
4 9419 9430 9452 9441
4 9430 9431 9453 9452
4 9441 9452 9454 9443
4 9452 9453 9455 9454
4 9431 9434 9456 9453
4 9434 9435 9457 9456
4 9453 9456 9458 9455
4 9456 9457 9459 9458
4 9443 9454 9460 9449
4 9454 9455 9461 9460
4 9449 9460 9462 9451
4 9460 9461 9463 9462
4 9455 9458 9464 9461
4 9458 9459 9465 9464
4 9461 9464 9466 9463
4 9464 9465 9467 9466
4 9339 9382 9468 9425
4 9382 9383 9469 9468
4 9425 9468 9470 9427
4 9468 9469 9471 9470
4 9383 9386 9472 9469
4 9386 9387 9473 9472
4 9469 9472 9474 9471
4 9472 9473 9475 9474
4 9427 9470 9476 9433
4 9470 9471 9477 9476
4 9433 9476 9478 9435
4 9476 9477 9479 9478
4 9471 9474 9480 9477
4 9474 9475 9481 9480
4 9477 9480 9482 9479
4 9480 9481 9483 9482
4 9387 9398 9484 9473
4 9398 9399 9485 9484
4 9473 9484 9486 9475
4 9484 9485 9487 9486
4 9399 9402 9488 9485
4 9402 9403 9489 9488
4 9485 9488 9490 9487
4 9488 9489 9491 9490
4 9475 9486 9492 9481
4 9486 9487 9493 9492
4 9481 9492 9494 9483
4 9492 9493 9495 9494
4 9487 9490 9496 9493
4 9490 9491 9497 9496
4 9493 9496 9498 9495
4 9496 9497 9499 9498
4 9435 9478 9500 9457
4 9478 9479 9501 9500
4 9457 9500 9502 9459
4 9500 9501 9503 9502
4 9479 9482 9504 9501
4 9482 9483 9505 9504
4 9501 9504 9506 9503
4 9504 9505 9507 9506
4 9459 9502 9508 9465
4 9502 9503 9509 9508
4 9465 9508 9510 9467
4 9508 9509 9511 9510
4 9503 9506 9512 9509
4 9506 9507 9513 9512
4 9509 9512 9514 9511
4 9512 9513 9515 9514
4 9483 9494 9516 9505
4 9494 9495 9517 9516
4 9505 9516 9518 9507
4 9516 9517 9519 9518
4 9495 9498 9520 9517
4 9498 9499 9521 9520
4 9517 9520 9522 9519
4 9520 9521 9523 9522
4 9507 9518 9524 9513
4 9518 9519 9525 9524
4 9513 9524 9526 9515
4 9524 9525 9527 9526
4 9519 9522 9528 9525
4 9522 9523 9529 9528
4 9525 9528 9530 9527
4 9528 9529 9531 9530
4 5313 9190 9532 5655
4 9190 9191 9533 9532
4 5655 9532 9534 5657
4 9532 9533 9535 9534
4 9191 9194 9536 9533
4 9194 9195 9537 9536
4 9533 9536 9538 9535
4 9536 9537 9539 9538
4 5657 9534 9540 5663
4 9534 9535 9541 9540
4 5663 9540 9542 5665
4 9540 9541 9543 9542
4 9535 9538 9544 9541
4 9538 9539 9545 9544
4 9541 9544 9546 9543
4 9544 9545 9547 9546
4 9195 9206 9548 9537
4 9206 9207 9549 9548
4 9537 9548 9550 9539
4 9548 9549 9551 9550
4 9207 9210 9552 9549
4 9210 9211 9553 9552
4 9549 9552 9554 9551
4 9552 9553 9555 9554
4 9539 9550 9556 9545
4 9550 9551 9557 9556
4 9545 9556 9558 9547
4 9556 9557 9559 9558
4 9551 9554 9560 9557
4 9554 9555 9561 9560
4 9557 9560 9562 9559
4 9560 9561 9563 9562
4 5665 9542 9564 5687
4 9542 9543 9565 9564
4 5687 9564 9566 5689
4 9564 9565 9567 9566
4 9543 9546 9568 9565
4 9546 9547 9569 9568
4 9565 9568 9570 9567
4 9568 9569 9571 9570
4 5689 9566 9572 5695
4 9566 9567 9573 9572
4 5695 9572 9574 5697
4 9572 9573 9575 9574
4 9567 9570 9576 9573
4 9570 9571 9577 9576
4 9573 9576 9578 9575
4 9576 9577 9579 9578
4 9547 9558 9580 9569
4 9558 9559 9581 9580
4 9569 9580 9582 9571
4 9580 9581 9583 9582
4 9559 9562 9584 9581
4 9562 9563 9585 9584
4 9581 9584 9586 9583
4 9584 9585 9587 9586
4 9571 9582 9588 9577
4 9582 9583 9589 9588
4 9577 9588 9590 9579
4 9588 9589 9591 9590
4 9583 9586 9592 9589
4 9586 9587 9593 9592
4 9589 9592 9594 9591
4 9592 9593 9595 9594
4 9211 9254 9596 9553
4 9254 9255 9597 9596
4 9553 9596 9598 9555
4 9596 9597 9599 9598
4 9255 9258 9600 9597
4 9258 9259 9601 9600
4 9597 9600 9602 9599
4 9600 9601 9603 9602
4 9555 9598 9604 9561
4 9598 9599 9605 9604
4 9561 9604 9606 9563
4 9604 9605 9607 9606
4 9599 9602 9608 9605
4 9602 9603 9609 9608
4 9605 9608 9610 9607
4 9608 9609 9611 9610
4 9259 9270 9612 9601
4 9270 9271 9613 9612
4 9601 9612 9614 9603
4 9612 9613 9615 9614
4 9271 9274 9616 9613
4 9274 9275 9617 9616
4 9613 9616 9618 9615
4 9616 9617 9619 9618
4 9603 9614 9620 9609
4 9614 9615 9621 9620
4 9609 9620 9622 9611
4 9620 9621 9623 9622
4 9615 9618 9624 9621
4 9618 9619 9625 9624
4 9621 9624 9626 9623
4 9624 9625 9627 9626
4 9563 9606 9628 9585
4 9606 9607 9629 9628
4 9585 9628 9630 9587
4 9628 9629 9631 9630
4 9607 9610 9632 9629
4 9610 9611 9633 9632
4 9629 9632 9634 9631
4 9632 9633 9635 9634
4 9587 9630 9636 9593
4 9630 9631 9637 9636
4 9593 9636 9638 9595
4 9636 9637 9639 9638
4 9631 9634 9640 9637
4 9634 9635 9641 9640
4 9637 9640 9642 9639
4 9640 9641 9643 9642
4 9611 9622 9644 9633
4 9622 9623 9645 9644
4 9633 9644 9646 9635
4 9644 9645 9647 9646
4 9623 9626 9648 9645
4 9626 9627 9649 9648
4 9645 9648 9650 9647
4 9648 9649 9651 9650
4 9635 9646 9652 9641
4 9646 9647 9653 9652
4 9641 9652 9654 9643
4 9652 9653 9655 9654
4 9647 9650 9656 9653
4 9650 9651 9657 9656
4 9653 9656 9658 9655
4 9656 9657 9659 9658
4 5697 9574 9660 5783
4 9574 9575 9661 9660
4 5783 9660 9662 5785
4 9660 9661 9663 9662
4 9575 9578 9664 9661
4 9578 9579 9665 9664
4 9661 9664 9666 9663
4 9664 9665 9667 9666
4 5785 9662 9668 5791
4 9662 9663 9669 9668
4 5791 9668 9670 5793
4 9668 9669 9671 9670
4 9663 9666 9672 9669
4 9666 9667 9673 9672
4 9669 9672 9674 9671
4 9672 9673 9675 9674
4 9579 9590 9676 9665
4 9590 9591 9677 9676
4 9665 9676 9678 9667
4 9676 9677 9679 9678
4 9591 9594 9680 9677
4 9594 9595 9681 9680
4 9677 9680 9682 9679
4 9680 9681 9683 9682
4 9667 9678 9684 9673
4 9678 9679 9685 9684
4 9673 9684 9686 9675
4 9684 9685 9687 9686
4 9679 9682 9688 9685
4 9682 9683 9689 9688
4 9685 9688 9690 9687
4 9688 9689 9691 9690
4 5793 9670 9692 5815
4 9670 9671 9693 9692
4 5815 9692 9694 5817
4 9692 9693 9695 9694
4 9671 9674 9696 9693
4 9674 9675 9697 9696
4 9693 9696 9698 9695
4 9696 9697 9699 9698
4 5817 9694 9700 5823
4 9694 9695 9701 9700
4 5823 9700 9702 5825
4 9700 9701 9703 9702
4 9695 9698 9704 9701
4 9698 9699 9705 9704
4 9701 9704 9706 9703
4 9704 9705 9707 9706
4 9675 9686 9708 9697
4 9686 9687 9709 9708
4 9697 9708 9710 9699
4 9708 9709 9711 9710
4 9687 9690 9712 9709
4 9690 9691 9713 9712
4 9709 9712 9714 9711
4 9712 9713 9715 9714
4 9699 9710 9716 9705
4 9710 9711 9717 9716
4 9705 9716 9718 9707
4 9716 9717 9719 9718
4 9711 9714 9720 9717
4 9714 9715 9721 9720
4 9717 9720 9722 9719
4 9720 9721 9723 9722
4 9595 9638 9724 9681
4 9638 9639 9725 9724
4 9681 9724 9726 9683
4 9724 9725 9727 9726
4 9639 9642 9728 9725
4 9642 9643 9729 9728
4 9725 9728 9730 9727
4 9728 9729 9731 9730
4 9683 9726 9732 9689
4 9726 9727 9733 9732
4 9689 9732 9734 9691
4 9732 9733 9735 9734
4 9727 9730 9736 9733
4 9730 9731 9737 9736
4 9733 9736 9738 9735
4 9736 9737 9739 9738
4 9643 9654 9740 9729
4 9654 9655 9741 9740
4 9729 9740 9742 9731
4 9740 9741 9743 9742
4 9655 9658 9744 9741
4 9658 9659 9745 9744
4 9741 9744 9746 9743
4 9744 9745 9747 9746
4 9731 9742 9748 9737
4 9742 9743 9749 9748
4 9737 9748 9750 9739
4 9748 9749 9751 9750
4 9743 9746 9752 9749
4 9746 9747 9753 9752
4 9749 9752 9754 9751
4 9752 9753 9755 9754
4 9691 9734 9756 9713
4 9734 9735 9757 9756
4 9713 9756 9758 9715
4 9756 9757 9759 9758
4 9735 9738 9760 9757
4 9738 9739 9761 9760
4 9757 9760 9762 9759
4 9760 9761 9763 9762
4 9715 9758 9764 9721
4 9758 9759 9765 9764
4 9721 9764 9766 9723
4 9764 9765 9767 9766
4 9759 9762 9768 9765
4 9762 9763 9769 9768
4 9765 9768 9770 9767
4 9768 9769 9771 9770
4 9739 9750 9772 9761
4 9750 9751 9773 9772
4 9761 9772 9774 9763
4 9772 9773 9775 9774
4 9751 9754 9776 9773
4 9754 9755 9777 9776
4 9773 9776 9778 9775
4 9776 9777 9779 9778
4 9763 9774 9780 9769
4 9774 9775 9781 9780
4 9769 9780 9782 9771
4 9780 9781 9783 9782
4 9775 9778 9784 9781
4 9778 9779 9785 9784
4 9781 9784 9786 9783
4 9784 9785 9787 9786
4 9275 9446 9788 9617
4 9446 9447 9789 9788
4 9617 9788 9790 9619
4 9788 9789 9791 9790
4 9447 9450 9792 9789
4 9450 9451 9793 9792
4 9789 9792 9794 9791
4 9792 9793 9795 9794
4 9619 9790 9796 9625
4 9790 9791 9797 9796
4 9625 9796 9798 9627
4 9796 9797 9799 9798
4 9791 9794 9800 9797
4 9794 9795 9801 9800
4 9797 9800 9802 9799
4 9800 9801 9803 9802
4 9451 9462 9804 9793
4 9462 9463 9805 9804
4 9793 9804 9806 9795
4 9804 9805 9807 9806
4 9463 9466 9808 9805
4 9466 9467 9809 9808
4 9805 9808 9810 9807
4 9808 9809 9811 9810
4 9795 9806 9812 9801
4 9806 9807 9813 9812
4 9801 9812 9814 9803
4 9812 9813 9815 9814
4 9807 9810 9816 9813
4 9810 9811 9817 9816
4 9813 9816 9818 9815
4 9816 9817 9819 9818
4 9627 9798 9820 9649
4 9798 9799 9821 9820
4 9649 9820 9822 9651
4 9820 9821 9823 9822
4 9799 9802 9824 9821
4 9802 9803 9825 9824
4 9821 9824 9826 9823
4 9824 9825 9827 9826
4 9651 9822 9828 9657
4 9822 9823 9829 9828
4 9657 9828 9830 9659
4 9828 9829 9831 9830
4 9823 9826 9832 9829
4 9826 9827 9833 9832
4 9829 9832 9834 9831
4 9832 9833 9835 9834
4 9803 9814 9836 9825
4 9814 9815 9837 9836
4 9825 9836 9838 9827
4 9836 9837 9839 9838
4 9815 9818 9840 9837
4 9818 9819 9841 9840
4 9837 9840 9842 9839
4 9840 9841 9843 9842
4 9827 9838 9844 9833
4 9838 9839 9845 9844
4 9833 9844 9846 9835
4 9844 9845 9847 9846
4 9839 9842 9848 9845
4 9842 9843 9849 9848
4 9845 9848 9850 9847
4 9848 9849 9851 9850
4 9467 9510 9852 9809
4 9510 9511 9853 9852
4 9809 9852 9854 9811
4 9852 9853 9855 9854
4 9511 9514 9856 9853
4 9514 9515 9857 9856
4 9853 9856 9858 9855
4 9856 9857 9859 9858
4 9811 9854 9860 9817
4 9854 9855 9861 9860
4 9817 9860 9862 9819
4 9860 9861 9863 9862
4 9855 9858 9864 9861
4 9858 9859 9865 9864
4 9861 9864 9866 9863
4 9864 9865 9867 9866
4 9515 9526 9868 9857
4 9526 9527 9869 9868
4 9857 9868 9870 9859
4 9868 9869 9871 9870
4 9527 9530 9872 9869
4 9530 9531 9873 9872
4 9869 9872 9874 9871
4 9872 9873 9875 9874
4 9859 9870 9876 9865
4 9870 9871 9877 9876
4 9865 9876 9878 9867
4 9876 9877 9879 9878
4 9871 9874 9880 9877
4 9874 9875 9881 9880
4 9877 9880 9882 9879
4 9880 9881 9883 9882
4 9819 9862 9884 9841
4 9862 9863 9885 9884
4 9841 9884 9886 9843
4 9884 9885 9887 9886
4 9863 9866 9888 9885
4 9866 9867 9889 9888
4 9885 9888 9890 9887
4 9888 9889 9891 9890
4 9843 9886 9892 9849
4 9886 9887 9893 9892
4 9849 9892 9894 9851
4 9892 9893 9895 9894
4 9887 9890 9896 9893
4 9890 9891 9897 9896
4 9893 9896 9898 9895
4 9896 9897 9899 9898
4 9867 9878 9900 9889
4 9878 9879 9901 9900
4 9889 9900 9902 9891
4 9900 9901 9903 9902
4 9879 9882 9904 9901
4 9882 9883 9905 9904
4 9901 9904 9906 9903
4 9904 9905 9907 9906
4 9891 9902 9908 9897
4 9902 9903 9909 9908
4 9897 9908 9910 9899
4 9908 9909 9911 9910
4 9903 9906 9912 9909
4 9906 9907 9913 9912
4 9909 9912 9914 9911
4 9912 9913 9915 9914
4 9659 9830 9916 9745
4 9830 9831 9917 9916
4 9745 9916 9918 9747
4 9916 9917 9919 9918
4 9831 9834 9920 9917
4 9834 9835 9921 9920
4 9917 9920 9922 9919
4 9920 9921 9923 9922
4 9747 9918 9924 9753
4 9918 9919 9925 9924
4 9753 9924 9926 9755
4 9924 9925 9927 9926
4 9919 9922 9928 9925
4 9922 9923 9929 9928
4 9925 9928 9930 9927
4 9928 9929 9931 9930
4 9835 9846 9932 9921
4 9846 9847 9933 9932
4 9921 9932 9934 9923
4 9932 9933 9935 9934
4 9847 9850 9936 9933
4 9850 9851 9937 9936
4 9933 9936 9938 9935
4 9936 9937 9939 9938
4 9923 9934 9940 9929
4 9934 9935 9941 9940
4 9929 9940 9942 9931
4 9940 9941 9943 9942
4 9935 9938 9944 9941
4 9938 9939 9945 9944
4 9941 9944 9946 9943
4 9944 9945 9947 9946
4 9755 9926 9948 9777
4 9926 9927 9949 9948
4 9777 9948 9950 9779
4 9948 9949 9951 9950
4 9927 9930 9952 9949
4 9930 9931 9953 9952
4 9949 9952 9954 9951
4 9952 9953 9955 9954
4 9779 9950 9956 9785
4 9950 9951 9957 9956
4 9785 9956 9958 9787
4 9956 9957 9959 9958
4 9951 9954 9960 9957
4 9954 9955 9961 9960
4 9957 9960 9962 9959
4 9960 9961 9963 9962
4 9931 9942 9964 9953
4 9942 9943 9965 9964
4 9953 9964 9966 9955
4 9964 9965 9967 9966
4 9943 9946 9968 9965
4 9946 9947 9969 9968
4 9965 9968 9970 9967
4 9968 9969 9971 9970
4 9955 9966 9972 9961
4 9966 9967 9973 9972
4 9961 9972 9974 9963
4 9972 9973 9975 9974
4 9967 9970 9976 9973
4 9970 9971 9977 9976
4 9973 9976 9978 9975
4 9976 9977 9979 9978
4 9851 9894 9980 9937
4 9894 9895 9981 9980
4 9937 9980 9982 9939
4 9980 9981 9983 9982
4 9895 9898 9984 9981
4 9898 9899 9985 9984
4 9981 9984 9986 9983
4 9984 9985 9987 9986
4 9939 9982 9988 9945
4 9982 9983 9989 9988
4 9945 9988 9990 9947
4 9988 9989 9991 9990
4 9983 9986 9992 9989
4 9986 9987 9993 9992
4 9989 9992 9994 9991
4 9992 9993 9995 9994
4 9899 9910 9996 9985
4 9910 9911 9997 9996
4 9985 9996 9998 9987
4 9996 9997 9999 9998
4 9911 9914 10000 9997
4 9914 9915 10001 10000
4 9997 10000 10002 9999
4 10000 10001 10003 10002
4 9987 9998 10004 9993
4 9998 9999 10005 10004
4 9993 10004 10006 9995
4 10004 10005 10007 10006
4 9999 10002 10008 10005
4 10002 10003 10009 10008
4 10005 10008 10010 10007
4 10008 10009 10011 10010
4 9947 9990 10012 9969
4 9990 9991 10013 10012
4 9969 10012 10014 9971
4 10012 10013 10015 10014
4 9991 9994 10016 10013
4 9994 9995 10017 10016
4 10013 10016 10018 10015
4 10016 10017 10019 10018
4 9971 10014 10020 9977
4 10014 10015 10021 10020
4 9977 10020 10022 9979
4 10020 10021 10023 10022
4 10015 10018 10024 10021
4 10018 10019 10025 10024
4 10021 10024 10026 10023
4 10024 10025 10027 10026
4 9995 10006 10028 10017
4 10006 10007 10029 10028
4 10017 10028 10030 10019
4 10028 10029 10031 10030
4 10007 10010 10032 10029
4 10010 10011 10033 10032
4 10029 10032 10034 10031
4 10032 10033 10035 10034
4 10019 10030 10036 10025
4 10030 10031 10037 10036
4 10025 10036 10038 10027
4 10036 10037 10039 10038
4 10031 10034 10040 10037
4 10034 10035 10041 10040
4 10037 10040 10042 10039
4 10040 10041 10043 10042
4 5825 9702 10044 6167
4 9702 9703 10045 10044
4 6167 10044 10046 6169
4 10044 10045 10047 10046
4 9703 9706 10048 10045
4 9706 9707 10049 10048
4 10045 10048 10050 10047
4 10048 10049 10051 10050
4 6169 10046 10052 6175
4 10046 10047 10053 10052
4 6175 10052 10054 6177
4 10052 10053 10055 10054
4 10047 10050 10056 10053
4 10050 10051 10057 10056
4 10053 10056 10058 10055
4 10056 10057 10059 10058
4 9707 9718 10060 10049
4 9718 9719 10061 10060
4 10049 10060 10062 10051
4 10060 10061 10063 10062
4 9719 9722 10064 10061
4 9722 9723 10065 10064
4 10061 10064 10066 10063
4 10064 10065 10067 10066
4 10051 10062 10068 10057
4 10062 10063 10069 10068
4 10057 10068 10070 10059
4 10068 10069 10071 10070
4 10063 10066 10072 10069
4 10066 10067 10073 10072
4 10069 10072 10074 10071
4 10072 10073 10075 10074
4 6177 10054 10076 6199
4 10054 10055 10077 10076
4 6199 10076 10078 6201
4 10076 10077 10079 10078
4 10055 10058 10080 10077
4 10058 10059 10081 10080
4 10077 10080 10082 10079
4 10080 10081 10083 10082
4 6201 10078 10084 6207
4 10078 10079 10085 10084
4 6207 10084 10086 6209
4 10084 10085 10087 10086
4 10079 10082 10088 10085
4 10082 10083 10089 10088
4 10085 10088 10090 10087
4 10088 10089 10091 10090
4 10059 10070 10092 10081
4 10070 10071 10093 10092
4 10081 10092 10094 10083
4 10092 10093 10095 10094
4 10071 10074 10096 10093
4 10074 10075 10097 10096
4 10093 10096 10098 10095
4 10096 10097 10099 10098
4 10083 10094 10100 10089
4 10094 10095 10101 10100
4 10089 10100 10102 10091
4 10100 10101 10103 10102
4 10095 10098 10104 10101
4 10098 10099 10105 10104
4 10101 10104 10106 10103
4 10104 10105 10107 10106
4 9723 9766 10108 10065
4 9766 9767 10109 10108
4 10065 10108 10110 10067
4 10108 10109 10111 10110
4 9767 9770 10112 10109
4 9770 9771 10113 10112
4 10109 10112 10114 10111
4 10112 10113 10115 10114
4 10067 10110 10116 10073
4 10110 10111 10117 10116
4 10073 10116 10118 10075
4 10116 10117 10119 10118
4 10111 10114 10120 10117
4 10114 10115 10121 10120
4 10117 10120 10122 10119
4 10120 10121 10123 10122
4 9771 9782 10124 10113
4 9782 9783 10125 10124
4 10113 10124 10126 10115
4 10124 10125 10127 10126
4 9783 9786 10128 10125
4 9786 9787 10129 10128
4 10125 10128 10130 10127
4 10128 10129 10131 10130
4 10115 10126 10132 10121
4 10126 10127 10133 10132
4 10121 10132 10134 10123
4 10132 10133 10135 10134
4 10127 10130 10136 10133
4 10130 10131 10137 10136
4 10133 10136 10138 10135
4 10136 10137 10139 10138
4 10075 10118 10140 10097
4 10118 10119 10141 10140
4 10097 10140 10142 10099
4 10140 10141 10143 10142
4 10119 10122 10144 10141
4 10122 10123 10145 10144
4 10141 10144 10146 10143
4 10144 10145 10147 10146
4 10099 10142 10148 10105
4 10142 10143 10149 10148
4 10105 10148 10150 10107
4 10148 10149 10151 10150
4 10143 10146 10152 10149
4 10146 10147 10153 10152
4 10149 10152 10154 10151
4 10152 10153 10155 10154
4 10123 10134 10156 10145
4 10134 10135 10157 10156
4 10145 10156 10158 10147
4 10156 10157 10159 10158
4 10135 10138 10160 10157
4 10138 10139 10161 10160
4 10157 10160 10162 10159
4 10160 10161 10163 10162
4 10147 10158 10164 10153
4 10158 10159 10165 10164
4 10153 10164 10166 10155
4 10164 10165 10167 10166
4 10159 10162 10168 10165
4 10162 10163 10169 10168
4 10165 10168 10170 10167
4 10168 10169 10171 10170
4 6209 10086 10172 6295
4 10086 10087 10173 10172
4 6295 10172 10174 6297
4 10172 10173 10175 10174
4 10087 10090 10176 10173
4 10090 10091 10177 10176
4 10173 10176 10178 10175
4 10176 10177 10179 10178
4 6297 10174 10180 6303
4 10174 10175 10181 10180
4 6303 10180 10182 6305
4 10180 10181 10183 10182
4 10175 10178 10184 10181
4 10178 10179 10185 10184
4 10181 10184 10186 10183
4 10184 10185 10187 10186
4 10091 10102 10188 10177
4 10102 10103 10189 10188
4 10177 10188 10190 10179
4 10188 10189 10191 10190
4 10103 10106 10192 10189
4 10106 10107 10193 10192
4 10189 10192 10194 10191
4 10192 10193 10195 10194
4 10179 10190 10196 10185
4 10190 10191 10197 10196
4 10185 10196 10198 10187
4 10196 10197 10199 10198
4 10191 10194 10200 10197
4 10194 10195 10201 10200
4 10197 10200 10202 10199
4 10200 10201 10203 10202
4 6305 10182 10204 6327
4 10182 10183 10205 10204
4 6327 10204 10206 6329
4 10204 10205 10207 10206
4 10183 10186 10208 10205
4 10186 10187 10209 10208
4 10205 10208 10210 10207
4 10208 10209 10211 10210
5 6329 10206 10212 10213 6335
4 10206 10207 10214 10212
5 6335 10213 10215 10216 6340
4 10213 10212 10217 10215
5 6340 10216 10218 10219 6345
4 10216 10215 10220 10218
5 6345 10219 10221 10222 6350
4 10219 10218 10223 10221
5 6350 10222 10224 10225 6355
4 10222 10221 10226 10224
5 6355 10225 10227 10228 6360
4 10225 10224 10229 10227
5 6360 10228 10230 10231 6365
4 10228 10227 10232 10230
5 6365 10231 10233 10234 6370
4 10231 10230 10235 10233
5 6370 10234 10236 10237 6375
4 10234 10233 10238 10236
5 6375 10237 10239 10240 6380
4 10237 10236 10241 10239
4 6380 10240 10242 6385
4 10240 10239 10243 10242
4 6385 10242 10244 6387
4 10242 10243 10245 10244
5 10239 10241 10246 10245 10243
5 10236 10238 10247 10246 10241
5 10233 10235 10248 10247 10238
5 10230 10232 10249 10248 10235
5 10227 10229 10250 10249 10232
5 10224 10226 10251 10250 10229
5 10221 10223 10252 10251 10226
5 10218 10220 10253 10252 10223
5 10215 10217 10254 10253 10220
5 10212 10214 10255 10254 10217
4 10207 10210 10256 10214
4 10210 10211 10257 10256
4 10214 10256 10258 10255
4 10256 10257 10259 10258
4 10187 10198 10260 10209
4 10198 10199 10261 10260
4 10209 10260 10262 10211
4 10260 10261 10263 10262
4 10199 10202 10264 10261
4 10202 10203 10265 10264
4 10261 10264 10266 10263
4 10264 10265 10267 10266
4 10211 10262 10268 10257
4 10262 10263 10269 10268
4 10257 10268 10270 10259
4 10268 10269 10271 10270
4 10263 10266 10272 10269
4 10266 10267 10273 10272
4 10269 10272 10274 10271
4 10272 10273 10275 10274
4 10107 10150 10276 10193
4 10150 10151 10277 10276
4 10193 10276 10278 10195
4 10276 10277 10279 10278
4 10151 10154 10280 10277
4 10154 10155 10281 10280
4 10277 10280 10282 10279
4 10280 10281 10283 10282
4 10195 10278 10284 10201
4 10278 10279 10285 10284
4 10201 10284 10286 10203
4 10284 10285 10287 10286
4 10279 10282 10288 10285
4 10282 10283 10289 10288
4 10285 10288 10290 10287
4 10288 10289 10291 10290
4 10155 10166 10292 10281
4 10166 10167 10293 10292
4 10281 10292 10294 10283
4 10292 10293 10295 10294
4 10167 10170 10296 10293
4 10170 10171 10297 10296
4 10293 10296 10298 10295
4 10296 10297 10299 10298
4 10283 10294 10300 10289
4 10294 10295 10301 10300
4 10289 10300 10302 10291
4 10300 10301 10303 10302
4 10295 10298 10304 10301
4 10298 10299 10305 10304
4 10301 10304 10306 10303
4 10304 10305 10307 10306
4 10203 10286 10308 10265
4 10286 10287 10309 10308
4 10265 10308 10310 10267
4 10308 10309 10311 10310
4 10287 10290 10312 10309
4 10290 10291 10313 10312
4 10309 10312 10314 10311
4 10312 10313 10315 10314
4 10267 10310 10316 10273
4 10310 10311 10317 10316
4 10273 10316 10318 10275
4 10316 10317 10319 10318
4 10311 10314 10320 10317
4 10314 10315 10321 10320
4 10317 10320 10322 10319
4 10320 10321 10323 10322
4 10291 10302 10324 10313
4 10302 10303 10325 10324
4 10313 10324 10326 10315
4 10324 10325 10327 10326
4 10303 10306 10328 10325
4 10306 10307 10329 10328
4 10325 10328 10330 10327
4 10328 10329 10331 10330
4 10315 10326 10332 10321
4 10326 10327 10333 10332
4 10321 10332 10334 10323
4 10332 10333 10335 10334
4 10327 10330 10336 10333
4 10330 10331 10337 10336
4 10333 10336 10338 10335
4 10336 10337 10339 10338
4 9787 9958 10340 10129
4 9958 9959 10341 10340
4 10129 10340 10342 10131
4 10340 10341 10343 10342
4 9959 9962 10344 10341
4 9962 9963 10345 10344
4 10341 10344 10346 10343
4 10344 10345 10347 10346
4 10131 10342 10348 10137
4 10342 10343 10349 10348
4 10137 10348 10350 10139
4 10348 10349 10351 10350
4 10343 10346 10352 10349
4 10346 10347 10353 10352
4 10349 10352 10354 10351
4 10352 10353 10355 10354
4 9963 9974 10356 10345
4 9974 9975 10357 10356
4 10345 10356 10358 10347
4 10356 10357 10359 10358
4 9975 9978 10360 10357
4 9978 9979 10361 10360
4 10357 10360 10362 10359
4 10360 10361 10363 10362
4 10347 10358 10364 10353
4 10358 10359 10365 10364
4 10353 10364 10366 10355
4 10364 10365 10367 10366
4 10359 10362 10368 10365
4 10362 10363 10369 10368
4 10365 10368 10370 10367
4 10368 10369 10371 10370
4 10139 10350 10372 10161
4 10350 10351 10373 10372
4 10161 10372 10374 10163
4 10372 10373 10375 10374
4 10351 10354 10376 10373
4 10354 10355 10377 10376
4 10373 10376 10378 10375
4 10376 10377 10379 10378
4 10163 10374 10380 10169
4 10374 10375 10381 10380
4 10169 10380 10382 10171
4 10380 10381 10383 10382
4 10375 10378 10384 10381
4 10378 10379 10385 10384
4 10381 10384 10386 10383
4 10384 10385 10387 10386
4 10355 10366 10388 10377
4 10366 10367 10389 10388
4 10377 10388 10390 10379
4 10388 10389 10391 10390
4 10367 10370 10392 10389
4 10370 10371 10393 10392
4 10389 10392 10394 10391
4 10392 10393 10395 10394
4 10379 10390 10396 10385
4 10390 10391 10397 10396
4 10385 10396 10398 10387
4 10396 10397 10399 10398
4 10391 10394 10400 10397
4 10394 10395 10401 10400
4 10397 10400 10402 10399
4 10400 10401 10403 10402
4 9979 10022 10404 10361
4 10022 10023 10405 10404
4 10361 10404 10406 10363
4 10404 10405 10407 10406
4 10023 10026 10408 10405
4 10026 10027 10409 10408
4 10405 10408 10410 10407
4 10408 10409 10411 10410
4 10363 10406 10412 10369
4 10406 10407 10413 10412
4 10369 10412 10414 10371
4 10412 10413 10415 10414
4 10407 10410 10416 10413
4 10410 10411 10417 10416
4 10413 10416 10418 10415
4 10416 10417 10419 10418
4 10027 10038 10420 10409
4 10038 10039 10421 10420
4 10409 10420 10422 10411
4 10420 10421 10423 10422
4 10039 10042 10424 10421
4 10042 10043 10425 10424
4 10421 10424 10426 10423
4 10424 10425 10427 10426
4 10411 10422 10428 10417
4 10422 10423 10429 10428
4 10417 10428 10430 10419
4 10428 10429 10431 10430
4 10423 10426 10432 10429
4 10426 10427 10433 10432
4 10429 10432 10434 10431
4 10432 10433 10435 10434
4 10371 10414 10436 10393
4 10414 10415 10437 10436
4 10393 10436 10438 10395
4 10436 10437 10439 10438
4 10415 10418 10440 10437
4 10418 10419 10441 10440
4 10437 10440 10442 10439
4 10440 10441 10443 10442
4 10395 10438 10444 10401
4 10438 10439 10445 10444
4 10401 10444 10446 10403
4 10444 10445 10447 10446
4 10439 10442 10448 10445
4 10442 10443 10449 10448
4 10445 10448 10450 10447
4 10448 10449 10451 10450
4 10419 10430 10452 10441
4 10430 10431 10453 10452
4 10441 10452 10454 10443
4 10452 10453 10455 10454
4 10431 10434 10456 10453
4 10434 10435 10457 10456
4 10453 10456 10458 10455
4 10456 10457 10459 10458
4 10443 10454 10460 10449
4 10454 10455 10461 10460
4 10449 10460 10462 10451
4 10460 10461 10463 10462
4 10455 10458 10464 10461
4 10458 10459 10465 10464
4 10461 10464 10466 10463
4 10464 10465 10467 10466
4 10171 10382 10468 10297
4 10382 10383 10469 10468
4 10297 10468 10470 10299
4 10468 10469 10471 10470
4 10383 10386 10472 10469
4 10386 10387 10473 10472
4 10469 10472 10474 10471
4 10472 10473 10475 10474
4 10299 10470 10476 10305
4 10470 10471 10477 10476
4 10305 10476 10478 10307
4 10476 10477 10479 10478
4 10471 10474 10480 10477
4 10474 10475 10481 10480
4 10477 10480 10482 10479
4 10480 10481 10483 10482
4 10387 10398 10484 10473
4 10398 10399 10485 10484
4 10473 10484 10486 10475
4 10484 10485 10487 10486
4 10399 10402 10488 10485
4 10402 10403 10489 10488
4 10485 10488 10490 10487
4 10488 10489 10491 10490
4 10475 10486 10492 10481
4 10486 10487 10493 10492
4 10481 10492 10494 10483
4 10492 10493 10495 10494
4 10487 10490 10496 10493
4 10490 10491 10497 10496
4 10493 10496 10498 10495
4 10496 10497 10499 10498
4 10307 10478 10500 10329
4 10478 10479 10501 10500
4 10329 10500 10502 10331
4 10500 10501 10503 10502
4 10479 10482 10504 10501
4 10482 10483 10505 10504
4 10501 10504 10506 10503
4 10504 10505 10507 10506
4 10331 10502 10508 10337
4 10502 10503 10509 10508
4 10337 10508 10510 10339
4 10508 10509 10511 10510
4 10503 10506 10512 10509
4 10506 10507 10513 10512
4 10509 10512 10514 10511
4 10512 10513 10515 10514
4 10483 10494 10516 10505
4 10494 10495 10517 10516
4 10505 10516 10518 10507
4 10516 10517 10519 10518
4 10495 10498 10520 10517
4 10498 10499 10521 10520
4 10517 10520 10522 10519
4 10520 10521 10523 10522
4 10507 10518 10524 10513
4 10518 10519 10525 10524
4 10513 10524 10526 10515
4 10524 10525 10527 10526
4 10519 10522 10528 10525
4 10522 10523 10529 10528
4 10525 10528 10530 10527
4 10528 10529 10531 10530
4 10403 10446 10532 10489
4 10446 10447 10533 10532
4 10489 10532 10534 10491
4 10532 10533 10535 10534
4 10447 10450 10536 10533
4 10450 10451 10537 10536
4 10533 10536 10538 10535
4 10536 10537 10539 10538
4 10491 10534 10540 10497
4 10534 10535 10541 10540
4 10497 10540 10542 10499
4 10540 10541 10543 10542
4 10535 10538 10544 10541
4 10538 10539 10545 10544
4 10541 10544 10546 10543
4 10544 10545 10547 10546
4 10451 10462 10548 10537
4 10462 10463 10549 10548
4 10537 10548 10550 10539
4 10548 10549 10551 10550
4 10463 10466 10552 10549
4 10466 10467 10553 10552
4 10549 10552 10554 10551
4 10552 10553 10555 10554
4 10539 10550 10556 10545
4 10550 10551 10557 10556
4 10545 10556 10558 10547
4 10556 10557 10559 10558
4 10551 10554 10560 10557
4 10554 10555 10561 10560
4 10557 10560 10562 10559
4 10560 10561 10563 10562
4 10499 10542 10564 10521
4 10542 10543 10565 10564
4 10521 10564 10566 10523
4 10564 10565 10567 10566
4 10543 10546 10568 10565
4 10546 10547 10569 10568
4 10565 10568 10570 10567
4 10568 10569 10571 10570
4 10523 10566 10572 10529
4 10566 10567 10573 10572
4 10529 10572 10574 10531
4 10572 10573 10575 10574
4 10567 10570 10576 10573
4 10570 10571 10577 10576
4 10573 10576 10578 10575
4 10576 10577 10579 10578
4 10547 10558 10580 10569
4 10558 10559 10581 10580
4 10569 10580 10582 10571
4 10580 10581 10583 10582
4 10559 10562 10584 10581
4 10562 10563 10585 10584
4 10581 10584 10586 10583
4 10584 10585 10587 10586
4 10571 10582 10588 10577
4 10582 10583 10589 10588
4 10577 10588 10590 10579
4 10588 10589 10591 10590
4 10583 10586 10592 10589
4 10586 10587 10593 10592
4 10589 10592 10594 10591
4 10592 10593 10595 10594
4 6387 10244 10596 6749
4 10244 10245 10597 10596
4 6749 10596 10598 6751
4 10596 10597 10599 10598
5 10245 10246 10600 10599 10597
5 6751 10598 10599 10601 6753
4 10599 10600 10602 10601
5 10246 10247 10603 10602 10600
5 6753 10601 10602 10604 6755
4 10602 10603 10605 10604
5 10247 10248 10606 10605 10603
5 6755 10604 10605 10607 6757
4 10605 10606 10608 10607
5 10248 10249 10609 10608 10606
5 6757 10607 10608 10610 6759
4 10608 10609 10611 10610
5 10249 10250 10612 10611 10609
5 6759 10610 10611 10613 6761
4 10611 10612 10614 10613
5 10250 10251 10615 10614 10612
5 6761 10613 10614 10616 6763
4 10614 10615 10617 10616
5 10251 10252 10618 10617 10615
5 6763 10616 10617 10619 6765
4 10617 10618 10620 10619
5 10252 10253 10621 10620 10618
5 6765 10619 10620 10622 6767
4 10620 10621 10623 10622
5 10253 10254 10624 10623 10621
5 6767 10622 10623 10625 6769
4 10623 10624 10626 10625
5 10254 10255 10627 10626 10624
5 6769 10625 10626 10628 6771
4 10626 10627 10629 10628
4 10255 10258 10630 10627
4 10258 10259 10631 10630
4 10627 10630 10632 10629
4 10630 10631 10633 10632
4 6771 10628 10634 6777
4 10628 10629 10635 10634
4 6777 10634 10636 6779
4 10634 10635 10637 10636
4 10629 10632 10638 10635
4 10632 10633 10639 10638
4 10635 10638 10640 10637
4 10638 10639 10641 10640
4 10259 10270 10642 10631
4 10270 10271 10643 10642
4 10631 10642 10644 10633
4 10642 10643 10645 10644
4 10271 10274 10646 10643
4 10274 10275 10647 10646
4 10643 10646 10648 10645
4 10646 10647 10649 10648
4 10633 10644 10650 10639
4 10644 10645 10651 10650
4 10639 10650 10652 10641
4 10650 10651 10653 10652
4 10645 10648 10654 10651
4 10648 10649 10655 10654
4 10651 10654 10656 10653
4 10654 10655 10657 10656
4 6779 10636 10658 6801
4 10636 10637 10659 10658
4 6801 10658 10660 6803
4 10658 10659 10661 10660
4 10637 10640 10662 10659
4 10640 10641 10663 10662
4 10659 10662 10664 10661
4 10662 10663 10665 10664
4 6803 10660 10666 6809
4 10660 10661 10667 10666
4 6809 10666 10668 6811
4 10666 10667 10669 10668
4 10661 10664 10670 10667
4 10664 10665 10671 10670
4 10667 10670 10672 10669
4 10670 10671 10673 10672
4 10641 10652 10674 10663
4 10652 10653 10675 10674
4 10663 10674 10676 10665
4 10674 10675 10677 10676
4 10653 10656 10678 10675
4 10656 10657 10679 10678
4 10675 10678 10680 10677
4 10678 10679 10681 10680
4 10665 10676 10682 10671
4 10676 10677 10683 10682
4 10671 10682 10684 10673
4 10682 10683 10685 10684
4 10677 10680 10686 10683
4 10680 10681 10687 10686
4 10683 10686 10688 10685
4 10686 10687 10689 10688
4 10275 10318 10690 10647
4 10318 10319 10691 10690
4 10647 10690 10692 10649
4 10690 10691 10693 10692
4 10319 10322 10694 10691
4 10322 10323 10695 10694
4 10691 10694 10696 10693
4 10694 10695 10697 10696
4 10649 10692 10698 10655
4 10692 10693 10699 10698
4 10655 10698 10700 10657
4 10698 10699 10701 10700
4 10693 10696 10702 10699
4 10696 10697 10703 10702
4 10699 10702 10704 10701
4 10702 10703 10705 10704
4 10323 10334 10706 10695
4 10334 10335 10707 10706
4 10695 10706 10708 10697
4 10706 10707 10709 10708
4 10335 10338 10710 10707
4 10338 10339 10711 10710
4 10707 10710 10712 10709
4 10710 10711 10713 10712
4 10697 10708 10714 10703
4 10708 10709 10715 10714
4 10703 10714 10716 10705
4 10714 10715 10717 10716
4 10709 10712 10718 10715
4 10712 10713 10719 10718
4 10715 10718 10720 10717
4 10718 10719 10721 10720
4 10657 10700 10722 10679
4 10700 10701 10723 10722
4 10679 10722 10724 10681
4 10722 10723 10725 10724
4 10701 10704 10726 10723
4 10704 10705 10727 10726
4 10723 10726 10728 10725
4 10726 10727 10729 10728
4 10681 10724 10730 10687
4 10724 10725 10731 10730
4 10687 10730 10732 10689
4 10730 10731 10733 10732
4 10725 10728 10734 10731
4 10728 10729 10735 10734
4 10731 10734 10736 10733
4 10734 10735 10737 10736
4 10705 10716 10738 10727
4 10716 10717 10739 10738
4 10727 10738 10740 10729
4 10738 10739 10741 10740
4 10717 10720 10742 10739
4 10720 10721 10743 10742
4 10739 10742 10744 10741
4 10742 10743 10745 10744
4 10729 10740 10746 10735
4 10740 10741 10747 10746
4 10735 10746 10748 10737
4 10746 10747 10749 10748
4 10741 10744 10750 10747
4 10744 10745 10751 10750
4 10747 10750 10752 10749
4 10750 10751 10753 10752
4 6811 10668 10754 6897
4 10668 10669 10755 10754
4 6897 10754 10756 6899
4 10754 10755 10757 10756
4 10669 10672 10758 10755
4 10672 10673 10759 10758
4 10755 10758 10760 10757
4 10758 10759 10761 10760
4 6899 10756 10762 6905
4 10756 10757 10763 10762
4 6905 10762 10764 6907
4 10762 10763 10765 10764
4 10757 10760 10766 10763
4 10760 10761 10767 10766
4 10763 10766 10768 10765
4 10766 10767 10769 10768
4 10673 10684 10770 10759
4 10684 10685 10771 10770
4 10759 10770 10772 10761
4 10770 10771 10773 10772
4 10685 10688 10774 10771
4 10688 10689 10775 10774
4 10771 10774 10776 10773
4 10774 10775 10777 10776
4 10761 10772 10778 10767
4 10772 10773 10779 10778
4 10767 10778 10780 10769
4 10778 10779 10781 10780
4 10773 10776 10782 10779
4 10776 10777 10783 10782
4 10779 10782 10784 10781
4 10782 10783 10785 10784
4 6907 10764 10786 6929
4 10764 10765 10787 10786
4 6929 10786 10788 6931
4 10786 10787 10789 10788
4 10765 10768 10790 10787
4 10768 10769 10791 10790
4 10787 10790 10792 10789
4 10790 10791 10793 10792
4 6931 10788 10794 6937
4 10788 10789 10795 10794
4 6937 10794 10796 6939
4 10794 10795 10797 10796
4 10789 10792 10798 10795
4 10792 10793 10799 10798
4 10795 10798 10800 10797
4 10798 10799 10801 10800
4 10769 10780 10802 10791
4 10780 10781 10803 10802
4 10791 10802 10804 10793
4 10802 10803 10805 10804
4 10781 10784 10806 10803
4 10784 10785 10807 10806
4 10803 10806 10808 10805
4 10806 10807 10809 10808
4 10793 10804 10810 10799
4 10804 10805 10811 10810
4 10799 10810 10812 10801
4 10810 10811 10813 10812
4 10805 10808 10814 10811
4 10808 10809 10815 10814
4 10811 10814 10816 10813
4 10814 10815 10817 10816
4 10689 10732 10818 10775
4 10732 10733 10819 10818
4 10775 10818 10820 10777
4 10818 10819 10821 10820
4 10733 10736 10822 10819
4 10736 10737 10823 10822
4 10819 10822 10824 10821
4 10822 10823 10825 10824
4 10777 10820 10826 10783
4 10820 10821 10827 10826
4 10783 10826 10828 10785
4 10826 10827 10829 10828
4 10821 10824 10830 10827
4 10824 10825 10831 10830
4 10827 10830 10832 10829
4 10830 10831 10833 10832
4 10737 10748 10834 10823
4 10748 10749 10835 10834
4 10823 10834 10836 10825
4 10834 10835 10837 10836
4 10749 10752 10838 10835
4 10752 10753 10839 10838
4 10835 10838 10840 10837
4 10838 10839 10841 10840
4 10825 10836 10842 10831
4 10836 10837 10843 10842
4 10831 10842 10844 10833
4 10842 10843 10845 10844
4 10837 10840 10846 10843
4 10840 10841 10847 10846
4 10843 10846 10848 10845
4 10846 10847 10849 10848
4 10785 10828 10850 10807
4 10828 10829 10851 10850
4 10807 10850 10852 10809
4 10850 10851 10853 10852
4 10829 10832 10854 10851
4 10832 10833 10855 10854
4 10851 10854 10856 10853
4 10854 10855 10857 10856
4 10809 10852 10858 10815
4 10852 10853 10859 10858
4 10815 10858 10860 10817
4 10858 10859 10861 10860
4 10853 10856 10862 10859
4 10856 10857 10863 10862
4 10859 10862 10864 10861
4 10862 10863 10865 10864
4 10833 10844 10866 10855
4 10844 10845 10867 10866
4 10855 10866 10868 10857
4 10866 10867 10869 10868
4 10845 10848 10870 10867
4 10848 10849 10871 10870
4 10867 10870 10872 10869
4 10870 10871 10873 10872
4 10857 10868 10874 10863
4 10868 10869 10875 10874
4 10863 10874 10876 10865
4 10874 10875 10877 10876
4 10869 10872 10878 10875
4 10872 10873 10879 10878
4 10875 10878 10880 10877
4 10878 10879 10881 10880
4 10339 10510 10882 10711
4 10510 10511 10883 10882
4 10711 10882 10884 10713
4 10882 10883 10885 10884
4 10511 10514 10886 10883
4 10514 10515 10887 10886
4 10883 10886 10888 10885
4 10886 10887 10889 10888
4 10713 10884 10890 10719
4 10884 10885 10891 10890
4 10719 10890 10892 10721
4 10890 10891 10893 10892
4 10885 10888 10894 10891
4 10888 10889 10895 10894
4 10891 10894 10896 10893
4 10894 10895 10897 10896
4 10515 10526 10898 10887
4 10526 10527 10899 10898
4 10887 10898 10900 10889
4 10898 10899 10901 10900
4 10527 10530 10902 10899
4 10530 10531 10903 10902
4 10899 10902 10904 10901
4 10902 10903 10905 10904
4 10889 10900 10906 10895
4 10900 10901 10907 10906
4 10895 10906 10908 10897
4 10906 10907 10909 10908
4 10901 10904 10910 10907
4 10904 10905 10911 10910
4 10907 10910 10912 10909
4 10910 10911 10913 10912
4 10721 10892 10914 10743
4 10892 10893 10915 10914
4 10743 10914 10916 10745
4 10914 10915 10917 10916
4 10893 10896 10918 10915
4 10896 10897 10919 10918
4 10915 10918 10920 10917
4 10918 10919 10921 10920
4 10745 10916 10922 10751
4 10916 10917 10923 10922
4 10751 10922 10924 10753
4 10922 10923 10925 10924
4 10917 10920 10926 10923
4 10920 10921 10927 10926
4 10923 10926 10928 10925
4 10926 10927 10929 10928
4 10897 10908 10930 10919
4 10908 10909 10931 10930
4 10919 10930 10932 10921
4 10930 10931 10933 10932
4 10909 10912 10934 10931
4 10912 10913 10935 10934
4 10931 10934 10936 10933
4 10934 10935 10937 10936
4 10921 10932 10938 10927
4 10932 10933 10939 10938
4 10927 10938 10940 10929
4 10938 10939 10941 10940
4 10933 10936 10942 10939
4 10936 10937 10943 10942
4 10939 10942 10944 10941
4 10942 10943 10945 10944
4 10531 10574 10946 10903
4 10574 10575 10947 10946
4 10903 10946 10948 10905
4 10946 10947 10949 10948
4 10575 10578 10950 10947
4 10578 10579 10951 10950
4 10947 10950 10952 10949
4 10950 10951 10953 10952
4 10905 10948 10954 10911
4 10948 10949 10955 10954
4 10911 10954 10956 10913
4 10954 10955 10957 10956
4 10949 10952 10958 10955
4 10952 10953 10959 10958
4 10955 10958 10960 10957
4 10958 10959 10961 10960
4 10579 10590 10962 10951
4 10590 10591 10963 10962
4 10951 10962 10964 10953
4 10962 10963 10965 10964
4 10591 10594 10966 10963
4 10594 10595 10967 10966
4 10963 10966 10968 10965
4 10966 10967 10969 10968
4 10953 10964 10970 10959
4 10964 10965 10971 10970
4 10959 10970 10972 10961
4 10970 10971 10973 10972
4 10965 10968 10974 10971
4 10968 10969 10975 10974
4 10971 10974 10976 10973
4 10974 10975 10977 10976
4 10913 10956 10978 10935
4 10956 10957 10979 10978
4 10935 10978 10980 10937
4 10978 10979 10981 10980
4 10957 10960 10982 10979
4 10960 10961 10983 10982
4 10979 10982 10984 10981
4 10982 10983 10985 10984
4 10937 10980 10986 10943
4 10980 10981 10987 10986
4 10943 10986 10988 10945
4 10986 10987 10989 10988
4 10981 10984 10990 10987
4 10984 10985 10991 10990
4 10987 10990 10992 10989
4 10990 10991 10993 10992
4 10961 10972 10994 10983
4 10972 10973 10995 10994
4 10983 10994 10996 10985
4 10994 10995 10997 10996
4 10973 10976 10998 10995
4 10976 10977 10999 10998
4 10995 10998 11000 10997
4 10998 10999 11001 11000
4 10985 10996 11002 10991
4 10996 10997 11003 11002
4 10991 11002 11004 10993
4 11002 11003 11005 11004
4 10997 11000 11006 11003
4 11000 11001 11007 11006
4 11003 11006 11008 11005
4 11006 11007 11009 11008
4 10753 10924 11010 10839
4 10924 10925 11011 11010
4 10839 11010 11012 10841
4 11010 11011 11013 11012
4 10925 10928 11014 11011
4 10928 10929 11015 11014
4 11011 11014 11016 11013
4 11014 11015 11017 11016
4 10841 11012 11018 10847
4 11012 11013 11019 11018
4 10847 11018 11020 10849
4 11018 11019 11021 11020
4 11013 11016 11022 11019
4 11016 11017 11023 11022
4 11019 11022 11024 11021
4 11022 11023 11025 11024
4 10929 10940 11026 11015
4 10940 10941 11027 11026
4 11015 11026 11028 11017
4 11026 11027 11029 11028
4 10941 10944 11030 11027
4 10944 10945 11031 11030
4 11027 11030 11032 11029
4 11030 11031 11033 11032
4 11017 11028 11034 11023
4 11028 11029 11035 11034
4 11023 11034 11036 11025
4 11034 11035 11037 11036
4 11029 11032 11038 11035
4 11032 11033 11039 11038
4 11035 11038 11040 11037
4 11038 11039 11041 11040
4 10849 11020 11042 10871
4 11020 11021 11043 11042
4 10871 11042 11044 10873
4 11042 11043 11045 11044
4 11021 11024 11046 11043
4 11024 11025 11047 11046
4 11043 11046 11048 11045
4 11046 11047 11049 11048
4 10873 11044 11050 10879
4 11044 11045 11051 11050
4 10879 11050 11052 10881
4 11050 11051 11053 11052
4 11045 11048 11054 11051
4 11048 11049 11055 11054
4 11051 11054 11056 11053
4 11054 11055 11057 11056
4 11025 11036 11058 11047
4 11036 11037 11059 11058
4 11047 11058 11060 11049
4 11058 11059 11061 11060
4 11037 11040 11062 11059
4 11040 11041 11063 11062
4 11059 11062 11064 11061
4 11062 11063 11065 11064
4 11049 11060 11066 11055
4 11060 11061 11067 11066
4 11055 11066 11068 11057
4 11066 11067 11069 11068
4 11061 11064 11070 11067
4 11064 11065 11071 11070
4 11067 11070 11072 11069
4 11070 11071 11073 11072
4 10945 10988 11074 11031
4 10988 10989 11075 11074
4 11031 11074 11076 11033
4 11074 11075 11077 11076
4 10989 10992 11078 11075
4 10992 10993 11079 11078
4 11075 11078 11080 11077
4 11078 11079 11081 11080
4 11033 11076 11082 11039
4 11076 11077 11083 11082
4 11039 11082 11084 11041
4 11082 11083 11085 11084
4 11077 11080 11086 11083
4 11080 11081 11087 11086
4 11083 11086 11088 11085
4 11086 11087 11089 11088
4 10993 11004 11090 11079
4 11004 11005 11091 11090
4 11079 11090 11092 11081
4 11090 11091 11093 11092
4 11005 11008 11094 11091
4 11008 11009 11095 11094
4 11091 11094 11096 11093
4 11094 11095 11097 11096
4 11081 11092 11098 11087
4 11092 11093 11099 11098
4 11087 11098 11100 11089
4 11098 11099 11101 11100
4 11093 11096 11102 11099
4 11096 11097 11103 11102
4 11099 11102 11104 11101
4 11102 11103 11105 11104
4 11041 11084 11106 11063
4 11084 11085 11107 11106
4 11063 11106 11108 11065
4 11106 11107 11109 11108
4 11085 11088 11110 11107
4 11088 11089 11111 11110
4 11107 11110 11112 11109
4 11110 11111 11113 11112
4 11065 11108 11114 11071
4 11108 11109 11115 11114
4 11071 11114 11116 11073
4 11114 11115 11117 11116
4 11109 11112 11118 11115
4 11112 11113 11119 11118
4 11115 11118 11120 11117
4 11118 11119 11121 11120
4 11089 11100 11122 11111
4 11100 11101 11123 11122
4 11111 11122 11124 11113
4 11122 11123 11125 11124
4 11101 11104 11126 11123
4 11104 11105 11127 11126
4 11123 11126 11128 11125
4 11126 11127 11129 11128
4 11113 11124 11130 11119
4 11124 11125 11131 11130
4 11119 11130 11132 11121
4 11130 11131 11133 11132
4 11125 11128 11134 11131
4 11128 11129 11135 11134
4 11131 11134 11136 11133
4 11134 11135 11137 11136
4 6939 10796 11138 7281
4 10796 10797 11139 11138
4 7281 11138 11140 7283
4 11138 11139 11141 11140
4 10797 10800 11142 11139
4 10800 10801 11143 11142
4 11139 11142 11144 11141
4 11142 11143 11145 11144
4 7283 11140 11146 7289
4 11140 11141 11147 11146
4 7289 11146 11148 7291
4 11146 11147 11149 11148
4 11141 11144 11150 11147
4 11144 11145 11151 11150
4 11147 11150 11152 11149
4 11150 11151 11153 11152
4 10801 10812 11154 11143
4 10812 10813 11155 11154
4 11143 11154 11156 11145
4 11154 11155 11157 11156
4 10813 10816 11158 11155
4 10816 10817 11159 11158
4 11155 11158 11160 11157
4 11158 11159 11161 11160
4 11145 11156 11162 11151
4 11156 11157 11163 11162
4 11151 11162 11164 11153
4 11162 11163 11165 11164
4 11157 11160 11166 11163
4 11160 11161 11167 11166
4 11163 11166 11168 11165
4 11166 11167 11169 11168
4 7291 11148 11170 7313
4 11148 11149 11171 11170
4 7313 11170 11172 7315
4 11170 11171 11173 11172
4 11149 11152 11174 11171
4 11152 11153 11175 11174
4 11171 11174 11176 11173
4 11174 11175 11177 11176
4 7315 11172 11178 7321
4 11172 11173 11179 11178
4 7321 11178 11180 7323
4 11178 11179 11181 11180
4 11173 11176 11182 11179
4 11176 11177 11183 11182
4 11179 11182 11184 11181
4 11182 11183 11185 11184
4 11153 11164 11186 11175
4 11164 11165 11187 11186
4 11175 11186 11188 11177
4 11186 11187 11189 11188
4 11165 11168 11190 11187
4 11168 11169 11191 11190
4 11187 11190 11192 11189
4 11190 11191 11193 11192
4 11177 11188 11194 11183
4 11188 11189 11195 11194
4 11183 11194 11196 11185
4 11194 11195 11197 11196
4 11189 11192 11198 11195
4 11192 11193 11199 11198
4 11195 11198 11200 11197
4 11198 11199 11201 11200
4 10817 10860 11202 11159
4 10860 10861 11203 11202
4 11159 11202 11204 11161
4 11202 11203 11205 11204
4 10861 10864 11206 11203
4 10864 10865 11207 11206
4 11203 11206 11208 11205
4 11206 11207 11209 11208
4 11161 11204 11210 11167
4 11204 11205 11211 11210
4 11167 11210 11212 11169
4 11210 11211 11213 11212
4 11205 11208 11214 11211
4 11208 11209 11215 11214
4 11211 11214 11216 11213
4 11214 11215 11217 11216
4 10865 10876 11218 11207
4 10876 10877 11219 11218
4 11207 11218 11220 11209
4 11218 11219 11221 11220
4 10877 10880 11222 11219
4 10880 10881 11223 11222
4 11219 11222 11224 11221
4 11222 11223 11225 11224
4 11209 11220 11226 11215
4 11220 11221 11227 11226
4 11215 11226 11228 11217
4 11226 11227 11229 11228
4 11221 11224 11230 11227
4 11224 11225 11231 11230
4 11227 11230 11232 11229
4 11230 11231 11233 11232
4 11169 11212 11234 11191
4 11212 11213 11235 11234
4 11191 11234 11236 11193
4 11234 11235 11237 11236
4 11213 11216 11238 11235
4 11216 11217 11239 11238
4 11235 11238 11240 11237
4 11238 11239 11241 11240
4 11193 11236 11242 11199
4 11236 11237 11243 11242
4 11199 11242 11244 11201
4 11242 11243 11245 11244
4 11237 11240 11246 11243
4 11240 11241 11247 11246
4 11243 11246 11248 11245
4 11246 11247 11249 11248
4 11217 11228 11250 11239
4 11228 11229 11251 11250
4 11239 11250 11252 11241
4 11250 11251 11253 11252
4 11229 11232 11254 11251
4 11232 11233 11255 11254
4 11251 11254 11256 11253
4 11254 11255 11257 11256
4 11241 11252 11258 11247
4 11252 11253 11259 11258
4 11247 11258 11260 11249
4 11258 11259 11261 11260
4 11253 11256 11262 11259
4 11256 11257 11263 11262
4 11259 11262 11264 11261
4 11262 11263 11265 11264
4 7323 11180 11266 7409
4 11180 11181 11267 11266
4 7409 11266 11268 7411
4 11266 11267 11269 11268
4 11181 11184 11270 11267
4 11184 11185 11271 11270
4 11267 11270 11272 11269
4 11270 11271 11273 11272
4 7411 11268 11274 7417
4 11268 11269 11275 11274
4 7417 11274 11276 7419
4 11274 11275 11277 11276
4 11269 11272 11278 11275
4 11272 11273 11279 11278
4 11275 11278 11280 11277
4 11278 11279 11281 11280
4 11185 11196 11282 11271
4 11196 11197 11283 11282
4 11271 11282 11284 11273
4 11282 11283 11285 11284
4 11197 11200 11286 11283
4 11200 11201 11287 11286
4 11283 11286 11288 11285
4 11286 11287 11289 11288
4 11273 11284 11290 11279
4 11284 11285 11291 11290
4 11279 11290 11292 11281
4 11290 11291 11293 11292
4 11285 11288 11294 11291
4 11288 11289 11295 11294
4 11291 11294 11296 11293
4 11294 11295 11297 11296
4 7419 11276 11298 7441
4 11276 11277 11299 11298
4 7441 11298 11300 7443
4 11298 11299 11301 11300
4 11277 11280 11302 11299
4 11280 11281 11303 11302
4 11299 11302 11304 11301
4 11302 11303 11305 11304
4 7443 11300 11306 7449
4 11300 11301 11307 11306
4 7449 11306 11308 7451
4 11306 11307 11309 11308
4 11301 11304 11310 11307
4 11304 11305 11311 11310
4 11307 11310 11312 11309
4 11310 11311 11313 11312
4 11281 11292 11314 11303
4 11292 11293 11315 11314
4 11303 11314 11316 11305
4 11314 11315 11317 11316
4 11293 11296 11318 11315
4 11296 11297 11319 11318
4 11315 11318 11320 11317
4 11318 11319 11321 11320
4 11305 11316 11322 11311
4 11316 11317 11323 11322
4 11311 11322 11324 11313
4 11322 11323 11325 11324
4 11317 11320 11326 11323
4 11320 11321 11327 11326
4 11323 11326 11328 11325
4 11326 11327 11329 11328
4 11201 11244 11330 11287
4 11244 11245 11331 11330
4 11287 11330 11332 11289
4 11330 11331 11333 11332
4 11245 11248 11334 11331
4 11248 11249 11335 11334
4 11331 11334 11336 11333
4 11334 11335 11337 11336
4 11289 11332 11338 11295
4 11332 11333 11339 11338
4 11295 11338 11340 11297
4 11338 11339 11341 11340
4 11333 11336 11342 11339
4 11336 11337 11343 11342
4 11339 11342 11344 11341
4 11342 11343 11345 11344
4 11249 11260 11346 11335
4 11260 11261 11347 11346
4 11335 11346 11348 11337
4 11346 11347 11349 11348
4 11261 11264 11350 11347
4 11264 11265 11351 11350
4 11347 11350 11352 11349
4 11350 11351 11353 11352
4 11337 11348 11354 11343
4 11348 11349 11355 11354
4 11343 11354 11356 11345
4 11354 11355 11357 11356
4 11349 11352 11358 11355
4 11352 11353 11359 11358
4 11355 11358 11360 11357
4 11358 11359 11361 11360
4 11297 11340 11362 11319
4 11340 11341 11363 11362
4 11319 11362 11364 11321
4 11362 11363 11365 11364
4 11341 11344 11366 11363
4 11344 11345 11367 11366
4 11363 11366 11368 11365
4 11366 11367 11369 11368
4 11321 11364 11370 11327
4 11364 11365 11371 11370
4 11327 11370 11372 11329
4 11370 11371 11373 11372
4 11365 11368 11374 11371
4 11368 11369 11375 11374
4 11371 11374 11376 11373
4 11374 11375 11377 11376
4 11345 11356 11378 11367
4 11356 11357 11379 11378
4 11367 11378 11380 11369
4 11378 11379 11381 11380
4 11357 11360 11382 11379
4 11360 11361 11383 11382
4 11379 11382 11384 11381
4 11382 11383 11385 11384
4 11369 11380 11386 11375
4 11380 11381 11387 11386
4 11375 11386 11388 11377
4 11386 11387 11389 11388
4 11381 11384 11390 11387
4 11384 11385 11391 11390
4 11387 11390 11392 11389
4 11390 11391 11393 11392
4 10881 11052 11394 11223
4 11052 11053 11395 11394
4 11223 11394 11396 11225
4 11394 11395 11397 11396
4 11053 11056 11398 11395
4 11056 11057 11399 11398
4 11395 11398 11400 11397
4 11398 11399 11401 11400
4 11225 11396 11402 11231
4 11396 11397 11403 11402
4 11231 11402 11404 11233
4 11402 11403 11405 11404
4 11397 11400 11406 11403
4 11400 11401 11407 11406
4 11403 11406 11408 11405
4 11406 11407 11409 11408
4 11057 11068 11410 11399
4 11068 11069 11411 11410
4 11399 11410 11412 11401
4 11410 11411 11413 11412
4 11069 11072 11414 11411
4 11072 11073 11415 11414
4 11411 11414 11416 11413
4 11414 11415 11417 11416
4 11401 11412 11418 11407
4 11412 11413 11419 11418
4 11407 11418 11420 11409
4 11418 11419 11421 11420
4 11413 11416 11422 11419
4 11416 11417 11423 11422
4 11419 11422 11424 11421
4 11422 11423 11425 11424
4 11233 11404 11426 11255
4 11404 11405 11427 11426
4 11255 11426 11428 11257
4 11426 11427 11429 11428
4 11405 11408 11430 11427
4 11408 11409 11431 11430
4 11427 11430 11432 11429
4 11430 11431 11433 11432
4 11257 11428 11434 11263
4 11428 11429 11435 11434
4 11263 11434 11436 11265
4 11434 11435 11437 11436
4 11429 11432 11438 11435
4 11432 11433 11439 11438
4 11435 11438 11440 11437
4 11438 11439 11441 11440
4 11409 11420 11442 11431
4 11420 11421 11443 11442
4 11431 11442 11444 11433
4 11442 11443 11445 11444
4 11421 11424 11446 11443
4 11424 11425 11447 11446
4 11443 11446 11448 11445
4 11446 11447 11449 11448
4 11433 11444 11450 11439
4 11444 11445 11451 11450
4 11439 11450 11452 11441
4 11450 11451 11453 11452
4 11445 11448 11454 11451
4 11448 11449 11455 11454
4 11451 11454 11456 11453
4 11454 11455 11457 11456
4 11073 11116 11458 11415
4 11116 11117 11459 11458
4 11415 11458 11460 11417
4 11458 11459 11461 11460
4 11117 11120 11462 11459
4 11120 11121 11463 11462
4 11459 11462 11464 11461
4 11462 11463 11465 11464
4 11417 11460 11466 11423
4 11460 11461 11467 11466
4 11423 11466 11468 11425
4 11466 11467 11469 11468
4 11461 11464 11470 11467
4 11464 11465 11471 11470
4 11467 11470 11472 11469
4 11470 11471 11473 11472
4 11121 11132 11474 11463
4 11132 11133 11475 11474
4 11463 11474 11476 11465
4 11474 11475 11477 11476
4 11133 11136 11478 11475
4 11136 11137 11479 11478
4 11475 11478 11480 11477
4 11478 11479 11481 11480
4 11465 11476 11482 11471
4 11476 11477 11483 11482
4 11471 11482 11484 11473
4 11482 11483 11485 11484
4 11477 11480 11486 11483
4 11480 11481 11487 11486
4 11483 11486 11488 11485
4 11486 11487 11489 11488
4 11425 11468 11490 11447
4 11468 11469 11491 11490
4 11447 11490 11492 11449
4 11490 11491 11493 11492
4 11469 11472 11494 11491
4 11472 11473 11495 11494
4 11491 11494 11496 11493
4 11494 11495 11497 11496
4 11449 11492 11498 11455
4 11492 11493 11499 11498
4 11455 11498 11500 11457
4 11498 11499 11501 11500
4 11493 11496 11502 11499
4 11496 11497 11503 11502
4 11499 11502 11504 11501
4 11502 11503 11505 11504
4 11473 11484 11506 11495
4 11484 11485 11507 11506
4 11495 11506 11508 11497
4 11506 11507 11509 11508
4 11485 11488 11510 11507
4 11488 11489 11511 11510
4 11507 11510 11512 11509
4 11510 11511 11513 11512
4 11497 11508 11514 11503
4 11508 11509 11515 11514
4 11503 11514 11516 11505
4 11514 11515 11517 11516
4 11509 11512 11518 11515
4 11512 11513 11519 11518
4 11515 11518 11520 11517
4 11518 11519 11521 11520
4 11265 11436 11522 11351
4 11436 11437 11523 11522
4 11351 11522 11524 11353
4 11522 11523 11525 11524
4 11437 11440 11526 11523
4 11440 11441 11527 11526
4 11523 11526 11528 11525
4 11526 11527 11529 11528
4 11353 11524 11530 11359
4 11524 11525 11531 11530
4 11359 11530 11532 11361
4 11530 11531 11533 11532
4 11525 11528 11534 11531
4 11528 11529 11535 11534
4 11531 11534 11536 11533
4 11534 11535 11537 11536
4 11441 11452 11538 11527
4 11452 11453 11539 11538
4 11527 11538 11540 11529
4 11538 11539 11541 11540
4 11453 11456 11542 11539
4 11456 11457 11543 11542
4 11539 11542 11544 11541
4 11542 11543 11545 11544
4 11529 11540 11546 11535
4 11540 11541 11547 11546
4 11535 11546 11548 11537
4 11546 11547 11549 11548
4 11541 11544 11550 11547
4 11544 11545 11551 11550
4 11547 11550 11552 11549
4 11550 11551 11553 11552
4 11361 11532 11554 11383
4 11532 11533 11555 11554
4 11383 11554 11556 11385
4 11554 11555 11557 11556
4 11533 11536 11558 11555
4 11536 11537 11559 11558
4 11555 11558 11560 11557
4 11558 11559 11561 11560
4 11385 11556 11562 11391
4 11556 11557 11563 11562
4 11391 11562 11564 11393
4 11562 11563 11565 11564
4 11557 11560 11566 11563
4 11560 11561 11567 11566
4 11563 11566 11568 11565
4 11566 11567 11569 11568
4 11537 11548 11570 11559
4 11548 11549 11571 11570
4 11559 11570 11572 11561
4 11570 11571 11573 11572
4 11549 11552 11574 11571
4 11552 11553 11575 11574
4 11571 11574 11576 11573
4 11574 11575 11577 11576
4 11561 11572 11578 11567
4 11572 11573 11579 11578
4 11567 11578 11580 11569
4 11578 11579 11581 11580
4 11573 11576 11582 11579
4 11576 11577 11583 11582
4 11579 11582 11584 11581
4 11582 11583 11585 11584
4 11457 11500 11586 11543
4 11500 11501 11587 11586
4 11543 11586 11588 11545
4 11586 11587 11589 11588
4 11501 11504 11590 11587
4 11504 11505 11591 11590
4 11587 11590 11592 11589
4 11590 11591 11593 11592
4 11545 11588 11594 11551
4 11588 11589 11595 11594
4 11551 11594 11596 11553
4 11594 11595 11597 11596
4 11589 11592 11598 11595
4 11592 11593 11599 11598
4 11595 11598 11600 11597
4 11598 11599 11601 11600
4 11505 11516 11602 11591
4 11516 11517 11603 11602
4 11591 11602 11604 11593
4 11602 11603 11605 11604
4 11517 11520 11606 11603
4 11520 11521 11607 11606
4 11603 11606 11608 11605
4 11606 11607 11609 11608
4 11593 11604 11610 11599
4 11604 11605 11611 11610
4 11599 11610 11612 11601
4 11610 11611 11613 11612
4 11605 11608 11614 11611
4 11608 11609 11615 11614
4 11611 11614 11616 11613
4 11614 11615 11617 11616
4 11553 11596 11618 11575
4 11596 11597 11619 11618
4 11575 11618 11620 11577
4 11618 11619 11621 11620
4 11597 11600 11622 11619
4 11600 11601 11623 11622
4 11619 11622 11624 11621
4 11622 11623 11625 11624
4 11577 11620 11626 11583
4 11620 11621 11627 11626
4 11583 11626 11628 11585
4 11626 11627 11629 11628
4 11621 11624 11630 11627
4 11624 11625 11631 11630
4 11627 11630 11632 11629
4 11630 11631 11633 11632
4 11601 11612 11634 11623
4 11612 11613 11635 11634
4 11623 11634 11636 11625
4 11634 11635 11637 11636
4 11613 11616 11638 11635
4 11616 11617 11639 11638
4 11635 11638 11640 11637
4 11638 11639 11641 11640
4 11625 11636 11642 11631
4 11636 11637 11643 11642
4 11631 11642 11644 11633
4 11642 11643 11645 11644
4 11637 11640 11646 11643
4 11640 11641 11647 11646
4 11643 11646 11648 11645
4 11646 11647 11649 11648
4 7451 11308 11650 7793
4 11308 11309 11651 11650
4 7793 11650 11652 7795
4 11650 11651 11653 11652
4 11309 11312 11654 11651
4 11312 11313 11655 11654
4 11651 11654 11656 11653
4 11654 11655 11657 11656
4 7795 11652 11658 7801
4 11652 11653 11659 11658
4 7801 11658 11660 7803
4 11658 11659 11661 11660
4 11653 11656 11662 11659
4 11656 11657 11663 11662
4 11659 11662 11664 11661
4 11662 11663 11665 11664
4 11313 11324 11666 11655
4 11324 11325 11667 11666
4 11655 11666 11668 11657
4 11666 11667 11669 11668
4 11325 11328 11670 11667
4 11328 11329 11671 11670
4 11667 11670 11672 11669
4 11670 11671 11673 11672
4 11657 11668 11674 11663
4 11668 11669 11675 11674
4 11663 11674 11676 11665
4 11674 11675 11677 11676
4 11669 11672 11678 11675
4 11672 11673 11679 11678
4 11675 11678 11680 11677
4 11678 11679 11681 11680
4 7803 11660 11682 7825
4 11660 11661 11683 11682
4 7825 11682 11684 7827
4 11682 11683 11685 11684
4 11661 11664 11686 11683
4 11664 11665 11687 11686
4 11683 11686 11688 11685
4 11686 11687 11689 11688
4 7827 11684 11690 7833
4 11684 11685 11691 11690
4 7833 11690 11692 7835
4 11690 11691 11693 11692
4 11685 11688 11694 11691
4 11688 11689 11695 11694
4 11691 11694 11696 11693
4 11694 11695 11697 11696
4 11665 11676 11698 11687
4 11676 11677 11699 11698
4 11687 11698 11700 11689
4 11698 11699 11701 11700
4 11677 11680 11702 11699
4 11680 11681 11703 11702
4 11699 11702 11704 11701
4 11702 11703 11705 11704
4 11689 11700 11706 11695
4 11700 11701 11707 11706
4 11695 11706 11708 11697
4 11706 11707 11709 11708
4 11701 11704 11710 11707
4 11704 11705 11711 11710
4 11707 11710 11712 11709
4 11710 11711 11713 11712
4 11329 11372 11714 11671
4 11372 11373 11715 11714
4 11671 11714 11716 11673
4 11714 11715 11717 11716
4 11373 11376 11718 11715
4 11376 11377 11719 11718
4 11715 11718 11720 11717
4 11718 11719 11721 11720
4 11673 11716 11722 11679
4 11716 11717 11723 11722
4 11679 11722 11724 11681
4 11722 11723 11725 11724
4 11717 11720 11726 11723
4 11720 11721 11727 11726
4 11723 11726 11728 11725
4 11726 11727 11729 11728
4 11377 11388 11730 11719
4 11388 11389 11731 11730
4 11719 11730 11732 11721
4 11730 11731 11733 11732
4 11389 11392 11734 11731
4 11392 11393 11735 11734
4 11731 11734 11736 11733
4 11734 11735 11737 11736
4 11721 11732 11738 11727
4 11732 11733 11739 11738
4 11727 11738 11740 11729
4 11738 11739 11741 11740
4 11733 11736 11742 11739
4 11736 11737 11743 11742
4 11739 11742 11744 11741
4 11742 11743 11745 11744
4 11681 11724 11746 11703
4 11724 11725 11747 11746
4 11703 11746 11748 11705
4 11746 11747 11749 11748
4 11725 11728 11750 11747
4 11728 11729 11751 11750
4 11747 11750 11752 11749
4 11750 11751 11753 11752
4 11705 11748 11754 11711
4 11748 11749 11755 11754
4 11711 11754 11756 11713
4 11754 11755 11757 11756
4 11749 11752 11758 11755
4 11752 11753 11759 11758
4 11755 11758 11760 11757
4 11758 11759 11761 11760
4 11729 11740 11762 11751
4 11740 11741 11763 11762
4 11751 11762 11764 11753
4 11762 11763 11765 11764
4 11741 11744 11766 11763
4 11744 11745 11767 11766
4 11763 11766 11768 11765
4 11766 11767 11769 11768
4 11753 11764 11770 11759
4 11764 11765 11771 11770
4 11759 11770 11772 11761
4 11770 11771 11773 11772
4 11765 11768 11774 11771
4 11768 11769 11775 11774
4 11771 11774 11776 11773
4 11774 11775 11777 11776
4 7835 11692 11778 7921
4 11692 11693 11779 11778
4 7921 11778 11780 7923
4 11778 11779 11781 11780
4 11693 11696 11782 11779
4 11696 11697 11783 11782
4 11779 11782 11784 11781
4 11782 11783 11785 11784
4 7923 11780 11786 7929
4 11780 11781 11787 11786
4 7929 11786 11788 7931
4 11786 11787 11789 11788
4 11781 11784 11790 11787
4 11784 11785 11791 11790
4 11787 11790 11792 11789
4 11790 11791 11793 11792
4 11697 11708 11794 11783
4 11708 11709 11795 11794
4 11783 11794 11796 11785
4 11794 11795 11797 11796
4 11709 11712 11798 11795
4 11712 11713 11799 11798
4 11795 11798 11800 11797
4 11798 11799 11801 11800
4 11785 11796 11802 11791
4 11796 11797 11803 11802
4 11791 11802 11804 11793
4 11802 11803 11805 11804
4 11797 11800 11806 11803
4 11800 11801 11807 11806
4 11803 11806 11808 11805
4 11806 11807 11809 11808
4 7931 11788 11810 7953
4 11788 11789 11811 11810
4 7953 11810 11812 7955
4 11810 11811 11813 11812
4 11789 11792 11814 11811
4 11792 11793 11815 11814
4 11811 11814 11816 11813
4 11814 11815 11817 11816
4 7955 11812 11818 7961
4 11812 11813 11819 11818
4 7961 11818 11820 7963
4 11818 11819 11821 11820
4 11813 11816 11822 11819
4 11816 11817 11823 11822
4 11819 11822 11824 11821
4 11822 11823 11825 11824
4 11793 11804 11826 11815
4 11804 11805 11827 11826
4 11815 11826 11828 11817
4 11826 11827 11829 11828
4 11805 11808 11830 11827
4 11808 11809 11831 11830
4 11827 11830 11832 11829
4 11830 11831 11833 11832
4 11817 11828 11834 11823
4 11828 11829 11835 11834
4 11823 11834 11836 11825
4 11834 11835 11837 11836
4 11829 11832 11838 11835
4 11832 11833 11839 11838
4 11835 11838 11840 11837
4 11838 11839 11841 11840
4 11713 11756 11842 11799
4 11756 11757 11843 11842
4 11799 11842 11844 11801
4 11842 11843 11845 11844
4 11757 11760 11846 11843
4 11760 11761 11847 11846
4 11843 11846 11848 11845
4 11846 11847 11849 11848
4 11801 11844 11850 11807
4 11844 11845 11851 11850
4 11807 11850 11852 11809
4 11850 11851 11853 11852
4 11845 11848 11854 11851
4 11848 11849 11855 11854
4 11851 11854 11856 11853
4 11854 11855 11857 11856
4 11761 11772 11858 11847
4 11772 11773 11859 11858
4 11847 11858 11860 11849
4 11858 11859 11861 11860
4 11773 11776 11862 11859
4 11776 11777 11863 11862
4 11859 11862 11864 11861
4 11862 11863 11865 11864
4 11849 11860 11866 11855
4 11860 11861 11867 11866
4 11855 11866 11868 11857
4 11866 11867 11869 11868
4 11861 11864 11870 11867
4 11864 11865 11871 11870
4 11867 11870 11872 11869
4 11870 11871 11873 11872
4 11809 11852 11874 11831
4 11852 11853 11875 11874
4 11831 11874 11876 11833
4 11874 11875 11877 11876
4 11853 11856 11878 11875
4 11856 11857 11879 11878
4 11875 11878 11880 11877
4 11878 11879 11881 11880
4 11833 11876 11882 11839
4 11876 11877 11883 11882
4 11839 11882 11884 11841
4 11882 11883 11885 11884
4 11877 11880 11886 11883
4 11880 11881 11887 11886
4 11883 11886 11888 11885
4 11886 11887 11889 11888
4 11857 11868 11890 11879
4 11868 11869 11891 11890
4 11879 11890 11892 11881
4 11890 11891 11893 11892
4 11869 11872 11894 11891
4 11872 11873 11895 11894
4 11891 11894 11896 11893
4 11894 11895 11897 11896
4 11881 11892 11898 11887
4 11892 11893 11899 11898
4 11887 11898 11900 11889
4 11898 11899 11901 11900
4 11893 11896 11902 11899
4 11896 11897 11903 11902
4 11899 11902 11904 11901
4 11902 11903 11905 11904
4 11393 11564 11906 11735
4 11564 11565 11907 11906
4 11735 11906 11908 11737
4 11906 11907 11909 11908
4 11565 11568 11910 11907
4 11568 11569 11911 11910
4 11907 11910 11912 11909
4 11910 11911 11913 11912
4 11737 11908 11914 11743
4 11908 11909 11915 11914
4 11743 11914 11916 11745
4 11914 11915 11917 11916
4 11909 11912 11918 11915
4 11912 11913 11919 11918
4 11915 11918 11920 11917
4 11918 11919 11921 11920
4 11569 11580 11922 11911
4 11580 11581 11923 11922
4 11911 11922 11924 11913
4 11922 11923 11925 11924
4 11581 11584 11926 11923
4 11584 11585 11927 11926
4 11923 11926 11928 11925
4 11926 11927 11929 11928
4 11913 11924 11930 11919
4 11924 11925 11931 11930
4 11919 11930 11932 11921
4 11930 11931 11933 11932
4 11925 11928 11934 11931
4 11928 11929 11935 11934
4 11931 11934 11936 11933
4 11934 11935 11937 11936
4 11745 11916 11938 11767
4 11916 11917 11939 11938
4 11767 11938 11940 11769
4 11938 11939 11941 11940
4 11917 11920 11942 11939
4 11920 11921 11943 11942
4 11939 11942 11944 11941
4 11942 11943 11945 11944
4 11769 11940 11946 11775
4 11940 11941 11947 11946
4 11775 11946 11948 11777
4 11946 11947 11949 11948
4 11941 11944 11950 11947
4 11944 11945 11951 11950
4 11947 11950 11952 11949
4 11950 11951 11953 11952
4 11921 11932 11954 11943
4 11932 11933 11955 11954
4 11943 11954 11956 11945
4 11954 11955 11957 11956
4 11933 11936 11958 11955
4 11936 11937 11959 11958
4 11955 11958 11960 11957
4 11958 11959 11961 11960
4 11945 11956 11962 11951
4 11956 11957 11963 11962
4 11951 11962 11964 11953
4 11962 11963 11965 11964
4 11957 11960 11966 11963
4 11960 11961 11967 11966
4 11963 11966 11968 11965
4 11966 11967 11969 11968
4 11585 11628 11970 11927
4 11628 11629 11971 11970
4 11927 11970 11972 11929
4 11970 11971 11973 11972
4 11629 11632 11974 11971
4 11632 11633 11975 11974
4 11971 11974 11976 11973
4 11974 11975 11977 11976
4 11929 11972 11978 11935
4 11972 11973 11979 11978
4 11935 11978 11980 11937
4 11978 11979 11981 11980
4 11973 11976 11982 11979
4 11976 11977 11983 11982
4 11979 11982 11984 11981
4 11982 11983 11985 11984
4 11633 11644 11986 11975
4 11644 11645 11987 11986
4 11975 11986 11988 11977
4 11986 11987 11989 11988
4 11645 11648 11990 11987
4 11648 11649 11991 11990
4 11987 11990 11992 11989
4 11990 11991 11993 11992
4 11977 11988 11994 11983
4 11988 11989 11995 11994
4 11983 11994 11996 11985
4 11994 11995 11997 11996
4 11989 11992 11998 11995
4 11992 11993 11999 11998
4 11995 11998 12000 11997
4 11998 11999 12001 12000
4 11937 11980 12002 11959
4 11980 11981 12003 12002
4 11959 12002 12004 11961
4 12002 12003 12005 12004
4 11981 11984 12006 12003
4 11984 11985 12007 12006
4 12003 12006 12008 12005
4 12006 12007 12009 12008
4 11961 12004 12010 11967
4 12004 12005 12011 12010
4 11967 12010 12012 11969
4 12010 12011 12013 12012
4 12005 12008 12014 12011
4 12008 12009 12015 12014
4 12011 12014 12016 12013
4 12014 12015 12017 12016
4 11985 11996 12018 12007
4 11996 11997 12019 12018
4 12007 12018 12020 12009
4 12018 12019 12021 12020
4 11997 12000 12022 12019
4 12000 12001 12023 12022
4 12019 12022 12024 12021
4 12022 12023 12025 12024
4 12009 12020 12026 12015
4 12020 12021 12027 12026
4 12015 12026 12028 12017
4 12026 12027 12029 12028
4 12021 12024 12030 12027
4 12024 12025 12031 12030
4 12027 12030 12032 12029
4 12030 12031 12033 12032
4 11777 11948 12034 11863
4 11948 11949 12035 12034
4 11863 12034 12036 11865
4 12034 12035 12037 12036
4 11949 11952 12038 12035
4 11952 11953 12039 12038
4 12035 12038 12040 12037
4 12038 12039 12041 12040
4 11865 12036 12042 11871
4 12036 12037 12043 12042
4 11871 12042 12044 11873
4 12042 12043 12045 12044
4 12037 12040 12046 12043
4 12040 12041 12047 12046
4 12043 12046 12048 12045
4 12046 12047 12049 12048
4 11953 11964 12050 12039
4 11964 11965 12051 12050
4 12039 12050 12052 12041
4 12050 12051 12053 12052
4 11965 11968 12054 12051
4 11968 11969 12055 12054
4 12051 12054 12056 12053
4 12054 12055 12057 12056
4 12041 12052 12058 12047
4 12052 12053 12059 12058
4 12047 12058 12060 12049
4 12058 12059 12061 12060
4 12053 12056 12062 12059
4 12056 12057 12063 12062
4 12059 12062 12064 12061
4 12062 12063 12065 12064
4 11873 12044 12066 11895
4 12044 12045 12067 12066
4 11895 12066 12068 11897
4 12066 12067 12069 12068
4 12045 12048 12070 12067
4 12048 12049 12071 12070
4 12067 12070 12072 12069
4 12070 12071 12073 12072
4 11897 12068 12074 11903
4 12068 12069 12075 12074
4 11903 12074 12076 11905
4 12074 12075 12077 12076
4 12069 12072 12078 12075
4 12072 12073 12079 12078
4 12075 12078 12080 12077
4 12078 12079 12081 12080
4 12049 12060 12082 12071
4 12060 12061 12083 12082
4 12071 12082 12084 12073
4 12082 12083 12085 12084
4 12061 12064 12086 12083
4 12064 12065 12087 12086
4 12083 12086 12088 12085
4 12086 12087 12089 12088
4 12073 12084 12090 12079
4 12084 12085 12091 12090
4 12079 12090 12092 12081
4 12090 12091 12093 12092
4 12085 12088 12094 12091
4 12088 12089 12095 12094
4 12091 12094 12096 12093
4 12094 12095 12097 12096
4 11969 12012 12098 12055
4 12012 12013 12099 12098
4 12055 12098 12100 12057
4 12098 12099 12101 12100
4 12013 12016 12102 12099
4 12016 12017 12103 12102
4 12099 12102 12104 12101
4 12102 12103 12105 12104
4 12057 12100 12106 12063
4 12100 12101 12107 12106
4 12063 12106 12108 12065
4 12106 12107 12109 12108
4 12101 12104 12110 12107
4 12104 12105 12111 12110
4 12107 12110 12112 12109
4 12110 12111 12113 12112
4 12017 12028 12114 12103
4 12028 12029 12115 12114
4 12103 12114 12116 12105
4 12114 12115 12117 12116
4 12029 12032 12118 12115
4 12032 12033 12119 12118
4 12115 12118 12120 12117
4 12118 12119 12121 12120
4 12105 12116 12122 12111
4 12116 12117 12123 12122
4 12111 12122 12124 12113
4 12122 12123 12125 12124
4 12117 12120 12126 12123
4 12120 12121 12127 12126
4 12123 12126 12128 12125
4 12126 12127 12129 12128
4 12065 12108 12130 12087
4 12108 12109 12131 12130
4 12087 12130 12132 12089
4 12130 12131 12133 12132
4 12109 12112 12134 12131
4 12112 12113 12135 12134
4 12131 12134 12136 12133
4 12134 12135 12137 12136
4 12089 12132 12138 12095
4 12132 12133 12139 12138
4 12095 12138 12140 12097
4 12138 12139 12141 12140
4 12133 12136 12142 12139
4 12136 12137 12143 12142
4 12139 12142 12144 12141
4 12142 12143 12145 12144
4 12113 12124 12146 12135
4 12124 12125 12147 12146
4 12135 12146 12148 12137
4 12146 12147 12149 12148
4 12125 12128 12150 12147
4 12128 12129 12151 12150
4 12147 12150 12152 12149
4 12150 12151 12153 12152
4 12137 12148 12154 12143
4 12148 12149 12155 12154
4 12143 12154 12156 12145
4 12154 12155 12157 12156
4 12149 12152 12158 12155
4 12152 12153 12159 12158
4 12155 12158 12160 12157
4 12158 12159 12161 12160
4 7963 11820 12162 8305
4 11820 11821 12163 12162
4 8305 12162 12164 8307
4 12162 12163 12165 12164
4 11821 11824 12166 12163
4 11824 11825 12167 12166
4 12163 12166 12168 12165
4 12166 12167 12169 12168
4 8307 12164 12170 8313
4 12164 12165 12171 12170
4 8313 12170 12172 8315
4 12170 12171 12173 12172
4 12165 12168 12174 12171
4 12168 12169 12175 12174
4 12171 12174 12176 12173
4 12174 12175 12177 12176
4 11825 11836 12178 12167
4 11836 11837 12179 12178
4 12167 12178 12180 12169
4 12178 12179 12181 12180
4 11837 11840 12182 12179
4 11840 11841 12183 12182
4 12179 12182 12184 12181
4 12182 12183 12185 12184
4 12169 12180 12186 12175
4 12180 12181 12187 12186
4 12175 12186 12188 12177
4 12186 12187 12189 12188
4 12181 12184 12190 12187
4 12184 12185 12191 12190
4 12187 12190 12192 12189
4 12190 12191 12193 12192
4 8315 12172 12194 8337
4 12172 12173 12195 12194
4 8337 12194 12196 8339
4 12194 12195 12197 12196
4 12173 12176 12198 12195
4 12176 12177 12199 12198
4 12195 12198 12200 12197
4 12198 12199 12201 12200
4 8339 12196 12202 8345
4 12196 12197 12203 12202
4 8345 12202 12204 8347
4 12202 12203 12205 12204
4 12197 12200 12206 12203
4 12200 12201 12207 12206
4 12203 12206 12208 12205
4 12206 12207 12209 12208
4 12177 12188 12210 12199
4 12188 12189 12211 12210
4 12199 12210 12212 12201
4 12210 12211 12213 12212
4 12189 12192 12214 12211
4 12192 12193 12215 12214
4 12211 12214 12216 12213
4 12214 12215 12217 12216
4 12201 12212 12218 12207
4 12212 12213 12219 12218
4 12207 12218 12220 12209
4 12218 12219 12221 12220
4 12213 12216 12222 12219
4 12216 12217 12223 12222
4 12219 12222 12224 12221
4 12222 12223 12225 12224
4 11841 11884 12226 12183
4 11884 11885 12227 12226
4 12183 12226 12228 12185
4 12226 12227 12229 12228
4 11885 11888 12230 12227
4 11888 11889 12231 12230
4 12227 12230 12232 12229
4 12230 12231 12233 12232
4 12185 12228 12234 12191
4 12228 12229 12235 12234
4 12191 12234 12236 12193
4 12234 12235 12237 12236
4 12229 12232 12238 12235
4 12232 12233 12239 12238
4 12235 12238 12240 12237
4 12238 12239 12241 12240
4 11889 11900 12242 12231
4 11900 11901 12243 12242
4 12231 12242 12244 12233
4 12242 12243 12245 12244
4 11901 11904 12246 12243
4 11904 11905 12247 12246
4 12243 12246 12248 12245
4 12246 12247 12249 12248
4 12233 12244 12250 12239
4 12244 12245 12251 12250
4 12239 12250 12252 12241
4 12250 12251 12253 12252
4 12245 12248 12254 12251
4 12248 12249 12255 12254
4 12251 12254 12256 12253
4 12254 12255 12257 12256
4 12193 12236 12258 12215
4 12236 12237 12259 12258
4 12215 12258 12260 12217
4 12258 12259 12261 12260
4 12237 12240 12262 12259
4 12240 12241 12263 12262
4 12259 12262 12264 12261
4 12262 12263 12265 12264
4 12217 12260 12266 12223
4 12260 12261 12267 12266
4 12223 12266 12268 12225
4 12266 12267 12269 12268
4 12261 12264 12270 12267
4 12264 12265 12271 12270
4 12267 12270 12272 12269
4 12270 12271 12273 12272
4 12241 12252 12274 12263
4 12252 12253 12275 12274
4 12263 12274 12276 12265
4 12274 12275 12277 12276
4 12253 12256 12278 12275
4 12256 12257 12279 12278
4 12275 12278 12280 12277
4 12278 12279 12281 12280
4 12265 12276 12282 12271
4 12276 12277 12283 12282
4 12271 12282 12284 12273
4 12282 12283 12285 12284
4 12277 12280 12286 12283
4 12280 12281 12287 12286
4 12283 12286 12288 12285
4 12286 12287 12289 12288
4 8347 12204 12290 8433
4 12204 12205 12291 12290
4 8433 12290 12292 8435
4 12290 12291 12293 12292
4 12205 12208 12294 12291
4 12208 12209 12295 12294
4 12291 12294 12296 12293
4 12294 12295 12297 12296
4 8435 12292 12298 8441
4 12292 12293 12299 12298
4 8441 12298 12300 8443
4 12298 12299 12301 12300
4 12293 12296 12302 12299
4 12296 12297 12303 12302
4 12299 12302 12304 12301
4 12302 12303 12305 12304
4 12209 12220 12306 12295
4 12220 12221 12307 12306
4 12295 12306 12308 12297
4 12306 12307 12309 12308
4 12221 12224 12310 12307
4 12224 12225 12311 12310
4 12307 12310 12312 12309
4 12310 12311 12313 12312
4 12297 12308 12314 12303
4 12308 12309 12315 12314
4 12303 12314 12316 12305
4 12314 12315 12317 12316
4 12309 12312 12318 12315
4 12312 12313 12319 12318
4 12315 12318 12320 12317
4 12318 12319 12321 12320
4 8443 12300 12322 8465
4 12300 12301 12323 12322
4 8465 12322 12324 8467
4 12322 12323 12325 12324
4 12301 12304 12326 12323
4 12304 12305 12327 12326
4 12323 12326 12328 12325
4 12326 12327 12329 12328
4 8467 12324 12330 8473
4 12324 12325 12331 12330
4 8473 12330 12332 8475
4 12330 12331 12333 12332
4 12325 12328 12334 12331
4 12328 12329 12335 12334
4 12331 12334 12336 12333
4 12334 12335 12337 12336
4 12305 12316 12338 12327
4 12316 12317 12339 12338
4 12327 12338 12340 12329
4 12338 12339 12341 12340
4 12317 12320 12342 12339
4 12320 12321 12343 12342
4 12339 12342 12344 12341
4 12342 12343 12345 12344
4 12329 12340 12346 12335
4 12340 12341 12347 12346
4 12335 12346 12348 12337
4 12346 12347 12349 12348
4 12341 12344 12350 12347
4 12344 12345 12351 12350
4 12347 12350 12352 12349
4 12350 12351 12353 12352
4 12225 12268 12354 12311
4 12268 12269 12355 12354
4 12311 12354 12356 12313
4 12354 12355 12357 12356
4 12269 12272 12358 12355
4 12272 12273 12359 12358
4 12355 12358 12360 12357
4 12358 12359 12361 12360
4 12313 12356 12362 12319
4 12356 12357 12363 12362
4 12319 12362 12364 12321
4 12362 12363 12365 12364
4 12357 12360 12366 12363
4 12360 12361 12367 12366
4 12363 12366 12368 12365
4 12366 12367 12369 12368
4 12273 12284 12370 12359
4 12284 12285 12371 12370
4 12359 12370 12372 12361
4 12370 12371 12373 12372
4 12285 12288 12374 12371
4 12288 12289 12375 12374
4 12371 12374 12376 12373
4 12374 12375 12377 12376
4 12361 12372 12378 12367
4 12372 12373 12379 12378
4 12367 12378 12380 12369
4 12378 12379 12381 12380
4 12373 12376 12382 12379
4 12376 12377 12383 12382
4 12379 12382 12384 12381
4 12382 12383 12385 12384
4 12321 12364 12386 12343
4 12364 12365 12387 12386
4 12343 12386 12388 12345
4 12386 12387 12389 12388
4 12365 12368 12390 12387
4 12368 12369 12391 12390
4 12387 12390 12392 12389
4 12390 12391 12393 12392
4 12345 12388 12394 12351
4 12388 12389 12395 12394
4 12351 12394 12396 12353
4 12394 12395 12397 12396
4 12389 12392 12398 12395
4 12392 12393 12399 12398
4 12395 12398 12400 12397
4 12398 12399 12401 12400
4 12369 12380 12402 12391
4 12380 12381 12403 12402
4 12391 12402 12404 12393
4 12402 12403 12405 12404
4 12381 12384 12406 12403
4 12384 12385 12407 12406
4 12403 12406 12408 12405
4 12406 12407 12409 12408
4 12393 12404 12410 12399
4 12404 12405 12411 12410
4 12399 12410 12412 12401
4 12410 12411 12413 12412
4 12405 12408 12414 12411
4 12408 12409 12415 12414
4 12411 12414 12416 12413
4 12414 12415 12417 12416
4 11905 12076 12418 12247
4 12076 12077 12419 12418
4 12247 12418 12420 12249
4 12418 12419 12421 12420
4 12077 12080 12422 12419
4 12080 12081 12423 12422
4 12419 12422 12424 12421
4 12422 12423 12425 12424
4 12249 12420 12426 12255
4 12420 12421 12427 12426
4 12255 12426 12428 12257
4 12426 12427 12429 12428
4 12421 12424 12430 12427
4 12424 12425 12431 12430
4 12427 12430 12432 12429
4 12430 12431 12433 12432
4 12081 12092 12434 12423
4 12092 12093 12435 12434
4 12423 12434 12436 12425
4 12434 12435 12437 12436
4 12093 12096 12438 12435
4 12096 12097 12439 12438
4 12435 12438 12440 12437
4 12438 12439 12441 12440
4 12425 12436 12442 12431
4 12436 12437 12443 12442
4 12431 12442 12444 12433
4 12442 12443 12445 12444
4 12437 12440 12446 12443
4 12440 12441 12447 12446
4 12443 12446 12448 12445
4 12446 12447 12449 12448
4 12257 12428 12450 12279
4 12428 12429 12451 12450
4 12279 12450 12452 12281
4 12450 12451 12453 12452
4 12429 12432 12454 12451
4 12432 12433 12455 12454
4 12451 12454 12456 12453
4 12454 12455 12457 12456
4 12281 12452 12458 12287
4 12452 12453 12459 12458
4 12287 12458 12460 12289
4 12458 12459 12461 12460
4 12453 12456 12462 12459
4 12456 12457 12463 12462
4 12459 12462 12464 12461
4 12462 12463 12465 12464
4 12433 12444 12466 12455
4 12444 12445 12467 12466
4 12455 12466 12468 12457
4 12466 12467 12469 12468
4 12445 12448 12470 12467
4 12448 12449 12471 12470
4 12467 12470 12472 12469
4 12470 12471 12473 12472
4 12457 12468 12474 12463
4 12468 12469 12475 12474
4 12463 12474 12476 12465
4 12474 12475 12477 12476
4 12469 12472 12478 12475
4 12472 12473 12479 12478
4 12475 12478 12480 12477
4 12478 12479 12481 12480
4 12097 12140 12482 12439
4 12140 12141 12483 12482
4 12439 12482 12484 12441
4 12482 12483 12485 12484
4 12141 12144 12486 12483
4 12144 12145 12487 12486
4 12483 12486 12488 12485
4 12486 12487 12489 12488
4 12441 12484 12490 12447
4 12484 12485 12491 12490
4 12447 12490 12492 12449
4 12490 12491 12493 12492
4 12485 12488 12494 12491
4 12488 12489 12495 12494
4 12491 12494 12496 12493
4 12494 12495 12497 12496
4 12145 12156 12498 12487
4 12156 12157 12499 12498
4 12487 12498 12500 12489
4 12498 12499 12501 12500
4 12157 12160 12502 12499
4 12160 12161 12503 12502
4 12499 12502 12504 12501
4 12502 12503 12505 12504
4 12489 12500 12506 12495
4 12500 12501 12507 12506
4 12495 12506 12508 12497
4 12506 12507 12509 12508
4 12501 12504 12510 12507
4 12504 12505 12511 12510
4 12507 12510 12512 12509
4 12510 12511 12513 12512
4 12449 12492 12514 12471
4 12492 12493 12515 12514
4 12471 12514 12516 12473
4 12514 12515 12517 12516
4 12493 12496 12518 12515
4 12496 12497 12519 12518
4 12515 12518 12520 12517
4 12518 12519 12521 12520
4 12473 12516 12522 12479
4 12516 12517 12523 12522
4 12479 12522 12524 12481
4 12522 12523 12525 12524
4 12517 12520 12526 12523
4 12520 12521 12527 12526
4 12523 12526 12528 12525
4 12526 12527 12529 12528
4 12497 12508 12530 12519
4 12508 12509 12531 12530
4 12519 12530 12532 12521
4 12530 12531 12533 12532
4 12509 12512 12534 12531
4 12512 12513 12535 12534
4 12531 12534 12536 12533
4 12534 12535 12537 12536
4 12521 12532 12538 12527
4 12532 12533 12539 12538
4 12527 12538 12540 12529
4 12538 12539 12541 12540
4 12533 12536 12542 12539
4 12536 12537 12543 12542
4 12539 12542 12544 12541
4 12542 12543 12545 12544
4 12289 12460 12546 12375
4 12460 12461 12547 12546
4 12375 12546 12548 12377
4 12546 12547 12549 12548
4 12461 12464 12550 12547
4 12464 12465 12551 12550
4 12547 12550 12552 12549
4 12550 12551 12553 12552
4 12377 12548 12554 12383
4 12548 12549 12555 12554
4 12383 12554 12556 12385
4 12554 12555 12557 12556
4 12549 12552 12558 12555
4 12552 12553 12559 12558
4 12555 12558 12560 12557
4 12558 12559 12561 12560
4 12465 12476 12562 12551
4 12476 12477 12563 12562
4 12551 12562 12564 12553
4 12562 12563 12565 12564
4 12477 12480 12566 12563
4 12480 12481 12567 12566
4 12563 12566 12568 12565
4 12566 12567 12569 12568
4 12553 12564 12570 12559
4 12564 12565 12571 12570
4 12559 12570 12572 12561
4 12570 12571 12573 12572
4 12565 12568 12574 12571
4 12568 12569 12575 12574
4 12571 12574 12576 12573
4 12574 12575 12577 12576
4 12385 12556 12578 12407
4 12556 12557 12579 12578
4 12407 12578 12580 12409
4 12578 12579 12581 12580
4 12557 12560 12582 12579
4 12560 12561 12583 12582
4 12579 12582 12584 12581
4 12582 12583 12585 12584
4 12409 12580 12586 12415
4 12580 12581 12587 12586
4 12415 12586 12588 12417
4 12586 12587 12589 12588
4 12581 12584 12590 12587
4 12584 12585 12591 12590
4 12587 12590 12592 12589
4 12590 12591 12593 12592
4 12561 12572 12594 12583
4 12572 12573 12595 12594
4 12583 12594 12596 12585
4 12594 12595 12597 12596
4 12573 12576 12598 12595
4 12576 12577 12599 12598
4 12595 12598 12600 12597
4 12598 12599 12601 12600
4 12585 12596 12602 12591
4 12596 12597 12603 12602
4 12591 12602 12604 12593
4 12602 12603 12605 12604
4 12597 12600 12606 12603
4 12600 12601 12607 12606
4 12603 12606 12608 12605
4 12606 12607 12609 12608
4 12481 12524 12610 12567
4 12524 12525 12611 12610
4 12567 12610 12612 12569
4 12610 12611 12613 12612
4 12525 12528 12614 12611
4 12528 12529 12615 12614
4 12611 12614 12616 12613
4 12614 12615 12617 12616
4 12569 12612 12618 12575
4 12612 12613 12619 12618
4 12575 12618 12620 12577
4 12618 12619 12621 12620
4 12613 12616 12622 12619
4 12616 12617 12623 12622
4 12619 12622 12624 12621
4 12622 12623 12625 12624
4 12529 12540 12626 12615
4 12540 12541 12627 12626
4 12615 12626 12628 12617
4 12626 12627 12629 12628
4 12541 12544 12630 12627
4 12544 12545 12631 12630
4 12627 12630 12632 12629
4 12630 12631 12633 12632
4 12617 12628 12634 12623
4 12628 12629 12635 12634
4 12623 12634 12636 12625
4 12634 12635 12637 12636
4 12629 12632 12638 12635
4 12632 12633 12639 12638
4 12635 12638 12640 12637
4 12638 12639 12641 12640
4 12577 12620 12642 12599
4 12620 12621 12643 12642
4 12599 12642 12644 12601
4 12642 12643 12645 12644
4 12621 12624 12646 12643
4 12624 12625 12647 12646
4 12643 12646 12648 12645
4 12646 12647 12649 12648
4 12601 12644 12650 12607
4 12644 12645 12651 12650
4 12607 12650 12652 12609
4 12650 12651 12653 12652
4 12645 12648 12654 12651
4 12648 12649 12655 12654
4 12651 12654 12656 12653
4 12654 12655 12657 12656
4 12625 12636 12658 12647
4 12636 12637 12659 12658
4 12647 12658 12660 12649
4 12658 12659 12661 12660
4 12637 12640 12662 12659
4 12640 12641 12663 12662
4 12659 12662 12664 12661
4 12662 12663 12665 12664
4 12649 12660 12666 12655
4 12660 12661 12667 12666
4 12655 12666 12668 12657
4 12666 12667 12669 12668
4 12661 12664 12670 12667
4 12664 12665 12671 12670
4 12667 12670 12672 12669
4 12670 12671 12673 12672
4 8848 12674 12675 8849
4 12674 12676 12677 12675
4 8849 12675 12678 8851
4 12675 12677 12679 12678
4 12676 12680 12681 12677
4 12680 12682 12683 12681
4 12677 12681 12684 12679
4 12681 12683 12685 12684
4 8851 12678 12686 8857
4 12678 12679 12687 12686
4 8857 12686 12688 8859
4 12686 12687 12689 12688
4 12679 12684 12690 12687
4 12684 12685 12691 12690
4 12687 12690 12692 12689
4 12690 12691 12693 12692
4 12682 12694 12695 12683
4 12694 12696 12697 12695
4 12683 12695 12698 12685
4 12695 12697 12699 12698
4 12696 12700 12701 12697
4 12700 12702 12703 12701
4 12697 12701 12704 12699
4 12701 12703 12705 12704
4 12685 12698 12706 12691
4 12698 12699 12707 12706
4 12691 12706 12708 12693
4 12706 12707 12709 12708
4 12699 12704 12710 12707
4 12704 12705 12711 12710
4 12707 12710 12712 12709
4 12710 12711 12713 12712
4 8859 12688 12714 8881
4 12688 12689 12715 12714
4 8881 12714 12716 8883
4 12714 12715 12717 12716
4 12689 12692 12718 12715
4 12692 12693 12719 12718
4 12715 12718 12720 12717
4 12718 12719 12721 12720
4 8883 12716 12722 8889
4 12716 12717 12723 12722
4 8889 12722 12724 8891
4 12722 12723 12725 12724
4 12717 12720 12726 12723
4 12720 12721 12727 12726
4 12723 12726 12728 12725
4 12726 12727 12729 12728
4 12693 12708 12730 12719
4 12708 12709 12731 12730
4 12719 12730 12732 12721
4 12730 12731 12733 12732
4 12709 12712 12734 12731
4 12712 12713 12735 12734
4 12731 12734 12736 12733
4 12734 12735 12737 12736
4 12721 12732 12738 12727
4 12732 12733 12739 12738
4 12727 12738 12740 12729
4 12738 12739 12741 12740
4 12733 12736 12742 12739
4 12736 12737 12743 12742
4 12739 12742 12744 12741
4 12742 12743 12745 12744
4 12702 12746 12747 12703
4 12746 12748 12749 12747
4 12703 12747 12750 12705
4 12747 12749 12751 12750
4 12748 12752 12753 12749
4 12752 12754 12755 12753
4 12749 12753 12756 12751
4 12753 12755 12757 12756
4 12705 12750 12758 12711
4 12750 12751 12759 12758
4 12711 12758 12760 12713
4 12758 12759 12761 12760
4 12751 12756 12762 12759
4 12756 12757 12763 12762
4 12759 12762 12764 12761
4 12762 12763 12765 12764
4 12754 12766 12767 12755
4 12766 12768 12769 12767
4 12755 12767 12770 12757
4 12767 12769 12771 12770
4 12768 12772 12773 12769
4 12772 12774 12775 12773
4 12769 12773 12776 12771
4 12773 12775 12777 12776
4 12757 12770 12778 12763
4 12770 12771 12779 12778
4 12763 12778 12780 12765
4 12778 12779 12781 12780
4 12771 12776 12782 12779
4 12776 12777 12783 12782
4 12779 12782 12784 12781
4 12782 12783 12785 12784
4 12713 12760 12786 12735
4 12760 12761 12787 12786
4 12735 12786 12788 12737
4 12786 12787 12789 12788
4 12761 12764 12790 12787
4 12764 12765 12791 12790
4 12787 12790 12792 12789
4 12790 12791 12793 12792
4 12737 12788 12794 12743
4 12788 12789 12795 12794
4 12743 12794 12796 12745
4 12794 12795 12797 12796
4 12789 12792 12798 12795
4 12792 12793 12799 12798
4 12795 12798 12800 12797
4 12798 12799 12801 12800
4 12765 12780 12802 12791
4 12780 12781 12803 12802
4 12791 12802 12804 12793
4 12802 12803 12805 12804
4 12781 12784 12806 12803
4 12784 12785 12807 12806
4 12803 12806 12808 12805
4 12806 12807 12809 12808
4 12793 12804 12810 12799
4 12804 12805 12811 12810
4 12799 12810 12812 12801
4 12810 12811 12813 12812
4 12805 12808 12814 12811
4 12808 12809 12815 12814
4 12811 12814 12816 12813
4 12814 12815 12817 12816
4 8891 12724 12818 8977
4 12724 12725 12819 12818
4 8977 12818 12820 8979
4 12818 12819 12821 12820
4 12725 12728 12822 12819
4 12728 12729 12823 12822
4 12819 12822 12824 12821
4 12822 12823 12825 12824
4 8979 12820 12826 8985
4 12820 12821 12827 12826
4 8985 12826 12828 8987
4 12826 12827 12829 12828
4 12821 12824 12830 12827
4 12824 12825 12831 12830
4 12827 12830 12832 12829
4 12830 12831 12833 12832
4 12729 12740 12834 12823
4 12740 12741 12835 12834
4 12823 12834 12836 12825
4 12834 12835 12837 12836
4 12741 12744 12838 12835
4 12744 12745 12839 12838
4 12835 12838 12840 12837
4 12838 12839 12841 12840
4 12825 12836 12842 12831
4 12836 12837 12843 12842
4 12831 12842 12844 12833
4 12842 12843 12845 12844
4 12837 12840 12846 12843
4 12840 12841 12847 12846
4 12843 12846 12848 12845
4 12846 12847 12849 12848
4 8987 12828 12850 9009
4 12828 12829 12851 12850
4 9009 12850 12852 9011
4 12850 12851 12853 12852
4 12829 12832 12854 12851
4 12832 12833 12855 12854
4 12851 12854 12856 12853
4 12854 12855 12857 12856
4 9011 12852 12858 9017
4 12852 12853 12859 12858
4 9017 12858 12860 9019
4 12858 12859 12861 12860
4 12853 12856 12862 12859
4 12856 12857 12863 12862
4 12859 12862 12864 12861
4 12862 12863 12865 12864
4 12833 12844 12866 12855
4 12844 12845 12867 12866
4 12855 12866 12868 12857
4 12866 12867 12869 12868
4 12845 12848 12870 12867
4 12848 12849 12871 12870
4 12867 12870 12872 12869
4 12870 12871 12873 12872
4 12857 12868 12874 12863
4 12868 12869 12875 12874
4 12863 12874 12876 12865
4 12874 12875 12877 12876
4 12869 12872 12878 12875
4 12872 12873 12879 12878
4 12875 12878 12880 12877
4 12878 12879 12881 12880
4 12745 12796 12882 12839
4 12796 12797 12883 12882
4 12839 12882 12884 12841
4 12882 12883 12885 12884
4 12797 12800 12886 12883
4 12800 12801 12887 12886
4 12883 12886 12888 12885
4 12886 12887 12889 12888
4 12841 12884 12890 12847
4 12884 12885 12891 12890
4 12847 12890 12892 12849
4 12890 12891 12893 12892
4 12885 12888 12894 12891
4 12888 12889 12895 12894
4 12891 12894 12896 12893
4 12894 12895 12897 12896
4 12801 12812 12898 12887
4 12812 12813 12899 12898
4 12887 12898 12900 12889
4 12898 12899 12901 12900
4 12813 12816 12902 12899
4 12816 12817 12903 12902
4 12899 12902 12904 12901
4 12902 12903 12905 12904
4 12889 12900 12906 12895
4 12900 12901 12907 12906
4 12895 12906 12908 12897
4 12906 12907 12909 12908
4 12901 12904 12910 12907
4 12904 12905 12911 12910
4 12907 12910 12912 12909
4 12910 12911 12913 12912
4 12849 12892 12914 12871
4 12892 12893 12915 12914
4 12871 12914 12916 12873
4 12914 12915 12917 12916
4 12893 12896 12918 12915
4 12896 12897 12919 12918
4 12915 12918 12920 12917
4 12918 12919 12921 12920
4 12873 12916 12922 12879
4 12916 12917 12923 12922
4 12879 12922 12924 12881
4 12922 12923 12925 12924
4 12917 12920 12926 12923
4 12920 12921 12927 12926
4 12923 12926 12928 12925
4 12926 12927 12929 12928
4 12897 12908 12930 12919
4 12908 12909 12931 12930
4 12919 12930 12932 12921
4 12930 12931 12933 12932
4 12909 12912 12934 12931
4 12912 12913 12935 12934
4 12931 12934 12936 12933
4 12934 12935 12937 12936
4 12921 12932 12938 12927
4 12932 12933 12939 12938
4 12927 12938 12940 12929
4 12938 12939 12941 12940
4 12933 12936 12942 12939
4 12936 12937 12943 12942
4 12939 12942 12944 12941
4 12942 12943 12945 12944
4 12774 12946 12947 12775
4 12946 12948 12949 12947
4 12775 12947 12950 12777
4 12947 12949 12951 12950
4 12948 12952 12953 12949
4 12952 12954 12955 12953
4 12949 12953 12956 12951
4 12953 12955 12957 12956
4 12777 12950 12958 12783
4 12950 12951 12959 12958
4 12783 12958 12960 12785
4 12958 12959 12961 12960
4 12951 12956 12962 12959
4 12956 12957 12963 12962
4 12959 12962 12964 12961
4 12962 12963 12965 12964
4 12954 12966 12967 12955
4 12966 12968 12969 12967
4 12955 12967 12970 12957
4 12967 12969 12971 12970
4 12968 12972 12973 12969
4 12972 12974 12975 12973
4 12969 12973 12976 12971
4 12973 12975 12977 12976
4 12957 12970 12978 12963
4 12970 12971 12979 12978
4 12963 12978 12980 12965
4 12978 12979 12981 12980
4 12971 12976 12982 12979
4 12976 12977 12983 12982
4 12979 12982 12984 12981
4 12982 12983 12985 12984
4 12785 12960 12986 12807
4 12960 12961 12987 12986
4 12807 12986 12988 12809
4 12986 12987 12989 12988
4 12961 12964 12990 12987
4 12964 12965 12991 12990
4 12987 12990 12992 12989
4 12990 12991 12993 12992
4 12809 12988 12994 12815
4 12988 12989 12995 12994
4 12815 12994 12996 12817
4 12994 12995 12997 12996
4 12989 12992 12998 12995
4 12992 12993 12999 12998
4 12995 12998 13000 12997
4 12998 12999 13001 13000
4 12965 12980 13002 12991
4 12980 12981 13003 13002
4 12991 13002 13004 12993
4 13002 13003 13005 13004
4 12981 12984 13006 13003
4 12984 12985 13007 13006
4 13003 13006 13008 13005
4 13006 13007 13009 13008
4 12993 13004 13010 12999
4 13004 13005 13011 13010
4 12999 13010 13012 13001
4 13010 13011 13013 13012
4 13005 13008 13014 13011
4 13008 13009 13015 13014
4 13011 13014 13016 13013
4 13014 13015 13017 13016
4 12974 13018 13019 12975
4 13018 13020 13021 13019
4 12975 13019 13022 12977
4 13019 13021 13023 13022
4 13020 13024 13025 13021
4 13024 13026 13027 13025
4 13021 13025 13028 13023
4 13025 13027 13029 13028
4 12977 13022 13030 12983
4 13022 13023 13031 13030
4 12983 13030 13032 12985
4 13030 13031 13033 13032
4 13023 13028 13034 13031
4 13028 13029 13035 13034
4 13031 13034 13036 13033
4 13034 13035 13037 13036
4 13026 13038 13039 13027
4 13038 13040 13041 13039
4 13027 13039 13042 13029
4 13039 13041 13043 13042
4 13040 13044 13045 13041
4 13044 13046 13047 13045
4 13041 13045 13048 13043
4 13045 13047 13049 13048
4 13029 13042 13050 13035
4 13042 13043 13051 13050
4 13035 13050 13052 13037
4 13050 13051 13053 13052
4 13043 13048 13054 13051
4 13048 13049 13055 13054
4 13051 13054 13056 13053
4 13054 13055 13057 13056
4 12985 13032 13058 13007
4 13032 13033 13059 13058
4 13007 13058 13060 13009
4 13058 13059 13061 13060
4 13033 13036 13062 13059
4 13036 13037 13063 13062
4 13059 13062 13064 13061
4 13062 13063 13065 13064
4 13009 13060 13066 13015
4 13060 13061 13067 13066
4 13015 13066 13068 13017
4 13066 13067 13069 13068
4 13061 13064 13070 13067
4 13064 13065 13071 13070
4 13067 13070 13072 13069
4 13070 13071 13073 13072
4 13037 13052 13074 13063
4 13052 13053 13075 13074
4 13063 13074 13076 13065
4 13074 13075 13077 13076
4 13053 13056 13078 13075
4 13056 13057 13079 13078
4 13075 13078 13080 13077
4 13078 13079 13081 13080
4 13065 13076 13082 13071
4 13076 13077 13083 13082
4 13071 13082 13084 13073
4 13082 13083 13085 13084
4 13077 13080 13086 13083
4 13080 13081 13087 13086
4 13083 13086 13088 13085
4 13086 13087 13089 13088
4 12817 12996 13090 12903
4 12996 12997 13091 13090
4 12903 13090 13092 12905
4 13090 13091 13093 13092
4 12997 13000 13094 13091
4 13000 13001 13095 13094
4 13091 13094 13096 13093
4 13094 13095 13097 13096
4 12905 13092 13098 12911
4 13092 13093 13099 13098
4 12911 13098 13100 12913
4 13098 13099 13101 13100
4 13093 13096 13102 13099
4 13096 13097 13103 13102
4 13099 13102 13104 13101
4 13102 13103 13105 13104
4 13001 13012 13106 13095
4 13012 13013 13107 13106
4 13095 13106 13108 13097
4 13106 13107 13109 13108
4 13013 13016 13110 13107
4 13016 13017 13111 13110
4 13107 13110 13112 13109
4 13110 13111 13113 13112
4 13097 13108 13114 13103
4 13108 13109 13115 13114
4 13103 13114 13116 13105
4 13114 13115 13117 13116
4 13109 13112 13118 13115
4 13112 13113 13119 13118
4 13115 13118 13120 13117
4 13118 13119 13121 13120
4 12913 13100 13122 12935
4 13100 13101 13123 13122
4 12935 13122 13124 12937
4 13122 13123 13125 13124
4 13101 13104 13126 13123
4 13104 13105 13127 13126
4 13123 13126 13128 13125
4 13126 13127 13129 13128
4 12937 13124 13130 12943
4 13124 13125 13131 13130
4 12943 13130 13132 12945
4 13130 13131 13133 13132
4 13125 13128 13134 13131
4 13128 13129 13135 13134
4 13131 13134 13136 13133
4 13134 13135 13137 13136
4 13105 13116 13138 13127
4 13116 13117 13139 13138
4 13127 13138 13140 13129
4 13138 13139 13141 13140
4 13117 13120 13142 13139
4 13120 13121 13143 13142
4 13139 13142 13144 13141
4 13142 13143 13145 13144
4 13129 13140 13146 13135
4 13140 13141 13147 13146
4 13135 13146 13148 13137
4 13146 13147 13149 13148
4 13141 13144 13150 13147
4 13144 13145 13151 13150
4 13147 13150 13152 13149
4 13150 13151 13153 13152
4 13017 13068 13154 13111
4 13068 13069 13155 13154
4 13111 13154 13156 13113
4 13154 13155 13157 13156
4 13069 13072 13158 13155
4 13072 13073 13159 13158
4 13155 13158 13160 13157
4 13158 13159 13161 13160
4 13113 13156 13162 13119
4 13156 13157 13163 13162
4 13119 13162 13164 13121
4 13162 13163 13165 13164
4 13157 13160 13166 13163
4 13160 13161 13167 13166
4 13163 13166 13168 13165
4 13166 13167 13169 13168
4 13073 13084 13170 13159
4 13084 13085 13171 13170
4 13159 13170 13172 13161
4 13170 13171 13173 13172
4 13085 13088 13174 13171
4 13088 13089 13175 13174
4 13171 13174 13176 13173
4 13174 13175 13177 13176
4 13161 13172 13178 13167
4 13172 13173 13179 13178
4 13167 13178 13180 13169
4 13178 13179 13181 13180
4 13173 13176 13182 13179
4 13176 13177 13183 13182
4 13179 13182 13184 13181
4 13182 13183 13185 13184
4 13121 13164 13186 13143
4 13164 13165 13187 13186
4 13143 13186 13188 13145
4 13186 13187 13189 13188
4 13165 13168 13190 13187
4 13168 13169 13191 13190
4 13187 13190 13192 13189
4 13190 13191 13193 13192
4 13145 13188 13194 13151
4 13188 13189 13195 13194
4 13151 13194 13196 13153
4 13194 13195 13197 13196
4 13189 13192 13198 13195
4 13192 13193 13199 13198
4 13195 13198 13200 13197
4 13198 13199 13201 13200
4 13169 13180 13202 13191
4 13180 13181 13203 13202
4 13191 13202 13204 13193
4 13202 13203 13205 13204
4 13181 13184 13206 13203
4 13184 13185 13207 13206
4 13203 13206 13208 13205
4 13206 13207 13209 13208
4 13193 13204 13210 13199
4 13204 13205 13211 13210
4 13199 13210 13212 13201
4 13210 13211 13213 13212
4 13205 13208 13214 13211
4 13208 13209 13215 13214
4 13211 13214 13216 13213
4 13214 13215 13217 13216
4 9019 12860 13218 9361
4 12860 12861 13219 13218
4 9361 13218 13220 9363
4 13218 13219 13221 13220
4 12861 12864 13222 13219
4 12864 12865 13223 13222
4 13219 13222 13224 13221
4 13222 13223 13225 13224
4 9363 13220 13226 9369
4 13220 13221 13227 13226
4 9369 13226 13228 9371
4 13226 13227 13229 13228
4 13221 13224 13230 13227
4 13224 13225 13231 13230
4 13227 13230 13232 13229
4 13230 13231 13233 13232
4 12865 12876 13234 13223
4 12876 12877 13235 13234
4 13223 13234 13236 13225
4 13234 13235 13237 13236
4 12877 12880 13238 13235
4 12880 12881 13239 13238
4 13235 13238 13240 13237
4 13238 13239 13241 13240
4 13225 13236 13242 13231
4 13236 13237 13243 13242
4 13231 13242 13244 13233
4 13242 13243 13245 13244
4 13237 13240 13246 13243
4 13240 13241 13247 13246
4 13243 13246 13248 13245
4 13246 13247 13249 13248
4 9371 13228 13250 9393
4 13228 13229 13251 13250
4 9393 13250 13252 9395
4 13250 13251 13253 13252
4 13229 13232 13254 13251
4 13232 13233 13255 13254
4 13251 13254 13256 13253
4 13254 13255 13257 13256
4 9395 13252 13258 9401
4 13252 13253 13259 13258
4 9401 13258 13260 9403
4 13258 13259 13261 13260
4 13253 13256 13262 13259
4 13256 13257 13263 13262
4 13259 13262 13264 13261
4 13262 13263 13265 13264
4 13233 13244 13266 13255
4 13244 13245 13267 13266
4 13255 13266 13268 13257
4 13266 13267 13269 13268
4 13245 13248 13270 13267
4 13248 13249 13271 13270
4 13267 13270 13272 13269
4 13270 13271 13273 13272
4 13257 13268 13274 13263
4 13268 13269 13275 13274
4 13263 13274 13276 13265
4 13274 13275 13277 13276
4 13269 13272 13278 13275
4 13272 13273 13279 13278
4 13275 13278 13280 13277
4 13278 13279 13281 13280
4 12881 12924 13282 13239
4 12924 12925 13283 13282
4 13239 13282 13284 13241
4 13282 13283 13285 13284
4 12925 12928 13286 13283
4 12928 12929 13287 13286
4 13283 13286 13288 13285
4 13286 13287 13289 13288
4 13241 13284 13290 13247
4 13284 13285 13291 13290
4 13247 13290 13292 13249
4 13290 13291 13293 13292
4 13285 13288 13294 13291
4 13288 13289 13295 13294
4 13291 13294 13296 13293
4 13294 13295 13297 13296
4 12929 12940 13298 13287
4 12940 12941 13299 13298
4 13287 13298 13300 13289
4 13298 13299 13301 13300
4 12941 12944 13302 13299
4 12944 12945 13303 13302
4 13299 13302 13304 13301
4 13302 13303 13305 13304
4 13289 13300 13306 13295
4 13300 13301 13307 13306
4 13295 13306 13308 13297
4 13306 13307 13309 13308
4 13301 13304 13310 13307
4 13304 13305 13311 13310
4 13307 13310 13312 13309
4 13310 13311 13313 13312
4 13249 13292 13314 13271
4 13292 13293 13315 13314
4 13271 13314 13316 13273
4 13314 13315 13317 13316
4 13293 13296 13318 13315
4 13296 13297 13319 13318
4 13315 13318 13320 13317
4 13318 13319 13321 13320
4 13273 13316 13322 13279
4 13316 13317 13323 13322
4 13279 13322 13324 13281
4 13322 13323 13325 13324
4 13317 13320 13326 13323
4 13320 13321 13327 13326
4 13323 13326 13328 13325
4 13326 13327 13329 13328
4 13297 13308 13330 13319
4 13308 13309 13331 13330
4 13319 13330 13332 13321
4 13330 13331 13333 13332
4 13309 13312 13334 13331
4 13312 13313 13335 13334
4 13331 13334 13336 13333
4 13334 13335 13337 13336
4 13321 13332 13338 13327
4 13332 13333 13339 13338
4 13327 13338 13340 13329
4 13338 13339 13341 13340
4 13333 13336 13342 13339
4 13336 13337 13343 13342
4 13339 13342 13344 13341
4 13342 13343 13345 13344
4 9403 13260 13346 9489
4 13260 13261 13347 13346
4 9489 13346 13348 9491
4 13346 13347 13349 13348
4 13261 13264 13350 13347
4 13264 13265 13351 13350
4 13347 13350 13352 13349
4 13350 13351 13353 13352
4 9491 13348 13354 9497
4 13348 13349 13355 13354
4 9497 13354 13356 9499
4 13354 13355 13357 13356
4 13349 13352 13358 13355
4 13352 13353 13359 13358
4 13355 13358 13360 13357
4 13358 13359 13361 13360
4 13265 13276 13362 13351
4 13276 13277 13363 13362
4 13351 13362 13364 13353
4 13362 13363 13365 13364
4 13277 13280 13366 13363
4 13280 13281 13367 13366
4 13363 13366 13368 13365
4 13366 13367 13369 13368
4 13353 13364 13370 13359
4 13364 13365 13371 13370
4 13359 13370 13372 13361
4 13370 13371 13373 13372
4 13365 13368 13374 13371
4 13368 13369 13375 13374
4 13371 13374 13376 13373
4 13374 13375 13377 13376
4 9499 13356 13378 9521
4 13356 13357 13379 13378
4 9521 13378 13380 9523
4 13378 13379 13381 13380
4 13357 13360 13382 13379
4 13360 13361 13383 13382
4 13379 13382 13384 13381
4 13382 13383 13385 13384
4 9523 13380 13386 9529
4 13380 13381 13387 13386
4 9529 13386 13388 9531
4 13386 13387 13389 13388
4 13381 13384 13390 13387
4 13384 13385 13391 13390
4 13387 13390 13392 13389
4 13390 13391 13393 13392
4 13361 13372 13394 13383
4 13372 13373 13395 13394
4 13383 13394 13396 13385
4 13394 13395 13397 13396
4 13373 13376 13398 13395
4 13376 13377 13399 13398
4 13395 13398 13400 13397
4 13398 13399 13401 13400
4 13385 13396 13402 13391
4 13396 13397 13403 13402
4 13391 13402 13404 13393
4 13402 13403 13405 13404
4 13397 13400 13406 13403
4 13400 13401 13407 13406
4 13403 13406 13408 13405
4 13406 13407 13409 13408
4 13281 13324 13410 13367
4 13324 13325 13411 13410
4 13367 13410 13412 13369
4 13410 13411 13413 13412
4 13325 13328 13414 13411
4 13328 13329 13415 13414
4 13411 13414 13416 13413
4 13414 13415 13417 13416
4 13369 13412 13418 13375
4 13412 13413 13419 13418
4 13375 13418 13420 13377
4 13418 13419 13421 13420
4 13413 13416 13422 13419
4 13416 13417 13423 13422
4 13419 13422 13424 13421
4 13422 13423 13425 13424
4 13329 13340 13426 13415
4 13340 13341 13427 13426
4 13415 13426 13428 13417
4 13426 13427 13429 13428
4 13341 13344 13430 13427
4 13344 13345 13431 13430
4 13427 13430 13432 13429
4 13430 13431 13433 13432
4 13417 13428 13434 13423
4 13428 13429 13435 13434
4 13423 13434 13436 13425
4 13434 13435 13437 13436
4 13429 13432 13438 13435
4 13432 13433 13439 13438
4 13435 13438 13440 13437
4 13438 13439 13441 13440
4 13377 13420 13442 13399
4 13420 13421 13443 13442
4 13399 13442 13444 13401
4 13442 13443 13445 13444
4 13421 13424 13446 13443
4 13424 13425 13447 13446
4 13443 13446 13448 13445
4 13446 13447 13449 13448
4 13401 13444 13450 13407
4 13444 13445 13451 13450
4 13407 13450 13452 13409
4 13450 13451 13453 13452
4 13445 13448 13454 13451
4 13448 13449 13455 13454
4 13451 13454 13456 13453
4 13454 13455 13457 13456
4 13425 13436 13458 13447
4 13436 13437 13459 13458
4 13447 13458 13460 13449
4 13458 13459 13461 13460
4 13437 13440 13462 13459
4 13440 13441 13463 13462
4 13459 13462 13464 13461
4 13462 13463 13465 13464
4 13449 13460 13466 13455
4 13460 13461 13467 13466
4 13455 13466 13468 13457
4 13466 13467 13469 13468
4 13461 13464 13470 13467
4 13464 13465 13471 13470
4 13467 13470 13472 13469
4 13470 13471 13473 13472
4 12945 13132 13474 13303
4 13132 13133 13475 13474
4 13303 13474 13476 13305
4 13474 13475 13477 13476
4 13133 13136 13478 13475
4 13136 13137 13479 13478
4 13475 13478 13480 13477
4 13478 13479 13481 13480
4 13305 13476 13482 13311
4 13476 13477 13483 13482
4 13311 13482 13484 13313
4 13482 13483 13485 13484
4 13477 13480 13486 13483
4 13480 13481 13487 13486
4 13483 13486 13488 13485
4 13486 13487 13489 13488
4 13137 13148 13490 13479
4 13148 13149 13491 13490
4 13479 13490 13492 13481
4 13490 13491 13493 13492
4 13149 13152 13494 13491
4 13152 13153 13495 13494
4 13491 13494 13496 13493
4 13494 13495 13497 13496
4 13481 13492 13498 13487
4 13492 13493 13499 13498
4 13487 13498 13500 13489
4 13498 13499 13501 13500
4 13493 13496 13502 13499
4 13496 13497 13503 13502
4 13499 13502 13504 13501
4 13502 13503 13505 13504
4 13313 13484 13506 13335
4 13484 13485 13507 13506
4 13335 13506 13508 13337
4 13506 13507 13509 13508
4 13485 13488 13510 13507
4 13488 13489 13511 13510
4 13507 13510 13512 13509
4 13510 13511 13513 13512
4 13337 13508 13514 13343
4 13508 13509 13515 13514
4 13343 13514 13516 13345
4 13514 13515 13517 13516
4 13509 13512 13518 13515
4 13512 13513 13519 13518
4 13515 13518 13520 13517
4 13518 13519 13521 13520
4 13489 13500 13522 13511
4 13500 13501 13523 13522
4 13511 13522 13524 13513
4 13522 13523 13525 13524
4 13501 13504 13526 13523
4 13504 13505 13527 13526
4 13523 13526 13528 13525
4 13526 13527 13529 13528
4 13513 13524 13530 13519
4 13524 13525 13531 13530
4 13519 13530 13532 13521
4 13530 13531 13533 13532
4 13525 13528 13534 13531
4 13528 13529 13535 13534
4 13531 13534 13536 13533
4 13534 13535 13537 13536
4 13153 13196 13538 13495
4 13196 13197 13539 13538
4 13495 13538 13540 13497
4 13538 13539 13541 13540
4 13197 13200 13542 13539
4 13200 13201 13543 13542
4 13539 13542 13544 13541
4 13542 13543 13545 13544
4 13497 13540 13546 13503
4 13540 13541 13547 13546
4 13503 13546 13548 13505
4 13546 13547 13549 13548
4 13541 13544 13550 13547
4 13544 13545 13551 13550
4 13547 13550 13552 13549
4 13550 13551 13553 13552
4 13201 13212 13554 13543
4 13212 13213 13555 13554
4 13543 13554 13556 13545
4 13554 13555 13557 13556
4 13213 13216 13558 13555
4 13216 13217 13559 13558
4 13555 13558 13560 13557
4 13558 13559 13561 13560
4 13545 13556 13562 13551
4 13556 13557 13563 13562
4 13551 13562 13564 13553
4 13562 13563 13565 13564
4 13557 13560 13566 13563
4 13560 13561 13567 13566
4 13563 13566 13568 13565
4 13566 13567 13569 13568
4 13505 13548 13570 13527
4 13548 13549 13571 13570
4 13527 13570 13572 13529
4 13570 13571 13573 13572
4 13549 13552 13574 13571
4 13552 13553 13575 13574
4 13571 13574 13576 13573
4 13574 13575 13577 13576
4 13529 13572 13578 13535
4 13572 13573 13579 13578
4 13535 13578 13580 13537
4 13578 13579 13581 13580
4 13573 13576 13582 13579
4 13576 13577 13583 13582
4 13579 13582 13584 13581
4 13582 13583 13585 13584
4 13553 13564 13586 13575
4 13564 13565 13587 13586
4 13575 13586 13588 13577
4 13586 13587 13589 13588
4 13565 13568 13590 13587
4 13568 13569 13591 13590
4 13587 13590 13592 13589
4 13590 13591 13593 13592
4 13577 13588 13594 13583
4 13588 13589 13595 13594
4 13583 13594 13596 13585
4 13594 13595 13597 13596
4 13589 13592 13598 13595
4 13592 13593 13599 13598
4 13595 13598 13600 13597
4 13598 13599 13601 13600
4 13345 13516 13602 13431
4 13516 13517 13603 13602
4 13431 13602 13604 13433
4 13602 13603 13605 13604
4 13517 13520 13606 13603
4 13520 13521 13607 13606
4 13603 13606 13608 13605
4 13606 13607 13609 13608
4 13433 13604 13610 13439
4 13604 13605 13611 13610
4 13439 13610 13612 13441
4 13610 13611 13613 13612
4 13605 13608 13614 13611
4 13608 13609 13615 13614
4 13611 13614 13616 13613
4 13614 13615 13617 13616
4 13521 13532 13618 13607
4 13532 13533 13619 13618
4 13607 13618 13620 13609
4 13618 13619 13621 13620
4 13533 13536 13622 13619
4 13536 13537 13623 13622
4 13619 13622 13624 13621
4 13622 13623 13625 13624
4 13609 13620 13626 13615
4 13620 13621 13627 13626
4 13615 13626 13628 13617
4 13626 13627 13629 13628
4 13621 13624 13630 13627
4 13624 13625 13631 13630
4 13627 13630 13632 13629
4 13630 13631 13633 13632
4 13441 13612 13634 13463
4 13612 13613 13635 13634
4 13463 13634 13636 13465
4 13634 13635 13637 13636
4 13613 13616 13638 13635
4 13616 13617 13639 13638
4 13635 13638 13640 13637
4 13638 13639 13641 13640
4 13465 13636 13642 13471
4 13636 13637 13643 13642
4 13471 13642 13644 13473
4 13642 13643 13645 13644
4 13637 13640 13646 13643
4 13640 13641 13647 13646
4 13643 13646 13648 13645
4 13646 13647 13649 13648
4 13617 13628 13650 13639
4 13628 13629 13651 13650
4 13639 13650 13652 13641
4 13650 13651 13653 13652
4 13629 13632 13654 13651
4 13632 13633 13655 13654
4 13651 13654 13656 13653
4 13654 13655 13657 13656
4 13641 13652 13658 13647
4 13652 13653 13659 13658
4 13647 13658 13660 13649
4 13658 13659 13661 13660
4 13653 13656 13662 13659
4 13656 13657 13663 13662
4 13659 13662 13664 13661
4 13662 13663 13665 13664
4 13537 13580 13666 13623
4 13580 13581 13667 13666
4 13623 13666 13668 13625
4 13666 13667 13669 13668
4 13581 13584 13670 13667
4 13584 13585 13671 13670
4 13667 13670 13672 13669
4 13670 13671 13673 13672
4 13625 13668 13674 13631
4 13668 13669 13675 13674
4 13631 13674 13676 13633
4 13674 13675 13677 13676
4 13669 13672 13678 13675
4 13672 13673 13679 13678
4 13675 13678 13680 13677
4 13678 13679 13681 13680
4 13585 13596 13682 13671
4 13596 13597 13683 13682
4 13671 13682 13684 13673
4 13682 13683 13685 13684
4 13597 13600 13686 13683
4 13600 13601 13687 13686
4 13683 13686 13688 13685
4 13686 13687 13689 13688
4 13673 13684 13690 13679
4 13684 13685 13691 13690
4 13679 13690 13692 13681
4 13690 13691 13693 13692
4 13685 13688 13694 13691
4 13688 13689 13695 13694
4 13691 13694 13696 13693
4 13694 13695 13697 13696
4 13633 13676 13698 13655
4 13676 13677 13699 13698
4 13655 13698 13700 13657
4 13698 13699 13701 13700
4 13677 13680 13702 13699
4 13680 13681 13703 13702
4 13699 13702 13704 13701
4 13702 13703 13705 13704
4 13657 13700 13706 13663
4 13700 13701 13707 13706
4 13663 13706 13708 13665
4 13706 13707 13709 13708
4 13701 13704 13710 13707
4 13704 13705 13711 13710
4 13707 13710 13712 13709
4 13710 13711 13713 13712
4 13681 13692 13714 13703
4 13692 13693 13715 13714
4 13703 13714 13716 13705
4 13714 13715 13717 13716
4 13693 13696 13718 13715
4 13696 13697 13719 13718
4 13715 13718 13720 13717
4 13718 13719 13721 13720
4 13705 13716 13722 13711
4 13716 13717 13723 13722
4 13711 13722 13724 13713
4 13722 13723 13725 13724
4 13717 13720 13726 13723
4 13720 13721 13727 13726
4 13723 13726 13728 13725
4 13726 13727 13729 13728
4 9531 13388 13730 9873
4 13388 13389 13731 13730
4 9873 13730 13732 9875
4 13730 13731 13733 13732
4 13389 13392 13734 13731
4 13392 13393 13735 13734
4 13731 13734 13736 13733
4 13734 13735 13737 13736
4 9875 13732 13738 9881
4 13732 13733 13739 13738
4 9881 13738 13740 9883
4 13738 13739 13741 13740
4 13733 13736 13742 13739
4 13736 13737 13743 13742
4 13739 13742 13744 13741
4 13742 13743 13745 13744
4 13393 13404 13746 13735
4 13404 13405 13747 13746
4 13735 13746 13748 13737
4 13746 13747 13749 13748
4 13405 13408 13750 13747
4 13408 13409 13751 13750
4 13747 13750 13752 13749
4 13750 13751 13753 13752
4 13737 13748 13754 13743
4 13748 13749 13755 13754
4 13743 13754 13756 13745
4 13754 13755 13757 13756
4 13749 13752 13758 13755
4 13752 13753 13759 13758
4 13755 13758 13760 13757
4 13758 13759 13761 13760
4 9883 13740 13762 9905
4 13740 13741 13763 13762
4 9905 13762 13764 9907
4 13762 13763 13765 13764
4 13741 13744 13766 13763
4 13744 13745 13767 13766
4 13763 13766 13768 13765
4 13766 13767 13769 13768
4 9907 13764 13770 9913
4 13764 13765 13771 13770
4 9913 13770 13772 9915
4 13770 13771 13773 13772
4 13765 13768 13774 13771
4 13768 13769 13775 13774
4 13771 13774 13776 13773
4 13774 13775 13777 13776
4 13745 13756 13778 13767
4 13756 13757 13779 13778
4 13767 13778 13780 13769
4 13778 13779 13781 13780
4 13757 13760 13782 13779
4 13760 13761 13783 13782
4 13779 13782 13784 13781
4 13782 13783 13785 13784
4 13769 13780 13786 13775
4 13780 13781 13787 13786
4 13775 13786 13788 13777
4 13786 13787 13789 13788
4 13781 13784 13790 13787
4 13784 13785 13791 13790
4 13787 13790 13792 13789
4 13790 13791 13793 13792
4 13409 13452 13794 13751
4 13452 13453 13795 13794
4 13751 13794 13796 13753
4 13794 13795 13797 13796
4 13453 13456 13798 13795
4 13456 13457 13799 13798
4 13795 13798 13800 13797
4 13798 13799 13801 13800
4 13753 13796 13802 13759
4 13796 13797 13803 13802
4 13759 13802 13804 13761
4 13802 13803 13805 13804
4 13797 13800 13806 13803
4 13800 13801 13807 13806
4 13803 13806 13808 13805
4 13806 13807 13809 13808
4 13457 13468 13810 13799
4 13468 13469 13811 13810
4 13799 13810 13812 13801
4 13810 13811 13813 13812
4 13469 13472 13814 13811
4 13472 13473 13815 13814
4 13811 13814 13816 13813
4 13814 13815 13817 13816
4 13801 13812 13818 13807
4 13812 13813 13819 13818
4 13807 13818 13820 13809
4 13818 13819 13821 13820
4 13813 13816 13822 13819
4 13816 13817 13823 13822
4 13819 13822 13824 13821
4 13822 13823 13825 13824
4 13761 13804 13826 13783
4 13804 13805 13827 13826
4 13783 13826 13828 13785
4 13826 13827 13829 13828
4 13805 13808 13830 13827
4 13808 13809 13831 13830
4 13827 13830 13832 13829
4 13830 13831 13833 13832
4 13785 13828 13834 13791
4 13828 13829 13835 13834
4 13791 13834 13836 13793
4 13834 13835 13837 13836
4 13829 13832 13838 13835
4 13832 13833 13839 13838
4 13835 13838 13840 13837
4 13838 13839 13841 13840
4 13809 13820 13842 13831
4 13820 13821 13843 13842
4 13831 13842 13844 13833
4 13842 13843 13845 13844
4 13821 13824 13846 13843
4 13824 13825 13847 13846
4 13843 13846 13848 13845
4 13846 13847 13849 13848
4 13833 13844 13850 13839
4 13844 13845 13851 13850
4 13839 13850 13852 13841
4 13850 13851 13853 13852
4 13845 13848 13854 13851
4 13848 13849 13855 13854
4 13851 13854 13856 13853
4 13854 13855 13857 13856
4 9915 13772 13858 10001
4 13772 13773 13859 13858
4 10001 13858 13860 10003
4 13858 13859 13861 13860
4 13773 13776 13862 13859
4 13776 13777 13863 13862
4 13859 13862 13864 13861
4 13862 13863 13865 13864
4 10003 13860 13866 10009
4 13860 13861 13867 13866
4 10009 13866 13868 10011
4 13866 13867 13869 13868
4 13861 13864 13870 13867
4 13864 13865 13871 13870
4 13867 13870 13872 13869
4 13870 13871 13873 13872
4 13777 13788 13874 13863
4 13788 13789 13875 13874
4 13863 13874 13876 13865
4 13874 13875 13877 13876
4 13789 13792 13878 13875
4 13792 13793 13879 13878
4 13875 13878 13880 13877
4 13878 13879 13881 13880
4 13865 13876 13882 13871
4 13876 13877 13883 13882
4 13871 13882 13884 13873
4 13882 13883 13885 13884
4 13877 13880 13886 13883
4 13880 13881 13887 13886
4 13883 13886 13888 13885
4 13886 13887 13889 13888
4 10011 13868 13890 10033
4 13868 13869 13891 13890
4 10033 13890 13892 10035
4 13890 13891 13893 13892
4 13869 13872 13894 13891
4 13872 13873 13895 13894
4 13891 13894 13896 13893
4 13894 13895 13897 13896
4 10035 13892 13898 10041
4 13892 13893 13899 13898
4 10041 13898 13900 10043
4 13898 13899 13901 13900
4 13893 13896 13902 13899
4 13896 13897 13903 13902
4 13899 13902 13904 13901
4 13902 13903 13905 13904
4 13873 13884 13906 13895
4 13884 13885 13907 13906
4 13895 13906 13908 13897
4 13906 13907 13909 13908
4 13885 13888 13910 13907
4 13888 13889 13911 13910
4 13907 13910 13912 13909
4 13910 13911 13913 13912
4 13897 13908 13914 13903
4 13908 13909 13915 13914
4 13903 13914 13916 13905
4 13914 13915 13917 13916
4 13909 13912 13918 13915
4 13912 13913 13919 13918
4 13915 13918 13920 13917
4 13918 13919 13921 13920
4 13793 13836 13922 13879
4 13836 13837 13923 13922
4 13879 13922 13924 13881
4 13922 13923 13925 13924
4 13837 13840 13926 13923
4 13840 13841 13927 13926
4 13923 13926 13928 13925
4 13926 13927 13929 13928
4 13881 13924 13930 13887
4 13924 13925 13931 13930
4 13887 13930 13932 13889
4 13930 13931 13933 13932
4 13925 13928 13934 13931
4 13928 13929 13935 13934
4 13931 13934 13936 13933
4 13934 13935 13937 13936
4 13841 13852 13938 13927
4 13852 13853 13939 13938
4 13927 13938 13940 13929
4 13938 13939 13941 13940
4 13853 13856 13942 13939
4 13856 13857 13943 13942
4 13939 13942 13944 13941
4 13942 13943 13945 13944
4 13929 13940 13946 13935
4 13940 13941 13947 13946
4 13935 13946 13948 13937
4 13946 13947 13949 13948
4 13941 13944 13950 13947
4 13944 13945 13951 13950
4 13947 13950 13952 13949
4 13950 13951 13953 13952
4 13889 13932 13954 13911
4 13932 13933 13955 13954
4 13911 13954 13956 13913
4 13954 13955 13957 13956
4 13933 13936 13958 13955
4 13936 13937 13959 13958
4 13955 13958 13960 13957
4 13958 13959 13961 13960
4 13913 13956 13962 13919
4 13956 13957 13963 13962
4 13919 13962 13964 13921
4 13962 13963 13965 13964
4 13957 13960 13966 13963
4 13960 13961 13967 13966
4 13963 13966 13968 13965
4 13966 13967 13969 13968
4 13937 13948 13970 13959
4 13948 13949 13971 13970
4 13959 13970 13972 13961
4 13970 13971 13973 13972
4 13949 13952 13974 13971
4 13952 13953 13975 13974
4 13971 13974 13976 13973
4 13974 13975 13977 13976
4 13961 13972 13978 13967
4 13972 13973 13979 13978
4 13967 13978 13980 13969
4 13978 13979 13981 13980
4 13973 13976 13982 13979
4 13976 13977 13983 13982
4 13979 13982 13984 13981
4 13982 13983 13985 13984
4 13473 13644 13986 13815
4 13644 13645 13987 13986
4 13815 13986 13988 13817
4 13986 13987 13989 13988
4 13645 13648 13990 13987
4 13648 13649 13991 13990
4 13987 13990 13992 13989
4 13990 13991 13993 13992
4 13817 13988 13994 13823
4 13988 13989 13995 13994
4 13823 13994 13996 13825
4 13994 13995 13997 13996
4 13989 13992 13998 13995
4 13992 13993 13999 13998
4 13995 13998 14000 13997
4 13998 13999 14001 14000
4 13649 13660 14002 13991
4 13660 13661 14003 14002
4 13991 14002 14004 13993
4 14002 14003 14005 14004
4 13661 13664 14006 14003
4 13664 13665 14007 14006
4 14003 14006 14008 14005
4 14006 14007 14009 14008
4 13993 14004 14010 13999
4 14004 14005 14011 14010
4 13999 14010 14012 14001
4 14010 14011 14013 14012
4 14005 14008 14014 14011
4 14008 14009 14015 14014
4 14011 14014 14016 14013
4 14014 14015 14017 14016
4 13825 13996 14018 13847
4 13996 13997 14019 14018
4 13847 14018 14020 13849
4 14018 14019 14021 14020
4 13997 14000 14022 14019
4 14000 14001 14023 14022
4 14019 14022 14024 14021
4 14022 14023 14025 14024
4 13849 14020 14026 13855
4 14020 14021 14027 14026
4 13855 14026 14028 13857
4 14026 14027 14029 14028
4 14021 14024 14030 14027
4 14024 14025 14031 14030
4 14027 14030 14032 14029
4 14030 14031 14033 14032
4 14001 14012 14034 14023
4 14012 14013 14035 14034
4 14023 14034 14036 14025
4 14034 14035 14037 14036
4 14013 14016 14038 14035
4 14016 14017 14039 14038
4 14035 14038 14040 14037
4 14038 14039 14041 14040
4 14025 14036 14042 14031
4 14036 14037 14043 14042
4 14031 14042 14044 14033
4 14042 14043 14045 14044
4 14037 14040 14046 14043
4 14040 14041 14047 14046
4 14043 14046 14048 14045
4 14046 14047 14049 14048
4 13665 13708 14050 14007
4 13708 13709 14051 14050
4 14007 14050 14052 14009
4 14050 14051 14053 14052
4 13709 13712 14054 14051
4 13712 13713 14055 14054
4 14051 14054 14056 14053
4 14054 14055 14057 14056
4 14009 14052 14058 14015
4 14052 14053 14059 14058
4 14015 14058 14060 14017
4 14058 14059 14061 14060
4 14053 14056 14062 14059
4 14056 14057 14063 14062
4 14059 14062 14064 14061
4 14062 14063 14065 14064
4 13713 13724 14066 14055
4 13724 13725 14067 14066
4 14055 14066 14068 14057
4 14066 14067 14069 14068
4 13725 13728 14070 14067
4 13728 13729 14071 14070
4 14067 14070 14072 14069
4 14070 14071 14073 14072
4 14057 14068 14074 14063
4 14068 14069 14075 14074
4 14063 14074 14076 14065
4 14074 14075 14077 14076
4 14069 14072 14078 14075
4 14072 14073 14079 14078
4 14075 14078 14080 14077
4 14078 14079 14081 14080
4 14017 14060 14082 14039
4 14060 14061 14083 14082
4 14039 14082 14084 14041
4 14082 14083 14085 14084
4 14061 14064 14086 14083
4 14064 14065 14087 14086
4 14083 14086 14088 14085
4 14086 14087 14089 14088
4 14041 14084 14090 14047
4 14084 14085 14091 14090
4 14047 14090 14092 14049
4 14090 14091 14093 14092
4 14085 14088 14094 14091
4 14088 14089 14095 14094
4 14091 14094 14096 14093
4 14094 14095 14097 14096
4 14065 14076 14098 14087
4 14076 14077 14099 14098
4 14087 14098 14100 14089
4 14098 14099 14101 14100
4 14077 14080 14102 14099
4 14080 14081 14103 14102
4 14099 14102 14104 14101
4 14102 14103 14105 14104
4 14089 14100 14106 14095
4 14100 14101 14107 14106
4 14095 14106 14108 14097
4 14106 14107 14109 14108
4 14101 14104 14110 14107
4 14104 14105 14111 14110
4 14107 14110 14112 14109
4 14110 14111 14113 14112
4 13857 14028 14114 13943
4 14028 14029 14115 14114
4 13943 14114 14116 13945
4 14114 14115 14117 14116
4 14029 14032 14118 14115
4 14032 14033 14119 14118
4 14115 14118 14120 14117
4 14118 14119 14121 14120
4 13945 14116 14122 13951
4 14116 14117 14123 14122
4 13951 14122 14124 13953
4 14122 14123 14125 14124
4 14117 14120 14126 14123
4 14120 14121 14127 14126
4 14123 14126 14128 14125
4 14126 14127 14129 14128
4 14033 14044 14130 14119
4 14044 14045 14131 14130
4 14119 14130 14132 14121
4 14130 14131 14133 14132
4 14045 14048 14134 14131
4 14048 14049 14135 14134
4 14131 14134 14136 14133
4 14134 14135 14137 14136
4 14121 14132 14138 14127
4 14132 14133 14139 14138
4 14127 14138 14140 14129
4 14138 14139 14141 14140
4 14133 14136 14142 14139
4 14136 14137 14143 14142
4 14139 14142 14144 14141
4 14142 14143 14145 14144
4 13953 14124 14146 13975
4 14124 14125 14147 14146
4 13975 14146 14148 13977
4 14146 14147 14149 14148
4 14125 14128 14150 14147
4 14128 14129 14151 14150
4 14147 14150 14152 14149
4 14150 14151 14153 14152
4 13977 14148 14154 13983
4 14148 14149 14155 14154
4 13983 14154 14156 13985
4 14154 14155 14157 14156
4 14149 14152 14158 14155
4 14152 14153 14159 14158
4 14155 14158 14160 14157
4 14158 14159 14161 14160
4 14129 14140 14162 14151
4 14140 14141 14163 14162
4 14151 14162 14164 14153
4 14162 14163 14165 14164
4 14141 14144 14166 14163
4 14144 14145 14167 14166
4 14163 14166 14168 14165
4 14166 14167 14169 14168
4 14153 14164 14170 14159
4 14164 14165 14171 14170
4 14159 14170 14172 14161
4 14170 14171 14173 14172
4 14165 14168 14174 14171
4 14168 14169 14175 14174
4 14171 14174 14176 14173
4 14174 14175 14177 14176
4 14049 14092 14178 14135
4 14092 14093 14179 14178
4 14135 14178 14180 14137
4 14178 14179 14181 14180
4 14093 14096 14182 14179
4 14096 14097 14183 14182
4 14179 14182 14184 14181
4 14182 14183 14185 14184
4 14137 14180 14186 14143
4 14180 14181 14187 14186
4 14143 14186 14188 14145
4 14186 14187 14189 14188
4 14181 14184 14190 14187
4 14184 14185 14191 14190
4 14187 14190 14192 14189
4 14190 14191 14193 14192
4 14097 14108 14194 14183
4 14108 14109 14195 14194
4 14183 14194 14196 14185
4 14194 14195 14197 14196
4 14109 14112 14198 14195
4 14112 14113 14199 14198
4 14195 14198 14200 14197
4 14198 14199 14201 14200
4 14185 14196 14202 14191
4 14196 14197 14203 14202
4 14191 14202 14204 14193
4 14202 14203 14205 14204
4 14197 14200 14206 14203
4 14200 14201 14207 14206
4 14203 14206 14208 14205
4 14206 14207 14209 14208
4 14145 14188 14210 14167
4 14188 14189 14211 14210
4 14167 14210 14212 14169
4 14210 14211 14213 14212
4 14189 14192 14214 14211
4 14192 14193 14215 14214
4 14211 14214 14216 14213
4 14214 14215 14217 14216
4 14169 14212 14218 14175
4 14212 14213 14219 14218
4 14175 14218 14220 14177
4 14218 14219 14221 14220
4 14213 14216 14222 14219
4 14216 14217 14223 14222
4 14219 14222 14224 14221
4 14222 14223 14225 14224
4 14193 14204 14226 14215
4 14204 14205 14227 14226
4 14215 14226 14228 14217
4 14226 14227 14229 14228
4 14205 14208 14230 14227
4 14208 14209 14231 14230
4 14227 14230 14232 14229
4 14230 14231 14233 14232
4 14217 14228 14234 14223
4 14228 14229 14235 14234
4 14223 14234 14236 14225
4 14234 14235 14237 14236
4 14229 14232 14238 14235
4 14232 14233 14239 14238
4 14235 14238 14240 14237
4 14238 14239 14241 14240
4 10043 13900 14242 10425
4 13900 13901 14243 14242
4 10425 14242 14244 10427
4 14242 14243 14245 14244
4 13901 13904 14246 14243
4 13904 13905 14247 14246
4 14243 14246 14248 14245
4 14246 14247 14249 14248
4 10427 14244 14250 10433
4 14244 14245 14251 14250
4 10433 14250 14252 10435
4 14250 14251 14253 14252
4 14245 14248 14254 14251
4 14248 14249 14255 14254
4 14251 14254 14256 14253
4 14254 14255 14257 14256
4 13905 13916 14258 14247
4 13916 13917 14259 14258
4 14247 14258 14260 14249
4 14258 14259 14261 14260
4 13917 13920 14262 14259
4 13920 13921 14263 14262
4 14259 14262 14264 14261
4 14262 14263 14265 14264
4 14249 14260 14266 14255
4 14260 14261 14267 14266
4 14255 14266 14268 14257
4 14266 14267 14269 14268
4 14261 14264 14270 14267
4 14264 14265 14271 14270
4 14267 14270 14272 14269
4 14270 14271 14273 14272
4 10435 14252 14274 10457
4 14252 14253 14275 14274
4 10457 14274 14276 10459
4 14274 14275 14277 14276
4 14253 14256 14278 14275
4 14256 14257 14279 14278
4 14275 14278 14280 14277
4 14278 14279 14281 14280
4 10459 14276 14282 10465
4 14276 14277 14283 14282
4 10465 14282 14284 10467
4 14282 14283 14285 14284
4 14277 14280 14286 14283
4 14280 14281 14287 14286
4 14283 14286 14288 14285
4 14286 14287 14289 14288
4 14257 14268 14290 14279
4 14268 14269 14291 14290
4 14279 14290 14292 14281
4 14290 14291 14293 14292
4 14269 14272 14294 14291
4 14272 14273 14295 14294
4 14291 14294 14296 14293
4 14294 14295 14297 14296
4 14281 14292 14298 14287
4 14292 14293 14299 14298
4 14287 14298 14300 14289
4 14298 14299 14301 14300
4 14293 14296 14302 14299
4 14296 14297 14303 14302
4 14299 14302 14304 14301
4 14302 14303 14305 14304
4 13921 13964 14306 14263
4 13964 13965 14307 14306
4 14263 14306 14308 14265
4 14306 14307 14309 14308
4 13965 13968 14310 14307
4 13968 13969 14311 14310
4 14307 14310 14312 14309
4 14310 14311 14313 14312
4 14265 14308 14314 14271
4 14308 14309 14315 14314
4 14271 14314 14316 14273
4 14314 14315 14317 14316
4 14309 14312 14318 14315
4 14312 14313 14319 14318
4 14315 14318 14320 14317
4 14318 14319 14321 14320
4 13969 13980 14322 14311
4 13980 13981 14323 14322
4 14311 14322 14324 14313
4 14322 14323 14325 14324
4 13981 13984 14326 14323
4 13984 13985 14327 14326
4 14323 14326 14328 14325
4 14326 14327 14329 14328
4 14313 14324 14330 14319
4 14324 14325 14331 14330
4 14319 14330 14332 14321
4 14330 14331 14333 14332
4 14325 14328 14334 14331
4 14328 14329 14335 14334
4 14331 14334 14336 14333
4 14334 14335 14337 14336
4 14273 14316 14338 14295
4 14316 14317 14339 14338
4 14295 14338 14340 14297
4 14338 14339 14341 14340
4 14317 14320 14342 14339
4 14320 14321 14343 14342
4 14339 14342 14344 14341
4 14342 14343 14345 14344
4 14297 14340 14346 14303
4 14340 14341 14347 14346
4 14303 14346 14348 14305
4 14346 14347 14349 14348
4 14341 14344 14350 14347
4 14344 14345 14351 14350
4 14347 14350 14352 14349
4 14350 14351 14353 14352
4 14321 14332 14354 14343
4 14332 14333 14355 14354
4 14343 14354 14356 14345
4 14354 14355 14357 14356
4 14333 14336 14358 14355
4 14336 14337 14359 14358
4 14355 14358 14360 14357
4 14358 14359 14361 14360
4 14345 14356 14362 14351
4 14356 14357 14363 14362
4 14351 14362 14364 14353
4 14362 14363 14365 14364
4 14357 14360 14366 14363
4 14360 14361 14367 14366
4 14363 14366 14368 14365
4 14366 14367 14369 14368
4 10467 14284 14370 10553
4 14284 14285 14371 14370
4 10553 14370 14372 10555
4 14370 14371 14373 14372
4 14285 14288 14374 14371
4 14288 14289 14375 14374
4 14371 14374 14376 14373
4 14374 14375 14377 14376
4 10555 14372 14378 10561
4 14372 14373 14379 14378
4 10561 14378 14380 10563
4 14378 14379 14381 14380
4 14373 14376 14382 14379
4 14376 14377 14383 14382
4 14379 14382 14384 14381
4 14382 14383 14385 14384
4 14289 14300 14386 14375
4 14300 14301 14387 14386
4 14375 14386 14388 14377
4 14386 14387 14389 14388
4 14301 14304 14390 14387
4 14304 14305 14391 14390
4 14387 14390 14392 14389
4 14390 14391 14393 14392
4 14377 14388 14394 14383
4 14388 14389 14395 14394
4 14383 14394 14396 14385
4 14394 14395 14397 14396
4 14389 14392 14398 14395
4 14392 14393 14399 14398
4 14395 14398 14400 14397
4 14398 14399 14401 14400
4 10563 14380 14402 10585
4 14380 14381 14403 14402
4 10585 14402 14404 10587
4 14402 14403 14405 14404
4 14381 14384 14406 14403
4 14384 14385 14407 14406
4 14403 14406 14408 14405
4 14406 14407 14409 14408
4 10587 14404 14410 10593
4 14404 14405 14411 14410
4 10593 14410 14412 10595
4 14410 14411 14413 14412
4 14405 14408 14414 14411
4 14408 14409 14415 14414
4 14411 14414 14416 14413
4 14414 14415 14417 14416
4 14385 14396 14418 14407
4 14396 14397 14419 14418
4 14407 14418 14420 14409
4 14418 14419 14421 14420
4 14397 14400 14422 14419
4 14400 14401 14423 14422
4 14419 14422 14424 14421
4 14422 14423 14425 14424
4 14409 14420 14426 14415
4 14420 14421 14427 14426
4 14415 14426 14428 14417
4 14426 14427 14429 14428
4 14421 14424 14430 14427
4 14424 14425 14431 14430
4 14427 14430 14432 14429
4 14430 14431 14433 14432
4 14305 14348 14434 14391
4 14348 14349 14435 14434
4 14391 14434 14436 14393
4 14434 14435 14437 14436
4 14349 14352 14438 14435
4 14352 14353 14439 14438
4 14435 14438 14440 14437
4 14438 14439 14441 14440
4 14393 14436 14442 14399
4 14436 14437 14443 14442
4 14399 14442 14444 14401
4 14442 14443 14445 14444
4 14437 14440 14446 14443
4 14440 14441 14447 14446
4 14443 14446 14448 14445
4 14446 14447 14449 14448
4 14353 14364 14450 14439
4 14364 14365 14451 14450
4 14439 14450 14452 14441
4 14450 14451 14453 14452
4 14365 14368 14454 14451
4 14368 14369 14455 14454
4 14451 14454 14456 14453
4 14454 14455 14457 14456
4 14441 14452 14458 14447
4 14452 14453 14459 14458
4 14447 14458 14460 14449
4 14458 14459 14461 14460
4 14453 14456 14462 14459
4 14456 14457 14463 14462
4 14459 14462 14464 14461
4 14462 14463 14465 14464
4 14401 14444 14466 14423
4 14444 14445 14467 14466
4 14423 14466 14468 14425
4 14466 14467 14469 14468
4 14445 14448 14470 14467
4 14448 14449 14471 14470
4 14467 14470 14472 14469
4 14470 14471 14473 14472
4 14425 14468 14474 14431
4 14468 14469 14475 14474
4 14431 14474 14476 14433
4 14474 14475 14477 14476
4 14469 14472 14478 14475
4 14472 14473 14479 14478
4 14475 14478 14480 14477
4 14478 14479 14481 14480
4 14449 14460 14482 14471
4 14460 14461 14483 14482
4 14471 14482 14484 14473
4 14482 14483 14485 14484
4 14461 14464 14486 14483
4 14464 14465 14487 14486
4 14483 14486 14488 14485
4 14486 14487 14489 14488
4 14473 14484 14490 14479
4 14484 14485 14491 14490
4 14479 14490 14492 14481
4 14490 14491 14493 14492
4 14485 14488 14494 14491
4 14488 14489 14495 14494
4 14491 14494 14496 14493
4 14494 14495 14497 14496
4 13985 14156 14498 14327
4 14156 14157 14499 14498
4 14327 14498 14500 14329
4 14498 14499 14501 14500
4 14157 14160 14502 14499
4 14160 14161 14503 14502
4 14499 14502 14504 14501
4 14502 14503 14505 14504
4 14329 14500 14506 14335
4 14500 14501 14507 14506
4 14335 14506 14508 14337
4 14506 14507 14509 14508
4 14501 14504 14510 14507
4 14504 14505 14511 14510
4 14507 14510 14512 14509
4 14510 14511 14513 14512
4 14161 14172 14514 14503
4 14172 14173 14515 14514
4 14503 14514 14516 14505
4 14514 14515 14517 14516
4 14173 14176 14518 14515
4 14176 14177 14519 14518
4 14515 14518 14520 14517
4 14518 14519 14521 14520
4 14505 14516 14522 14511
4 14516 14517 14523 14522
4 14511 14522 14524 14513
4 14522 14523 14525 14524
4 14517 14520 14526 14523
4 14520 14521 14527 14526
4 14523 14526 14528 14525
4 14526 14527 14529 14528
4 14337 14508 14530 14359
4 14508 14509 14531 14530
4 14359 14530 14532 14361
4 14530 14531 14533 14532
4 14509 14512 14534 14531
4 14512 14513 14535 14534
4 14531 14534 14536 14533
4 14534 14535 14537 14536
4 14361 14532 14538 14367
4 14532 14533 14539 14538
4 14367 14538 14540 14369
4 14538 14539 14541 14540
4 14533 14536 14542 14539
4 14536 14537 14543 14542
4 14539 14542 14544 14541
4 14542 14543 14545 14544
4 14513 14524 14546 14535
4 14524 14525 14547 14546
4 14535 14546 14548 14537
4 14546 14547 14549 14548
4 14525 14528 14550 14547
4 14528 14529 14551 14550
4 14547 14550 14552 14549
4 14550 14551 14553 14552
4 14537 14548 14554 14543
4 14548 14549 14555 14554
4 14543 14554 14556 14545
4 14554 14555 14557 14556
4 14549 14552 14558 14555
4 14552 14553 14559 14558
4 14555 14558 14560 14557
4 14558 14559 14561 14560
4 14177 14220 14562 14519
4 14220 14221 14563 14562
4 14519 14562 14564 14521
4 14562 14563 14565 14564
4 14221 14224 14566 14563
4 14224 14225 14567 14566
4 14563 14566 14568 14565
4 14566 14567 14569 14568
4 14521 14564 14570 14527
4 14564 14565 14571 14570
4 14527 14570 14572 14529
4 14570 14571 14573 14572
4 14565 14568 14574 14571
4 14568 14569 14575 14574
4 14571 14574 14576 14573
4 14574 14575 14577 14576
4 14225 14236 14578 14567
4 14236 14237 14579 14578
4 14567 14578 14580 14569
4 14578 14579 14581 14580
4 14237 14240 14582 14579
4 14240 14241 14583 14582
4 14579 14582 14584 14581
4 14582 14583 14585 14584
4 14569 14580 14586 14575
4 14580 14581 14587 14586
4 14575 14586 14588 14577
4 14586 14587 14589 14588
4 14581 14584 14590 14587
4 14584 14585 14591 14590
4 14587 14590 14592 14589
4 14590 14591 14593 14592
4 14529 14572 14594 14551
4 14572 14573 14595 14594
4 14551 14594 14596 14553
4 14594 14595 14597 14596
4 14573 14576 14598 14595
4 14576 14577 14599 14598
4 14595 14598 14600 14597
4 14598 14599 14601 14600
4 14553 14596 14602 14559
4 14596 14597 14603 14602
4 14559 14602 14604 14561
4 14602 14603 14605 14604
4 14597 14600 14606 14603
4 14600 14601 14607 14606
4 14603 14606 14608 14605
4 14606 14607 14609 14608
4 14577 14588 14610 14599
4 14588 14589 14611 14610
4 14599 14610 14612 14601
4 14610 14611 14613 14612
4 14589 14592 14614 14611
4 14592 14593 14615 14614
4 14611 14614 14616 14613
4 14614 14615 14617 14616
4 14601 14612 14618 14607
4 14612 14613 14619 14618
4 14607 14618 14620 14609
4 14618 14619 14621 14620
4 14613 14616 14622 14619
4 14616 14617 14623 14622
4 14619 14622 14624 14621
4 14622 14623 14625 14624
4 14369 14540 14626 14455
4 14540 14541 14627 14626
4 14455 14626 14628 14457
4 14626 14627 14629 14628
4 14541 14544 14630 14627
4 14544 14545 14631 14630
4 14627 14630 14632 14629
4 14630 14631 14633 14632
4 14457 14628 14634 14463
4 14628 14629 14635 14634
4 14463 14634 14636 14465
4 14634 14635 14637 14636
4 14629 14632 14638 14635
4 14632 14633 14639 14638
4 14635 14638 14640 14637
4 14638 14639 14641 14640
4 14545 14556 14642 14631
4 14556 14557 14643 14642
4 14631 14642 14644 14633
4 14642 14643 14645 14644
4 14557 14560 14646 14643
4 14560 14561 14647 14646
4 14643 14646 14648 14645
4 14646 14647 14649 14648
4 14633 14644 14650 14639
4 14644 14645 14651 14650
4 14639 14650 14652 14641
4 14650 14651 14653 14652
4 14645 14648 14654 14651
4 14648 14649 14655 14654
4 14651 14654 14656 14653
4 14654 14655 14657 14656
4 14465 14636 14658 14487
4 14636 14637 14659 14658
4 14487 14658 14660 14489
4 14658 14659 14661 14660
4 14637 14640 14662 14659
4 14640 14641 14663 14662
4 14659 14662 14664 14661
4 14662 14663 14665 14664
4 14489 14660 14666 14495
4 14660 14661 14667 14666
4 14495 14666 14668 14497
4 14666 14667 14669 14668
4 14661 14664 14670 14667
4 14664 14665 14671 14670
4 14667 14670 14672 14669
4 14670 14671 14673 14672
4 14641 14652 14674 14663
4 14652 14653 14675 14674
4 14663 14674 14676 14665
4 14674 14675 14677 14676
4 14653 14656 14678 14675
4 14656 14657 14679 14678
4 14675 14678 14680 14677
4 14678 14679 14681 14680
4 14665 14676 14682 14671
4 14676 14677 14683 14682
4 14671 14682 14684 14673
4 14682 14683 14685 14684
4 14677 14680 14686 14683
4 14680 14681 14687 14686
4 14683 14686 14688 14685
4 14686 14687 14689 14688
4 14561 14604 14690 14647
4 14604 14605 14691 14690
4 14647 14690 14692 14649
4 14690 14691 14693 14692
4 14605 14608 14694 14691
4 14608 14609 14695 14694
4 14691 14694 14696 14693
4 14694 14695 14697 14696
4 14649 14692 14698 14655
4 14692 14693 14699 14698
4 14655 14698 14700 14657
4 14698 14699 14701 14700
4 14693 14696 14702 14699
4 14696 14697 14703 14702
4 14699 14702 14704 14701
4 14702 14703 14705 14704
4 14609 14620 14706 14695
4 14620 14621 14707 14706
4 14695 14706 14708 14697
4 14706 14707 14709 14708
4 14621 14624 14710 14707
4 14624 14625 14711 14710
4 14707 14710 14712 14709
4 14710 14711 14713 14712
4 14697 14708 14714 14703
4 14708 14709 14715 14714
4 14703 14714 14716 14705
4 14714 14715 14717 14716
4 14709 14712 14718 14715
4 14712 14713 14719 14718
4 14715 14718 14720 14717
4 14718 14719 14721 14720
4 14657 14700 14722 14679
4 14700 14701 14723 14722
4 14679 14722 14724 14681
4 14722 14723 14725 14724
4 14701 14704 14726 14723
4 14704 14705 14727 14726
4 14723 14726 14728 14725
4 14726 14727 14729 14728
4 14681 14724 14730 14687
4 14724 14725 14731 14730
4 14687 14730 14732 14689
4 14730 14731 14733 14732
4 14725 14728 14734 14731
4 14728 14729 14735 14734
4 14731 14734 14736 14733
4 14734 14735 14737 14736
4 14705 14716 14738 14727
4 14716 14717 14739 14738
4 14727 14738 14740 14729
4 14738 14739 14741 14740
4 14717 14720 14742 14739
4 14720 14721 14743 14742
4 14739 14742 14744 14741
4 14742 14743 14745 14744
4 14729 14740 14746 14735
4 14740 14741 14747 14746
4 14735 14746 14748 14737
4 14746 14747 14749 14748
4 14741 14744 14750 14747
4 14744 14745 14751 14750
4 14747 14750 14752 14749
4 14750 14751 14753 14752
4 10595 14412 14754 10967
4 14412 14413 14755 14754
4 10967 14754 14756 10969
4 14754 14755 14757 14756
4 14413 14416 14758 14755
4 14416 14417 14759 14758
4 14755 14758 14760 14757
4 14758 14759 14761 14760
4 10969 14756 14762 10975
4 14756 14757 14763 14762
4 10975 14762 14764 10977
4 14762 14763 14765 14764
4 14757 14760 14766 14763
4 14760 14761 14767 14766
4 14763 14766 14768 14765
4 14766 14767 14769 14768
4 14417 14428 14770 14759
4 14428 14429 14771 14770
4 14759 14770 14772 14761
4 14770 14771 14773 14772
4 14429 14432 14774 14771
4 14432 14433 14775 14774
4 14771 14774 14776 14773
4 14774 14775 14777 14776
4 14761 14772 14778 14767
4 14772 14773 14779 14778
4 14767 14778 14780 14769
4 14778 14779 14781 14780
4 14773 14776 14782 14779
4 14776 14777 14783 14782
4 14779 14782 14784 14781
4 14782 14783 14785 14784
4 10977 14764 14786 10999
4 14764 14765 14787 14786
4 10999 14786 14788 11001
4 14786 14787 14789 14788
4 14765 14768 14790 14787
4 14768 14769 14791 14790
4 14787 14790 14792 14789
4 14790 14791 14793 14792
4 11001 14788 14794 11007
4 14788 14789 14795 14794
4 11007 14794 14796 11009
4 14794 14795 14797 14796
4 14789 14792 14798 14795
4 14792 14793 14799 14798
4 14795 14798 14800 14797
4 14798 14799 14801 14800
4 14769 14780 14802 14791
4 14780 14781 14803 14802
4 14791 14802 14804 14793
4 14802 14803 14805 14804
4 14781 14784 14806 14803
4 14784 14785 14807 14806
4 14803 14806 14808 14805
4 14806 14807 14809 14808
4 14793 14804 14810 14799
4 14804 14805 14811 14810
4 14799 14810 14812 14801
4 14810 14811 14813 14812
4 14805 14808 14814 14811
4 14808 14809 14815 14814
4 14811 14814 14816 14813
4 14814 14815 14817 14816
4 14433 14476 14818 14775
4 14476 14477 14819 14818
4 14775 14818 14820 14777
4 14818 14819 14821 14820
4 14477 14480 14822 14819
4 14480 14481 14823 14822
4 14819 14822 14824 14821
4 14822 14823 14825 14824
4 14777 14820 14826 14783
4 14820 14821 14827 14826
4 14783 14826 14828 14785
4 14826 14827 14829 14828
4 14821 14824 14830 14827
4 14824 14825 14831 14830
4 14827 14830 14832 14829
4 14830 14831 14833 14832
4 14481 14492 14834 14823
4 14492 14493 14835 14834
4 14823 14834 14836 14825
4 14834 14835 14837 14836
4 14493 14496 14838 14835
4 14496 14497 14839 14838
4 14835 14838 14840 14837
4 14838 14839 14841 14840
4 14825 14836 14842 14831
4 14836 14837 14843 14842
4 14831 14842 14844 14833
4 14842 14843 14845 14844
4 14837 14840 14846 14843
4 14840 14841 14847 14846
4 14843 14846 14848 14845
4 14846 14847 14849 14848
4 14785 14828 14850 14807
4 14828 14829 14851 14850
4 14807 14850 14852 14809
4 14850 14851 14853 14852
4 14829 14832 14854 14851
4 14832 14833 14855 14854
4 14851 14854 14856 14853
4 14854 14855 14857 14856
4 14809 14852 14858 14815
4 14852 14853 14859 14858
4 14815 14858 14860 14817
4 14858 14859 14861 14860
4 14853 14856 14862 14859
4 14856 14857 14863 14862
4 14859 14862 14864 14861
4 14862 14863 14865 14864
4 14833 14844 14866 14855
4 14844 14845 14867 14866
4 14855 14866 14868 14857
4 14866 14867 14869 14868
4 14845 14848 14870 14867
4 14848 14849 14871 14870
4 14867 14870 14872 14869
4 14870 14871 14873 14872
4 14857 14868 14874 14863
4 14868 14869 14875 14874
4 14863 14874 14876 14865
4 14874 14875 14877 14876
4 14869 14872 14878 14875
4 14872 14873 14879 14878
4 14875 14878 14880 14877
4 14878 14879 14881 14880
4 11009 14796 14882 11095
4 14796 14797 14883 14882
4 11095 14882 14884 11097
4 14882 14883 14885 14884
4 14797 14800 14886 14883
4 14800 14801 14887 14886
4 14883 14886 14888 14885
4 14886 14887 14889 14888
4 11097 14884 14890 11103
4 14884 14885 14891 14890
4 11103 14890 14892 11105
4 14890 14891 14893 14892
4 14885 14888 14894 14891
4 14888 14889 14895 14894
4 14891 14894 14896 14893
4 14894 14895 14897 14896
4 14801 14812 14898 14887
4 14812 14813 14899 14898
4 14887 14898 14900 14889
4 14898 14899 14901 14900
4 14813 14816 14902 14899
4 14816 14817 14903 14902
4 14899 14902 14904 14901
4 14902 14903 14905 14904
4 14889 14900 14906 14895
4 14900 14901 14907 14906
4 14895 14906 14908 14897
4 14906 14907 14909 14908
4 14901 14904 14910 14907
4 14904 14905 14911 14910
4 14907 14910 14912 14909
4 14910 14911 14913 14912
4 11105 14892 14914 11127
4 14892 14893 14915 14914
4 11127 14914 14916 11129
4 14914 14915 14917 14916
4 14893 14896 14918 14915
4 14896 14897 14919 14918
4 14915 14918 14920 14917
4 14918 14919 14921 14920
4 11129 14916 14922 11135
4 14916 14917 14923 14922
4 11135 14922 14924 11137
4 14922 14923 14925 14924
4 14917 14920 14926 14923
4 14920 14921 14927 14926
4 14923 14926 14928 14925
4 14926 14927 14929 14928
4 14897 14908 14930 14919
4 14908 14909 14931 14930
4 14919 14930 14932 14921
4 14930 14931 14933 14932
4 14909 14912 14934 14931
4 14912 14913 14935 14934
4 14931 14934 14936 14933
4 14934 14935 14937 14936
4 14921 14932 14938 14927
4 14932 14933 14939 14938
4 14927 14938 14940 14929
4 14938 14939 14941 14940
4 14933 14936 14942 14939
4 14936 14937 14943 14942
4 14939 14942 14944 14941
4 14942 14943 14945 14944
4 14817 14860 14946 14903
4 14860 14861 14947 14946
4 14903 14946 14948 14905
4 14946 14947 14949 14948
4 14861 14864 14950 14947
4 14864 14865 14951 14950
4 14947 14950 14952 14949
4 14950 14951 14953 14952
4 14905 14948 14954 14911
4 14948 14949 14955 14954
4 14911 14954 14956 14913
4 14954 14955 14957 14956
4 14949 14952 14958 14955
4 14952 14953 14959 14958
4 14955 14958 14960 14957
4 14958 14959 14961 14960
4 14865 14876 14962 14951
4 14876 14877 14963 14962
4 14951 14962 14964 14953
4 14962 14963 14965 14964
4 14877 14880 14966 14963
4 14880 14881 14967 14966
4 14963 14966 14968 14965
4 14966 14967 14969 14968
4 14953 14964 14970 14959
4 14964 14965 14971 14970
4 14959 14970 14972 14961
4 14970 14971 14973 14972
4 14965 14968 14974 14971
4 14968 14969 14975 14974
4 14971 14974 14976 14973
4 14974 14975 14977 14976
4 14913 14956 14978 14935
4 14956 14957 14979 14978
4 14935 14978 14980 14937
4 14978 14979 14981 14980
4 14957 14960 14982 14979
4 14960 14961 14983 14982
4 14979 14982 14984 14981
4 14982 14983 14985 14984
4 14937 14980 14986 14943
4 14980 14981 14987 14986
4 14943 14986 14988 14945
4 14986 14987 14989 14988
4 14981 14984 14990 14987
4 14984 14985 14991 14990
4 14987 14990 14992 14989
4 14990 14991 14993 14992
4 14961 14972 14994 14983
4 14972 14973 14995 14994
4 14983 14994 14996 14985
4 14994 14995 14997 14996
4 14973 14976 14998 14995
4 14976 14977 14999 14998
4 14995 14998 15000 14997
4 14998 14999 15001 15000
4 14985 14996 15002 14991
4 14996 14997 15003 15002
4 14991 15002 15004 14993
4 15002 15003 15005 15004
4 14997 15000 15006 15003
4 15000 15001 15007 15006
4 15003 15006 15008 15005
4 15006 15007 15009 15008
4 14497 14668 15010 14839
4 14668 14669 15011 15010
4 14839 15010 15012 14841
4 15010 15011 15013 15012
4 14669 14672 15014 15011
4 14672 14673 15015 15014
4 15011 15014 15016 15013
4 15014 15015 15017 15016
4 14841 15012 15018 14847
4 15012 15013 15019 15018
4 14847 15018 15020 14849
4 15018 15019 15021 15020
4 15013 15016 15022 15019
4 15016 15017 15023 15022
4 15019 15022 15024 15021
4 15022 15023 15025 15024
4 14673 14684 15026 15015
4 14684 14685 15027 15026
4 15015 15026 15028 15017
4 15026 15027 15029 15028
4 14685 14688 15030 15027
4 14688 14689 15031 15030
4 15027 15030 15032 15029
4 15030 15031 15033 15032
4 15017 15028 15034 15023
4 15028 15029 15035 15034
4 15023 15034 15036 15025
4 15034 15035 15037 15036
4 15029 15032 15038 15035
4 15032 15033 15039 15038
4 15035 15038 15040 15037
4 15038 15039 15041 15040
4 14849 15020 15042 14871
4 15020 15021 15043 15042
4 14871 15042 15044 14873
4 15042 15043 15045 15044
4 15021 15024 15046 15043
4 15024 15025 15047 15046
4 15043 15046 15048 15045
4 15046 15047 15049 15048
4 14873 15044 15050 14879
4 15044 15045 15051 15050
4 14879 15050 15052 14881
4 15050 15051 15053 15052
4 15045 15048 15054 15051
4 15048 15049 15055 15054
4 15051 15054 15056 15053
4 15054 15055 15057 15056
4 15025 15036 15058 15047
4 15036 15037 15059 15058
4 15047 15058 15060 15049
4 15058 15059 15061 15060
4 15037 15040 15062 15059
4 15040 15041 15063 15062
4 15059 15062 15064 15061
4 15062 15063 15065 15064
4 15049 15060 15066 15055
4 15060 15061 15067 15066
4 15055 15066 15068 15057
4 15066 15067 15069 15068
4 15061 15064 15070 15067
4 15064 15065 15071 15070
4 15067 15070 15072 15069
4 15070 15071 15073 15072
4 14689 14732 15074 15031
4 14732 14733 15075 15074
4 15031 15074 15076 15033
4 15074 15075 15077 15076
4 14733 14736 15078 15075
4 14736 14737 15079 15078
4 15075 15078 15080 15077
4 15078 15079 15081 15080
4 15033 15076 15082 15039
4 15076 15077 15083 15082
4 15039 15082 15084 15041
4 15082 15083 15085 15084
4 15077 15080 15086 15083
4 15080 15081 15087 15086
4 15083 15086 15088 15085
4 15086 15087 15089 15088
4 14737 14748 15090 15079
4 14748 14749 15091 15090
4 15079 15090 15092 15081
4 15090 15091 15093 15092
4 14749 14752 15094 15091
4 14752 14753 15095 15094
4 15091 15094 15096 15093
4 15094 15095 15097 15096
4 15081 15092 15098 15087
4 15092 15093 15099 15098
4 15087 15098 15100 15089
4 15098 15099 15101 15100
4 15093 15096 15102 15099
4 15096 15097 15103 15102
4 15099 15102 15104 15101
4 15102 15103 15105 15104
4 15041 15084 15106 15063
4 15084 15085 15107 15106
4 15063 15106 15108 15065
4 15106 15107 15109 15108
4 15085 15088 15110 15107
4 15088 15089 15111 15110
4 15107 15110 15112 15109
4 15110 15111 15113 15112
4 15065 15108 15114 15071
4 15108 15109 15115 15114
4 15071 15114 15116 15073
4 15114 15115 15117 15116
4 15109 15112 15118 15115
4 15112 15113 15119 15118
4 15115 15118 15120 15117
4 15118 15119 15121 15120
4 15089 15100 15122 15111
4 15100 15101 15123 15122
4 15111 15122 15124 15113
4 15122 15123 15125 15124
4 15101 15104 15126 15123
4 15104 15105 15127 15126
4 15123 15126 15128 15125
4 15126 15127 15129 15128
4 15113 15124 15130 15119
4 15124 15125 15131 15130
4 15119 15130 15132 15121
4 15130 15131 15133 15132
4 15125 15128 15134 15131
4 15128 15129 15135 15134
4 15131 15134 15136 15133
4 15134 15135 15137 15136
4 14881 15052 15138 14967
4 15052 15053 15139 15138
4 14967 15138 15140 14969
4 15138 15139 15141 15140
4 15053 15056 15142 15139
4 15056 15057 15143 15142
4 15139 15142 15144 15141
4 15142 15143 15145 15144
4 14969 15140 15146 14975
4 15140 15141 15147 15146
4 14975 15146 15148 14977
4 15146 15147 15149 15148
4 15141 15144 15150 15147
4 15144 15145 15151 15150
4 15147 15150 15152 15149
4 15150 15151 15153 15152
4 15057 15068 15154 15143
4 15068 15069 15155 15154
4 15143 15154 15156 15145
4 15154 15155 15157 15156
4 15069 15072 15158 15155
4 15072 15073 15159 15158
4 15155 15158 15160 15157
4 15158 15159 15161 15160
4 15145 15156 15162 15151
4 15156 15157 15163 15162
4 15151 15162 15164 15153
4 15162 15163 15165 15164
4 15157 15160 15166 15163
4 15160 15161 15167 15166
4 15163 15166 15168 15165
4 15166 15167 15169 15168
4 14977 15148 15170 14999
4 15148 15149 15171 15170
4 14999 15170 15172 15001
4 15170 15171 15173 15172
4 15149 15152 15174 15171
4 15152 15153 15175 15174
4 15171 15174 15176 15173
4 15174 15175 15177 15176
4 15001 15172 15178 15007
4 15172 15173 15179 15178
4 15007 15178 15180 15009
4 15178 15179 15181 15180
4 15173 15176 15182 15179
4 15176 15177 15183 15182
4 15179 15182 15184 15181
4 15182 15183 15185 15184
4 15153 15164 15186 15175
4 15164 15165 15187 15186
4 15175 15186 15188 15177
4 15186 15187 15189 15188
4 15165 15168 15190 15187
4 15168 15169 15191 15190
4 15187 15190 15192 15189
4 15190 15191 15193 15192
4 15177 15188 15194 15183
4 15188 15189 15195 15194
4 15183 15194 15196 15185
4 15194 15195 15197 15196
4 15189 15192 15198 15195
4 15192 15193 15199 15198
4 15195 15198 15200 15197
4 15198 15199 15201 15200
4 15073 15116 15202 15159
4 15116 15117 15203 15202
4 15159 15202 15204 15161
4 15202 15203 15205 15204
4 15117 15120 15206 15203
4 15120 15121 15207 15206
4 15203 15206 15208 15205
4 15206 15207 15209 15208
4 15161 15204 15210 15167
4 15204 15205 15211 15210
4 15167 15210 15212 15169
4 15210 15211 15213 15212
4 15205 15208 15214 15211
4 15208 15209 15215 15214
4 15211 15214 15216 15213
4 15214 15215 15217 15216
4 15121 15132 15218 15207
4 15132 15133 15219 15218
4 15207 15218 15220 15209
4 15218 15219 15221 15220
4 15133 15136 15222 15219
4 15136 15137 15223 15222
4 15219 15222 15224 15221
4 15222 15223 15225 15224
4 15209 15220 15226 15215
4 15220 15221 15227 15226
4 15215 15226 15228 15217
4 15226 15227 15229 15228
4 15221 15224 15230 15227
4 15224 15225 15231 15230
4 15227 15230 15232 15229
4 15230 15231 15233 15232
4 15169 15212 15234 15191
4 15212 15213 15235 15234
4 15191 15234 15236 15193
4 15234 15235 15237 15236
4 15213 15216 15238 15235
4 15216 15217 15239 15238
4 15235 15238 15240 15237
4 15238 15239 15241 15240
4 15193 15236 15242 15199
4 15236 15237 15243 15242
4 15199 15242 15244 15201
4 15242 15243 15245 15244
4 15237 15240 15246 15243
4 15240 15241 15247 15246
4 15243 15246 15248 15245
4 15246 15247 15249 15248
4 15217 15228 15250 15239
4 15228 15229 15251 15250
4 15239 15250 15252 15241
4 15250 15251 15253 15252
4 15229 15232 15254 15251
4 15232 15233 15255 15254
4 15251 15254 15256 15253
4 15254 15255 15257 15256
4 15241 15252 15258 15247
4 15252 15253 15259 15258
4 15247 15258 15260 15249
4 15258 15259 15261 15260
4 15253 15256 15262 15259
4 15256 15257 15263 15262
4 15259 15262 15264 15261
4 15262 15263 15265 15264
4 11137 14924 15266 11479
4 14924 14925 15267 15266
4 11479 15266 15268 11481
4 15266 15267 15269 15268
4 14925 14928 15270 15267
4 14928 14929 15271 15270
4 15267 15270 15272 15269
4 15270 15271 15273 15272
4 11481 15268 15274 11487
4 15268 15269 15275 15274
4 11487 15274 15276 11489
4 15274 15275 15277 15276
4 15269 15272 15278 15275
4 15272 15273 15279 15278
4 15275 15278 15280 15277
4 15278 15279 15281 15280
4 14929 14940 15282 15271
4 14940 14941 15283 15282
4 15271 15282 15284 15273
4 15282 15283 15285 15284
4 14941 14944 15286 15283
4 14944 14945 15287 15286
4 15283 15286 15288 15285
4 15286 15287 15289 15288
4 15273 15284 15290 15279
4 15284 15285 15291 15290
4 15279 15290 15292 15281
4 15290 15291 15293 15292
4 15285 15288 15294 15291
4 15288 15289 15295 15294
4 15291 15294 15296 15293
4 15294 15295 15297 15296
4 11489 15276 15298 11511
4 15276 15277 15299 15298
4 11511 15298 15300 11513
4 15298 15299 15301 15300
4 15277 15280 15302 15299
4 15280 15281 15303 15302
4 15299 15302 15304 15301
4 15302 15303 15305 15304
4 11513 15300 15306 11519
4 15300 15301 15307 15306
4 11519 15306 15308 11521
4 15306 15307 15309 15308
4 15301 15304 15310 15307
4 15304 15305 15311 15310
4 15307 15310 15312 15309
4 15310 15311 15313 15312
4 15281 15292 15314 15303
4 15292 15293 15315 15314
4 15303 15314 15316 15305
4 15314 15315 15317 15316
4 15293 15296 15318 15315
4 15296 15297 15319 15318
4 15315 15318 15320 15317
4 15318 15319 15321 15320
4 15305 15316 15322 15311
4 15316 15317 15323 15322
4 15311 15322 15324 15313
4 15322 15323 15325 15324
4 15317 15320 15326 15323
4 15320 15321 15327 15326
4 15323 15326 15328 15325
4 15326 15327 15329 15328
4 14945 14988 15330 15287
4 14988 14989 15331 15330
4 15287 15330 15332 15289
4 15330 15331 15333 15332
4 14989 14992 15334 15331
4 14992 14993 15335 15334
4 15331 15334 15336 15333
4 15334 15335 15337 15336
4 15289 15332 15338 15295
4 15332 15333 15339 15338
4 15295 15338 15340 15297
4 15338 15339 15341 15340
4 15333 15336 15342 15339
4 15336 15337 15343 15342
4 15339 15342 15344 15341
4 15342 15343 15345 15344
4 14993 15004 15346 15335
4 15004 15005 15347 15346
4 15335 15346 15348 15337
4 15346 15347 15349 15348
4 15005 15008 15350 15347
4 15008 15009 15351 15350
4 15347 15350 15352 15349
4 15350 15351 15353 15352
4 15337 15348 15354 15343
4 15348 15349 15355 15354
4 15343 15354 15356 15345
4 15354 15355 15357 15356
4 15349 15352 15358 15355
4 15352 15353 15359 15358
4 15355 15358 15360 15357
4 15358 15359 15361 15360
4 15297 15340 15362 15319
4 15340 15341 15363 15362
4 15319 15362 15364 15321
4 15362 15363 15365 15364
4 15341 15344 15366 15363
4 15344 15345 15367 15366
4 15363 15366 15368 15365
4 15366 15367 15369 15368
4 15321 15364 15370 15327
4 15364 15365 15371 15370
4 15327 15370 15372 15329
4 15370 15371 15373 15372
4 15365 15368 15374 15371
4 15368 15369 15375 15374
4 15371 15374 15376 15373
4 15374 15375 15377 15376
4 15345 15356 15378 15367
4 15356 15357 15379 15378
4 15367 15378 15380 15369
4 15378 15379 15381 15380
4 15357 15360 15382 15379
4 15360 15361 15383 15382
4 15379 15382 15384 15381
4 15382 15383 15385 15384
4 15369 15380 15386 15375
4 15380 15381 15387 15386
4 15375 15386 15388 15377
4 15386 15387 15389 15388
4 15381 15384 15390 15387
4 15384 15385 15391 15390
4 15387 15390 15392 15389
4 15390 15391 15393 15392
4 11521 15308 15394 11607
4 15308 15309 15395 15394
4 11607 15394 15396 11609
4 15394 15395 15397 15396
4 15309 15312 15398 15395
4 15312 15313 15399 15398
4 15395 15398 15400 15397
4 15398 15399 15401 15400
4 11609 15396 15402 11615
4 15396 15397 15403 15402
4 11615 15402 15404 11617
4 15402 15403 15405 15404
4 15397 15400 15406 15403
4 15400 15401 15407 15406
4 15403 15406 15408 15405
4 15406 15407 15409 15408
4 15313 15324 15410 15399
4 15324 15325 15411 15410
4 15399 15410 15412 15401
4 15410 15411 15413 15412
4 15325 15328 15414 15411
4 15328 15329 15415 15414
4 15411 15414 15416 15413
4 15414 15415 15417 15416
4 15401 15412 15418 15407
4 15412 15413 15419 15418
4 15407 15418 15420 15409
4 15418 15419 15421 15420
4 15413 15416 15422 15419
4 15416 15417 15423 15422
4 15419 15422 15424 15421
4 15422 15423 15425 15424
4 11617 15404 15426 11639
4 15404 15405 15427 15426
4 11639 15426 15428 11641
4 15426 15427 15429 15428
4 15405 15408 15430 15427
4 15408 15409 15431 15430
4 15427 15430 15432 15429
4 15430 15431 15433 15432
4 11641 15428 15434 11647
4 15428 15429 15435 15434
4 11647 15434 15436 11649
4 15434 15435 15437 15436
4 15429 15432 15438 15435
4 15432 15433 15439 15438
4 15435 15438 15440 15437
4 15438 15439 15441 15440
4 15409 15420 15442 15431
4 15420 15421 15443 15442
4 15431 15442 15444 15433
4 15442 15443 15445 15444
4 15421 15424 15446 15443
4 15424 15425 15447 15446
4 15443 15446 15448 15445
4 15446 15447 15449 15448
4 15433 15444 15450 15439
4 15444 15445 15451 15450
4 15439 15450 15452 15441
4 15450 15451 15453 15452
4 15445 15448 15454 15451
4 15448 15449 15455 15454
4 15451 15454 15456 15453
4 15454 15455 15457 15456
4 15329 15372 15458 15415
4 15372 15373 15459 15458
4 15415 15458 15460 15417
4 15458 15459 15461 15460
4 15373 15376 15462 15459
4 15376 15377 15463 15462
4 15459 15462 15464 15461
4 15462 15463 15465 15464
4 15417 15460 15466 15423
4 15460 15461 15467 15466
4 15423 15466 15468 15425
4 15466 15467 15469 15468
4 15461 15464 15470 15467
4 15464 15465 15471 15470
4 15467 15470 15472 15469
4 15470 15471 15473 15472
4 15377 15388 15474 15463
4 15388 15389 15475 15474
4 15463 15474 15476 15465
4 15474 15475 15477 15476
4 15389 15392 15478 15475
4 15392 15393 15479 15478
4 15475 15478 15480 15477
4 15478 15479 15481 15480
4 15465 15476 15482 15471
4 15476 15477 15483 15482
4 15471 15482 15484 15473
4 15482 15483 15485 15484
4 15477 15480 15486 15483
4 15480 15481 15487 15486
4 15483 15486 15488 15485
4 15486 15487 15489 15488
4 15425 15468 15490 15447
4 15468 15469 15491 15490
4 15447 15490 15492 15449
4 15490 15491 15493 15492
4 15469 15472 15494 15491
4 15472 15473 15495 15494
4 15491 15494 15496 15493
4 15494 15495 15497 15496
4 15449 15492 15498 15455
4 15492 15493 15499 15498
4 15455 15498 15500 15457
4 15498 15499 15501 15500
4 15493 15496 15502 15499
4 15496 15497 15503 15502
4 15499 15502 15504 15501
4 15502 15503 15505 15504
4 15473 15484 15506 15495
4 15484 15485 15507 15506
4 15495 15506 15508 15497
4 15506 15507 15509 15508
4 15485 15488 15510 15507
4 15488 15489 15511 15510
4 15507 15510 15512 15509
4 15510 15511 15513 15512
4 15497 15508 15514 15503
4 15508 15509 15515 15514
4 15503 15514 15516 15505
4 15514 15515 15517 15516
4 15509 15512 15518 15515
4 15512 15513 15519 15518
4 15515 15518 15520 15517
4 15518 15519 15521 15520
4 15009 15180 15522 15351
4 15180 15181 15523 15522
4 15351 15522 15524 15353
4 15522 15523 15525 15524
4 15181 15184 15526 15523
4 15184 15185 15527 15526
4 15523 15526 15528 15525
4 15526 15527 15529 15528
4 15353 15524 15530 15359
4 15524 15525 15531 15530
4 15359 15530 15532 15361
4 15530 15531 15533 15532
4 15525 15528 15534 15531
4 15528 15529 15535 15534
4 15531 15534 15536 15533
4 15534 15535 15537 15536
4 15185 15196 15538 15527
4 15196 15197 15539 15538
4 15527 15538 15540 15529
4 15538 15539 15541 15540
4 15197 15200 15542 15539
4 15200 15201 15543 15542
4 15539 15542 15544 15541
4 15542 15543 15545 15544
4 15529 15540 15546 15535
4 15540 15541 15547 15546
4 15535 15546 15548 15537
4 15546 15547 15549 15548
4 15541 15544 15550 15547
4 15544 15545 15551 15550
4 15547 15550 15552 15549
4 15550 15551 15553 15552
4 15361 15532 15554 15383
4 15532 15533 15555 15554
4 15383 15554 15556 15385
4 15554 15555 15557 15556
4 15533 15536 15558 15555
4 15536 15537 15559 15558
4 15555 15558 15560 15557
4 15558 15559 15561 15560
4 15385 15556 15562 15391
4 15556 15557 15563 15562
4 15391 15562 15564 15393
4 15562 15563 15565 15564
4 15557 15560 15566 15563
4 15560 15561 15567 15566
4 15563 15566 15568 15565
4 15566 15567 15569 15568
4 15537 15548 15570 15559
4 15548 15549 15571 15570
4 15559 15570 15572 15561
4 15570 15571 15573 15572
4 15549 15552 15574 15571
4 15552 15553 15575 15574
4 15571 15574 15576 15573
4 15574 15575 15577 15576
4 15561 15572 15578 15567
4 15572 15573 15579 15578
4 15567 15578 15580 15569
4 15578 15579 15581 15580
4 15573 15576 15582 15579
4 15576 15577 15583 15582
4 15579 15582 15584 15581
4 15582 15583 15585 15584
4 15201 15244 15586 15543
4 15244 15245 15587 15586
4 15543 15586 15588 15545
4 15586 15587 15589 15588
4 15245 15248 15590 15587
4 15248 15249 15591 15590
4 15587 15590 15592 15589
4 15590 15591 15593 15592
4 15545 15588 15594 15551
4 15588 15589 15595 15594
4 15551 15594 15596 15553
4 15594 15595 15597 15596
4 15589 15592 15598 15595
4 15592 15593 15599 15598
4 15595 15598 15600 15597
4 15598 15599 15601 15600
4 15249 15260 15602 15591
4 15260 15261 15603 15602
4 15591 15602 15604 15593
4 15602 15603 15605 15604
4 15261 15264 15606 15603
4 15264 15265 15607 15606
4 15603 15606 15608 15605
4 15606 15607 15609 15608
4 15593 15604 15610 15599
4 15604 15605 15611 15610
4 15599 15610 15612 15601
4 15610 15611 15613 15612
4 15605 15608 15614 15611
4 15608 15609 15615 15614
4 15611 15614 15616 15613
4 15614 15615 15617 15616
4 15553 15596 15618 15575
4 15596 15597 15619 15618
4 15575 15618 15620 15577
4 15618 15619 15621 15620
4 15597 15600 15622 15619
4 15600 15601 15623 15622
4 15619 15622 15624 15621
4 15622 15623 15625 15624
4 15577 15620 15626 15583
4 15620 15621 15627 15626
4 15583 15626 15628 15585
4 15626 15627 15629 15628
4 15621 15624 15630 15627
4 15624 15625 15631 15630
4 15627 15630 15632 15629
4 15630 15631 15633 15632
4 15601 15612 15634 15623
4 15612 15613 15635 15634
4 15623 15634 15636 15625
4 15634 15635 15637 15636
4 15613 15616 15638 15635
4 15616 15617 15639 15638
4 15635 15638 15640 15637
4 15638 15639 15641 15640
4 15625 15636 15642 15631
4 15636 15637 15643 15642
4 15631 15642 15644 15633
4 15642 15643 15645 15644
4 15637 15640 15646 15643
4 15640 15641 15647 15646
4 15643 15646 15648 15645
4 15646 15647 15649 15648
4 15393 15564 15650 15479
4 15564 15565 15651 15650
4 15479 15650 15652 15481
4 15650 15651 15653 15652
4 15565 15568 15654 15651
4 15568 15569 15655 15654
4 15651 15654 15656 15653
4 15654 15655 15657 15656
4 15481 15652 15658 15487
4 15652 15653 15659 15658
4 15487 15658 15660 15489
4 15658 15659 15661 15660
4 15653 15656 15662 15659
4 15656 15657 15663 15662
4 15659 15662 15664 15661
4 15662 15663 15665 15664
4 15569 15580 15666 15655
4 15580 15581 15667 15666
4 15655 15666 15668 15657
4 15666 15667 15669 15668
4 15581 15584 15670 15667
4 15584 15585 15671 15670
4 15667 15670 15672 15669
4 15670 15671 15673 15672
4 15657 15668 15674 15663
4 15668 15669 15675 15674
4 15663 15674 15676 15665
4 15674 15675 15677 15676
4 15669 15672 15678 15675
4 15672 15673 15679 15678
4 15675 15678 15680 15677
4 15678 15679 15681 15680
4 15489 15660 15682 15511
4 15660 15661 15683 15682
4 15511 15682 15684 15513
4 15682 15683 15685 15684
4 15661 15664 15686 15683
4 15664 15665 15687 15686
4 15683 15686 15688 15685
4 15686 15687 15689 15688
4 15513 15684 15690 15519
4 15684 15685 15691 15690
4 15519 15690 15692 15521
4 15690 15691 15693 15692
4 15685 15688 15694 15691
4 15688 15689 15695 15694
4 15691 15694 15696 15693
4 15694 15695 15697 15696
4 15665 15676 15698 15687
4 15676 15677 15699 15698
4 15687 15698 15700 15689
4 15698 15699 15701 15700
4 15677 15680 15702 15699
4 15680 15681 15703 15702
4 15699 15702 15704 15701
4 15702 15703 15705 15704
4 15689 15700 15706 15695
4 15700 15701 15707 15706
4 15695 15706 15708 15697
4 15706 15707 15709 15708
4 15701 15704 15710 15707
4 15704 15705 15711 15710
4 15707 15710 15712 15709
4 15710 15711 15713 15712
4 15585 15628 15714 15671
4 15628 15629 15715 15714
4 15671 15714 15716 15673
4 15714 15715 15717 15716
4 15629 15632 15718 15715
4 15632 15633 15719 15718
4 15715 15718 15720 15717
4 15718 15719 15721 15720
4 15673 15716 15722 15679
4 15716 15717 15723 15722
4 15679 15722 15724 15681
4 15722 15723 15725 15724
4 15717 15720 15726 15723
4 15720 15721 15727 15726
4 15723 15726 15728 15725
4 15726 15727 15729 15728
4 15633 15644 15730 15719
4 15644 15645 15731 15730
4 15719 15730 15732 15721
4 15730 15731 15733 15732
4 15645 15648 15734 15731
4 15648 15649 15735 15734
4 15731 15734 15736 15733
4 15734 15735 15737 15736
4 15721 15732 15738 15727
4 15732 15733 15739 15738
4 15727 15738 15740 15729
4 15738 15739 15741 15740
4 15733 15736 15742 15739
4 15736 15737 15743 15742
4 15739 15742 15744 15741
4 15742 15743 15745 15744
4 15681 15724 15746 15703
4 15724 15725 15747 15746
4 15703 15746 15748 15705
4 15746 15747 15749 15748
4 15725 15728 15750 15747
4 15728 15729 15751 15750
4 15747 15750 15752 15749
4 15750 15751 15753 15752
4 15705 15748 15754 15711
4 15748 15749 15755 15754
4 15711 15754 15756 15713
4 15754 15755 15757 15756
4 15749 15752 15758 15755
4 15752 15753 15759 15758
4 15755 15758 15760 15757
4 15758 15759 15761 15760
4 15729 15740 15762 15751
4 15740 15741 15763 15762
4 15751 15762 15764 15753
4 15762 15763 15765 15764
4 15741 15744 15766 15763
4 15744 15745 15767 15766
4 15763 15766 15768 15765
4 15766 15767 15769 15768
4 15753 15764 15770 15759
4 15764 15765 15771 15770
4 15759 15770 15772 15761
4 15770 15771 15773 15772
4 15765 15768 15774 15771
4 15768 15769 15775 15774
4 15771 15774 15776 15773
4 15774 15775 15777 15776
4 11649 15436 15778 11991
4 15436 15437 15779 15778
4 11991 15778 15780 11993
4 15778 15779 15781 15780
4 15437 15440 15782 15779
4 15440 15441 15783 15782
4 15779 15782 15784 15781
4 15782 15783 15785 15784
4 11993 15780 15786 11999
4 15780 15781 15787 15786
4 11999 15786 15788 12001
4 15786 15787 15789 15788
4 15781 15784 15790 15787
4 15784 15785 15791 15790
4 15787 15790 15792 15789
4 15790 15791 15793 15792
4 15441 15452 15794 15783
4 15452 15453 15795 15794
4 15783 15794 15796 15785
4 15794 15795 15797 15796
4 15453 15456 15798 15795
4 15456 15457 15799 15798
4 15795 15798 15800 15797
4 15798 15799 15801 15800
4 15785 15796 15802 15791
4 15796 15797 15803 15802
4 15791 15802 15804 15793
4 15802 15803 15805 15804
4 15797 15800 15806 15803
4 15800 15801 15807 15806
4 15803 15806 15808 15805
4 15806 15807 15809 15808
4 12001 15788 15810 12023
4 15788 15789 15811 15810
4 12023 15810 15812 12025
4 15810 15811 15813 15812
4 15789 15792 15814 15811
4 15792 15793 15815 15814
4 15811 15814 15816 15813
4 15814 15815 15817 15816
4 12025 15812 15818 12031
4 15812 15813 15819 15818
4 12031 15818 15820 12033
4 15818 15819 15821 15820
4 15813 15816 15822 15819
4 15816 15817 15823 15822
4 15819 15822 15824 15821
4 15822 15823 15825 15824
4 15793 15804 15826 15815
4 15804 15805 15827 15826
4 15815 15826 15828 15817
4 15826 15827 15829 15828
4 15805 15808 15830 15827
4 15808 15809 15831 15830
4 15827 15830 15832 15829
4 15830 15831 15833 15832
4 15817 15828 15834 15823
4 15828 15829 15835 15834
4 15823 15834 15836 15825
4 15834 15835 15837 15836
4 15829 15832 15838 15835
4 15832 15833 15839 15838
4 15835 15838 15840 15837
4 15838 15839 15841 15840
4 15457 15500 15842 15799
4 15500 15501 15843 15842
4 15799 15842 15844 15801
4 15842 15843 15845 15844
4 15501 15504 15846 15843
4 15504 15505 15847 15846
4 15843 15846 15848 15845
4 15846 15847 15849 15848
4 15801 15844 15850 15807
4 15844 15845 15851 15850
4 15807 15850 15852 15809
4 15850 15851 15853 15852
4 15845 15848 15854 15851
4 15848 15849 15855 15854
4 15851 15854 15856 15853
4 15854 15855 15857 15856
4 15505 15516 15858 15847
4 15516 15517 15859 15858
4 15847 15858 15860 15849
4 15858 15859 15861 15860
4 15517 15520 15862 15859
4 15520 15521 15863 15862
4 15859 15862 15864 15861
4 15862 15863 15865 15864
4 15849 15860 15866 15855
4 15860 15861 15867 15866
4 15855 15866 15868 15857
4 15866 15867 15869 15868
4 15861 15864 15870 15867
4 15864 15865 15871 15870
4 15867 15870 15872 15869
4 15870 15871 15873 15872
4 15809 15852 15874 15831
4 15852 15853 15875 15874
4 15831 15874 15876 15833
4 15874 15875 15877 15876
4 15853 15856 15878 15875
4 15856 15857 15879 15878
4 15875 15878 15880 15877
4 15878 15879 15881 15880
4 15833 15876 15882 15839
4 15876 15877 15883 15882
4 15839 15882 15884 15841
4 15882 15883 15885 15884
4 15877 15880 15886 15883
4 15880 15881 15887 15886
4 15883 15886 15888 15885
4 15886 15887 15889 15888
4 15857 15868 15890 15879
4 15868 15869 15891 15890
4 15879 15890 15892 15881
4 15890 15891 15893 15892
4 15869 15872 15894 15891
4 15872 15873 15895 15894
4 15891 15894 15896 15893
4 15894 15895 15897 15896
4 15881 15892 15898 15887
4 15892 15893 15899 15898
4 15887 15898 15900 15889
4 15898 15899 15901 15900
4 15893 15896 15902 15899
4 15896 15897 15903 15902
4 15899 15902 15904 15901
4 15902 15903 15905 15904
4 12033 15820 15906 12119
4 15820 15821 15907 15906
4 12119 15906 15908 12121
4 15906 15907 15909 15908
4 15821 15824 15910 15907
4 15824 15825 15911 15910
4 15907 15910 15912 15909
4 15910 15911 15913 15912
4 12121 15908 15914 12127
4 15908 15909 15915 15914
4 12127 15914 15916 12129
4 15914 15915 15917 15916
4 15909 15912 15918 15915
4 15912 15913 15919 15918
4 15915 15918 15920 15917
4 15918 15919 15921 15920
4 15825 15836 15922 15911
4 15836 15837 15923 15922
4 15911 15922 15924 15913
4 15922 15923 15925 15924
4 15837 15840 15926 15923
4 15840 15841 15927 15926
4 15923 15926 15928 15925
4 15926 15927 15929 15928
4 15913 15924 15930 15919
4 15924 15925 15931 15930
4 15919 15930 15932 15921
4 15930 15931 15933 15932
4 15925 15928 15934 15931
4 15928 15929 15935 15934
4 15931 15934 15936 15933
4 15934 15935 15937 15936
4 12129 15916 15938 12151
4 15916 15917 15939 15938
4 12151 15938 15940 12153
4 15938 15939 15941 15940
4 15917 15920 15942 15939
4 15920 15921 15943 15942
4 15939 15942 15944 15941
4 15942 15943 15945 15944
4 12153 15940 15946 12159
4 15940 15941 15947 15946
4 12159 15946 15948 12161
4 15946 15947 15949 15948
4 15941 15944 15950 15947
4 15944 15945 15951 15950
4 15947 15950 15952 15949
4 15950 15951 15953 15952
4 15921 15932 15954 15943
4 15932 15933 15955 15954
4 15943 15954 15956 15945
4 15954 15955 15957 15956
4 15933 15936 15958 15955
4 15936 15937 15959 15958
4 15955 15958 15960 15957
4 15958 15959 15961 15960
4 15945 15956 15962 15951
4 15956 15957 15963 15962
4 15951 15962 15964 15953
4 15962 15963 15965 15964
4 15957 15960 15966 15963
4 15960 15961 15967 15966
4 15963 15966 15968 15965
4 15966 15967 15969 15968
4 15841 15884 15970 15927
4 15884 15885 15971 15970
4 15927 15970 15972 15929
4 15970 15971 15973 15972
4 15885 15888 15974 15971
4 15888 15889 15975 15974
4 15971 15974 15976 15973
4 15974 15975 15977 15976
4 15929 15972 15978 15935
4 15972 15973 15979 15978
4 15935 15978 15980 15937
4 15978 15979 15981 15980
4 15973 15976 15982 15979
4 15976 15977 15983 15982
4 15979 15982 15984 15981
4 15982 15983 15985 15984
4 15889 15900 15986 15975
4 15900 15901 15987 15986
4 15975 15986 15988 15977
4 15986 15987 15989 15988
4 15901 15904 15990 15987
4 15904 15905 15991 15990
4 15987 15990 15992 15989
4 15990 15991 15993 15992
4 15977 15988 15994 15983
4 15988 15989 15995 15994
4 15983 15994 15996 15985
4 15994 15995 15997 15996
4 15989 15992 15998 15995
4 15992 15993 15999 15998
4 15995 15998 16000 15997
4 15998 15999 16001 16000
4 15937 15980 16002 15959
4 15980 15981 16003 16002
4 15959 16002 16004 15961
4 16002 16003 16005 16004
4 15981 15984 16006 16003
4 15984 15985 16007 16006
4 16003 16006 16008 16005
4 16006 16007 16009 16008
4 15961 16004 16010 15967
4 16004 16005 16011 16010
4 15967 16010 16012 15969
4 16010 16011 16013 16012
4 16005 16008 16014 16011
4 16008 16009 16015 16014
4 16011 16014 16016 16013
4 16014 16015 16017 16016
4 15985 15996 16018 16007
4 15996 15997 16019 16018
4 16007 16018 16020 16009
4 16018 16019 16021 16020
4 15997 16000 16022 16019
4 16000 16001 16023 16022
4 16019 16022 16024 16021
4 16022 16023 16025 16024
4 16009 16020 16026 16015
4 16020 16021 16027 16026
4 16015 16026 16028 16017
4 16026 16027 16029 16028
4 16021 16024 16030 16027
4 16024 16025 16031 16030
4 16027 16030 16032 16029
4 16030 16031 16033 16032
4 15521 15692 16034 15863
4 15692 15693 16035 16034
4 15863 16034 16036 15865
4 16034 16035 16037 16036
4 15693 15696 16038 16035
4 15696 15697 16039 16038
4 16035 16038 16040 16037
4 16038 16039 16041 16040
4 15865 16036 16042 15871
4 16036 16037 16043 16042
4 15871 16042 16044 15873
4 16042 16043 16045 16044
4 16037 16040 16046 16043
4 16040 16041 16047 16046
4 16043 16046 16048 16045
4 16046 16047 16049 16048
4 15697 15708 16050 16039
4 15708 15709 16051 16050
4 16039 16050 16052 16041
4 16050 16051 16053 16052
4 15709 15712 16054 16051
4 15712 15713 16055 16054
4 16051 16054 16056 16053
4 16054 16055 16057 16056
4 16041 16052 16058 16047
4 16052 16053 16059 16058
4 16047 16058 16060 16049
4 16058 16059 16061 16060
4 16053 16056 16062 16059
4 16056 16057 16063 16062
4 16059 16062 16064 16061
4 16062 16063 16065 16064
4 15873 16044 16066 15895
4 16044 16045 16067 16066
4 15895 16066 16068 15897
4 16066 16067 16069 16068
4 16045 16048 16070 16067
4 16048 16049 16071 16070
4 16067 16070 16072 16069
4 16070 16071 16073 16072
4 15897 16068 16074 15903
4 16068 16069 16075 16074
4 15903 16074 16076 15905
4 16074 16075 16077 16076
4 16069 16072 16078 16075
4 16072 16073 16079 16078
4 16075 16078 16080 16077
4 16078 16079 16081 16080
4 16049 16060 16082 16071
4 16060 16061 16083 16082
4 16071 16082 16084 16073
4 16082 16083 16085 16084
4 16061 16064 16086 16083
4 16064 16065 16087 16086
4 16083 16086 16088 16085
4 16086 16087 16089 16088
4 16073 16084 16090 16079
4 16084 16085 16091 16090
4 16079 16090 16092 16081
4 16090 16091 16093 16092
4 16085 16088 16094 16091
4 16088 16089 16095 16094
4 16091 16094 16096 16093
4 16094 16095 16097 16096
4 15713 15756 16098 16055
4 15756 15757 16099 16098
4 16055 16098 16100 16057
4 16098 16099 16101 16100
4 15757 15760 16102 16099
4 15760 15761 16103 16102
4 16099 16102 16104 16101
4 16102 16103 16105 16104
4 16057 16100 16106 16063
4 16100 16101 16107 16106
4 16063 16106 16108 16065
4 16106 16107 16109 16108
4 16101 16104 16110 16107
4 16104 16105 16111 16110
4 16107 16110 16112 16109
4 16110 16111 16113 16112
4 15761 15772 16114 16103
4 15772 15773 16115 16114
4 16103 16114 16116 16105
4 16114 16115 16117 16116
4 15773 15776 16118 16115
4 15776 15777 16119 16118
4 16115 16118 16120 16117
4 16118 16119 16121 16120
4 16105 16116 16122 16111
4 16116 16117 16123 16122
4 16111 16122 16124 16113
4 16122 16123 16125 16124
4 16117 16120 16126 16123
4 16120 16121 16127 16126
4 16123 16126 16128 16125
4 16126 16127 16129 16128
4 16065 16108 16130 16087
4 16108 16109 16131 16130
4 16087 16130 16132 16089
4 16130 16131 16133 16132
4 16109 16112 16134 16131
4 16112 16113 16135 16134
4 16131 16134 16136 16133
4 16134 16135 16137 16136
4 16089 16132 16138 16095
4 16132 16133 16139 16138
4 16095 16138 16140 16097
4 16138 16139 16141 16140
4 16133 16136 16142 16139
4 16136 16137 16143 16142
4 16139 16142 16144 16141
4 16142 16143 16145 16144
4 16113 16124 16146 16135
4 16124 16125 16147 16146
4 16135 16146 16148 16137
4 16146 16147 16149 16148
4 16125 16128 16150 16147
4 16128 16129 16151 16150
4 16147 16150 16152 16149
4 16150 16151 16153 16152
4 16137 16148 16154 16143
4 16148 16149 16155 16154
4 16143 16154 16156 16145
4 16154 16155 16157 16156
4 16149 16152 16158 16155
4 16152 16153 16159 16158
4 16155 16158 16160 16157
4 16158 16159 16161 16160
4 15905 16076 16162 15991
4 16076 16077 16163 16162
4 15991 16162 16164 15993
4 16162 16163 16165 16164
4 16077 16080 16166 16163
4 16080 16081 16167 16166
4 16163 16166 16168 16165
4 16166 16167 16169 16168
4 15993 16164 16170 15999
4 16164 16165 16171 16170
4 15999 16170 16172 16001
4 16170 16171 16173 16172
4 16165 16168 16174 16171
4 16168 16169 16175 16174
4 16171 16174 16176 16173
4 16174 16175 16177 16176
4 16081 16092 16178 16167
4 16092 16093 16179 16178
4 16167 16178 16180 16169
4 16178 16179 16181 16180
4 16093 16096 16182 16179
4 16096 16097 16183 16182
4 16179 16182 16184 16181
4 16182 16183 16185 16184
4 16169 16180 16186 16175
4 16180 16181 16187 16186
4 16175 16186 16188 16177
4 16186 16187 16189 16188
4 16181 16184 16190 16187
4 16184 16185 16191 16190
4 16187 16190 16192 16189
4 16190 16191 16193 16192
4 16001 16172 16194 16023
4 16172 16173 16195 16194
4 16023 16194 16196 16025
4 16194 16195 16197 16196
4 16173 16176 16198 16195
4 16176 16177 16199 16198
4 16195 16198 16200 16197
4 16198 16199 16201 16200
4 16025 16196 16202 16031
4 16196 16197 16203 16202
4 16031 16202 16204 16033
4 16202 16203 16205 16204
4 16197 16200 16206 16203
4 16200 16201 16207 16206
4 16203 16206 16208 16205
4 16206 16207 16209 16208
4 16177 16188 16210 16199
4 16188 16189 16211 16210
4 16199 16210 16212 16201
4 16210 16211 16213 16212
4 16189 16192 16214 16211
4 16192 16193 16215 16214
4 16211 16214 16216 16213
4 16214 16215 16217 16216
4 16201 16212 16218 16207
4 16212 16213 16219 16218
4 16207 16218 16220 16209
4 16218 16219 16221 16220
4 16213 16216 16222 16219
4 16216 16217 16223 16222
4 16219 16222 16224 16221
4 16222 16223 16225 16224
4 16097 16140 16226 16183
4 16140 16141 16227 16226
4 16183 16226 16228 16185
4 16226 16227 16229 16228
4 16141 16144 16230 16227
4 16144 16145 16231 16230
4 16227 16230 16232 16229
4 16230 16231 16233 16232
4 16185 16228 16234 16191
4 16228 16229 16235 16234
4 16191 16234 16236 16193
4 16234 16235 16237 16236
4 16229 16232 16238 16235
4 16232 16233 16239 16238
4 16235 16238 16240 16237
4 16238 16239 16241 16240
4 16145 16156 16242 16231
4 16156 16157 16243 16242
4 16231 16242 16244 16233
4 16242 16243 16245 16244
4 16157 16160 16246 16243
4 16160 16161 16247 16246
4 16243 16246 16248 16245
4 16246 16247 16249 16248
4 16233 16244 16250 16239
4 16244 16245 16251 16250
4 16239 16250 16252 16241
4 16250 16251 16253 16252
4 16245 16248 16254 16251
4 16248 16249 16255 16254
4 16251 16254 16256 16253
4 16254 16255 16257 16256
4 16193 16236 16258 16215
4 16236 16237 16259 16258
4 16215 16258 16260 16217
4 16258 16259 16261 16260
4 16237 16240 16262 16259
4 16240 16241 16263 16262
4 16259 16262 16264 16261
4 16262 16263 16265 16264
4 16217 16260 16266 16223
4 16260 16261 16267 16266
4 16223 16266 16268 16225
4 16266 16267 16269 16268
4 16261 16264 16270 16267
4 16264 16265 16271 16270
4 16267 16270 16272 16269
4 16270 16271 16273 16272
4 16241 16252 16274 16263
4 16252 16253 16275 16274
4 16263 16274 16276 16265
4 16274 16275 16277 16276
4 16253 16256 16278 16275
4 16256 16257 16279 16278
4 16275 16278 16280 16277
4 16278 16279 16281 16280
4 16265 16276 16282 16271
4 16276 16277 16283 16282
4 16271 16282 16284 16273
4 16282 16283 16285 16284
4 16277 16280 16286 16283
4 16280 16281 16287 16286
4 16283 16286 16288 16285
4 16286 16287 16289 16288
4 12161 15948 16290 12503
4 15948 15949 16291 16290
4 12503 16290 16292 12505
4 16290 16291 16293 16292
4 15949 15952 16294 16291
4 15952 15953 16295 16294
4 16291 16294 16296 16293
4 16294 16295 16297 16296
4 12505 16292 16298 12511
4 16292 16293 16299 16298
4 12511 16298 16300 12513
4 16298 16299 16301 16300
4 16293 16296 16302 16299
4 16296 16297 16303 16302
4 16299 16302 16304 16301
4 16302 16303 16305 16304
4 15953 15964 16306 16295
4 15964 15965 16307 16306
4 16295 16306 16308 16297
4 16306 16307 16309 16308
4 15965 15968 16310 16307
4 15968 15969 16311 16310
4 16307 16310 16312 16309
4 16310 16311 16313 16312
4 16297 16308 16314 16303
4 16308 16309 16315 16314
4 16303 16314 16316 16305
4 16314 16315 16317 16316
4 16309 16312 16318 16315
4 16312 16313 16319 16318
4 16315 16318 16320 16317
4 16318 16319 16321 16320
4 12513 16300 16322 12535
4 16300 16301 16323 16322
4 12535 16322 16324 12537
4 16322 16323 16325 16324
4 16301 16304 16326 16323
4 16304 16305 16327 16326
4 16323 16326 16328 16325
4 16326 16327 16329 16328
4 12537 16324 16330 12543
4 16324 16325 16331 16330
4 12543 16330 16332 12545
4 16330 16331 16333 16332
4 16325 16328 16334 16331
4 16328 16329 16335 16334
4 16331 16334 16336 16333
4 16334 16335 16337 16336
4 16305 16316 16338 16327
4 16316 16317 16339 16338
4 16327 16338 16340 16329
4 16338 16339 16341 16340
4 16317 16320 16342 16339
4 16320 16321 16343 16342
4 16339 16342 16344 16341
4 16342 16343 16345 16344
4 16329 16340 16346 16335
4 16340 16341 16347 16346
4 16335 16346 16348 16337
4 16346 16347 16349 16348
4 16341 16344 16350 16347
4 16344 16345 16351 16350
4 16347 16350 16352 16349
4 16350 16351 16353 16352
4 15969 16012 16354 16311
4 16012 16013 16355 16354
4 16311 16354 16356 16313
4 16354 16355 16357 16356
4 16013 16016 16358 16355
4 16016 16017 16359 16358
4 16355 16358 16360 16357
4 16358 16359 16361 16360
4 16313 16356 16362 16319
4 16356 16357 16363 16362
4 16319 16362 16364 16321
4 16362 16363 16365 16364
4 16357 16360 16366 16363
4 16360 16361 16367 16366
4 16363 16366 16368 16365
4 16366 16367 16369 16368
4 16017 16028 16370 16359
4 16028 16029 16371 16370
4 16359 16370 16372 16361
4 16370 16371 16373 16372
4 16029 16032 16374 16371
4 16032 16033 16375 16374
4 16371 16374 16376 16373
4 16374 16375 16377 16376
4 16361 16372 16378 16367
4 16372 16373 16379 16378
4 16367 16378 16380 16369
4 16378 16379 16381 16380
4 16373 16376 16382 16379
4 16376 16377 16383 16382
4 16379 16382 16384 16381
4 16382 16383 16385 16384
4 16321 16364 16386 16343
4 16364 16365 16387 16386
4 16343 16386 16388 16345
4 16386 16387 16389 16388
4 16365 16368 16390 16387
4 16368 16369 16391 16390
4 16387 16390 16392 16389
4 16390 16391 16393 16392
4 16345 16388 16394 16351
4 16388 16389 16395 16394
4 16351 16394 16396 16353
4 16394 16395 16397 16396
4 16389 16392 16398 16395
4 16392 16393 16399 16398
4 16395 16398 16400 16397
4 16398 16399 16401 16400
4 16369 16380 16402 16391
4 16380 16381 16403 16402
4 16391 16402 16404 16393
4 16402 16403 16405 16404
4 16381 16384 16406 16403
4 16384 16385 16407 16406
4 16403 16406 16408 16405
4 16406 16407 16409 16408
4 16393 16404 16410 16399
4 16404 16405 16411 16410
4 16399 16410 16412 16401
4 16410 16411 16413 16412
4 16405 16408 16414 16411
4 16408 16409 16415 16414
4 16411 16414 16416 16413
4 16414 16415 16417 16416
4 12545 16332 16418 12631
4 16332 16333 16419 16418
4 12631 16418 16420 12633
4 16418 16419 16421 16420
4 16333 16336 16422 16419
4 16336 16337 16423 16422
4 16419 16422 16424 16421
4 16422 16423 16425 16424
4 12633 16420 16426 12639
4 16420 16421 16427 16426
4 12639 16426 16428 12641
4 16426 16427 16429 16428
4 16421 16424 16430 16427
4 16424 16425 16431 16430
4 16427 16430 16432 16429
4 16430 16431 16433 16432
4 16337 16348 16434 16423
4 16348 16349 16435 16434
4 16423 16434 16436 16425
4 16434 16435 16437 16436
4 16349 16352 16438 16435
4 16352 16353 16439 16438
4 16435 16438 16440 16437
4 16438 16439 16441 16440
4 16425 16436 16442 16431
4 16436 16437 16443 16442
4 16431 16442 16444 16433
4 16442 16443 16445 16444
4 16437 16440 16446 16443
4 16440 16441 16447 16446
4 16443 16446 16448 16445
4 16446 16447 16449 16448
4 12641 16428 16450 12663
4 16428 16429 16451 16450
4 12663 16450 16452 12665
4 16450 16451 16453 16452
4 16429 16432 16454 16451
4 16432 16433 16455 16454
4 16451 16454 16456 16453
4 16454 16455 16457 16456
4 12665 16452 16458 12671
4 16452 16453 16459 16458
4 12671 16458 16460 12673
4 16458 16459 16461 16460
4 16453 16456 16462 16459
4 16456 16457 16463 16462
4 16459 16462 16464 16461
4 16462 16463 16465 16464
4 16433 16444 16466 16455
4 16444 16445 16467 16466
4 16455 16466 16468 16457
4 16466 16467 16469 16468
4 16445 16448 16470 16467
4 16448 16449 16471 16470
4 16467 16470 16472 16469
4 16470 16471 16473 16472
4 16457 16468 16474 16463
4 16468 16469 16475 16474
4 16463 16474 16476 16465
4 16474 16475 16477 16476
4 16469 16472 16478 16475
4 16472 16473 16479 16478
4 16475 16478 16480 16477
4 16478 16479 16481 16480
4 16353 16396 16482 16439
4 16396 16397 16483 16482
4 16439 16482 16484 16441
4 16482 16483 16485 16484
4 16397 16400 16486 16483
4 16400 16401 16487 16486
4 16483 16486 16488 16485
4 16486 16487 16489 16488
4 16441 16484 16490 16447
4 16484 16485 16491 16490
4 16447 16490 16492 16449
4 16490 16491 16493 16492
4 16485 16488 16494 16491
4 16488 16489 16495 16494
4 16491 16494 16496 16493
4 16494 16495 16497 16496
4 16401 16412 16498 16487
4 16412 16413 16499 16498
4 16487 16498 16500 16489
4 16498 16499 16501 16500
4 16413 16416 16502 16499
4 16416 16417 16503 16502
4 16499 16502 16504 16501
4 16502 16503 16505 16504
4 16489 16500 16506 16495
4 16500 16501 16507 16506
4 16495 16506 16508 16497
4 16506 16507 16509 16508
4 16501 16504 16510 16507
4 16504 16505 16511 16510
4 16507 16510 16512 16509
4 16510 16511 16513 16512
4 16449 16492 16514 16471
4 16492 16493 16515 16514
4 16471 16514 16516 16473
4 16514 16515 16517 16516
4 16493 16496 16518 16515
4 16496 16497 16519 16518
4 16515 16518 16520 16517
4 16518 16519 16521 16520
4 16473 16516 16522 16479
4 16516 16517 16523 16522
4 16479 16522 16524 16481
4 16522 16523 16525 16524
4 16517 16520 16526 16523
4 16520 16521 16527 16526
4 16523 16526 16528 16525
4 16526 16527 16529 16528
4 16497 16508 16530 16519
4 16508 16509 16531 16530
4 16519 16530 16532 16521
4 16530 16531 16533 16532
4 16509 16512 16534 16531
4 16512 16513 16535 16534
4 16531 16534 16536 16533
4 16534 16535 16537 16536
4 16521 16532 16538 16527
4 16532 16533 16539 16538
4 16527 16538 16540 16529
4 16538 16539 16541 16540
4 16533 16536 16542 16539
4 16536 16537 16543 16542
4 16539 16542 16544 16541
4 16542 16543 16545 16544
4 16033 16204 16546 16375
4 16204 16205 16547 16546
4 16375 16546 16548 16377
4 16546 16547 16549 16548
4 16205 16208 16550 16547
4 16208 16209 16551 16550
4 16547 16550 16552 16549
4 16550 16551 16553 16552
4 16377 16548 16554 16383
4 16548 16549 16555 16554
4 16383 16554 16556 16385
4 16554 16555 16557 16556
4 16549 16552 16558 16555
4 16552 16553 16559 16558
4 16555 16558 16560 16557
4 16558 16559 16561 16560
4 16209 16220 16562 16551
4 16220 16221 16563 16562
4 16551 16562 16564 16553
4 16562 16563 16565 16564
4 16221 16224 16566 16563
4 16224 16225 16567 16566
4 16563 16566 16568 16565
4 16566 16567 16569 16568
4 16553 16564 16570 16559
4 16564 16565 16571 16570
4 16559 16570 16572 16561
4 16570 16571 16573 16572
4 16565 16568 16574 16571
4 16568 16569 16575 16574
4 16571 16574 16576 16573
4 16574 16575 16577 16576
4 16385 16556 16578 16407
4 16556 16557 16579 16578
4 16407 16578 16580 16409
4 16578 16579 16581 16580
4 16557 16560 16582 16579
4 16560 16561 16583 16582
4 16579 16582 16584 16581
4 16582 16583 16585 16584
4 16409 16580 16586 16415
4 16580 16581 16587 16586
4 16415 16586 16588 16417
4 16586 16587 16589 16588
4 16581 16584 16590 16587
4 16584 16585 16591 16590
4 16587 16590 16592 16589
4 16590 16591 16593 16592
4 16561 16572 16594 16583
4 16572 16573 16595 16594
4 16583 16594 16596 16585
4 16594 16595 16597 16596
4 16573 16576 16598 16595
4 16576 16577 16599 16598
4 16595 16598 16600 16597
4 16598 16599 16601 16600
4 16585 16596 16602 16591
4 16596 16597 16603 16602
4 16591 16602 16604 16593
4 16602 16603 16605 16604
4 16597 16600 16606 16603
4 16600 16601 16607 16606
4 16603 16606 16608 16605
4 16606 16607 16609 16608
4 16225 16268 16610 16567
4 16268 16269 16611 16610
4 16567 16610 16612 16569
4 16610 16611 16613 16612
4 16269 16272 16614 16611
4 16272 16273 16615 16614
4 16611 16614 16616 16613
4 16614 16615 16617 16616
4 16569 16612 16618 16575
4 16612 16613 16619 16618
4 16575 16618 16620 16577
4 16618 16619 16621 16620
4 16613 16616 16622 16619
4 16616 16617 16623 16622
4 16619 16622 16624 16621
4 16622 16623 16625 16624
4 16273 16284 16626 16615
4 16284 16285 16627 16626
4 16615 16626 16628 16617
4 16626 16627 16629 16628
4 16285 16288 16630 16627
4 16288 16289 16631 16630
4 16627 16630 16632 16629
4 16630 16631 16633 16632
4 16617 16628 16634 16623
4 16628 16629 16635 16634
4 16623 16634 16636 16625
4 16634 16635 16637 16636
4 16629 16632 16638 16635
4 16632 16633 16639 16638
4 16635 16638 16640 16637
4 16638 16639 16641 16640
4 16577 16620 16642 16599
4 16620 16621 16643 16642
4 16599 16642 16644 16601
4 16642 16643 16645 16644
4 16621 16624 16646 16643
4 16624 16625 16647 16646
4 16643 16646 16648 16645
4 16646 16647 16649 16648
4 16601 16644 16650 16607
4 16644 16645 16651 16650
4 16607 16650 16652 16609
4 16650 16651 16653 16652
4 16645 16648 16654 16651
4 16648 16649 16655 16654
4 16651 16654 16656 16653
4 16654 16655 16657 16656
4 16625 16636 16658 16647
4 16636 16637 16659 16658
4 16647 16658 16660 16649
4 16658 16659 16661 16660
4 16637 16640 16662 16659
4 16640 16641 16663 16662
4 16659 16662 16664 16661
4 16662 16663 16665 16664
4 16649 16660 16666 16655
4 16660 16661 16667 16666
4 16655 16666 16668 16657
4 16666 16667 16669 16668
4 16661 16664 16670 16667
4 16664 16665 16671 16670
4 16667 16670 16672 16669
4 16670 16671 16673 16672
4 16417 16588 16674 16503
4 16588 16589 16675 16674
4 16503 16674 16676 16505
4 16674 16675 16677 16676
4 16589 16592 16678 16675
4 16592 16593 16679 16678
4 16675 16678 16680 16677
4 16678 16679 16681 16680
4 16505 16676 16682 16511
4 16676 16677 16683 16682
4 16511 16682 16684 16513
4 16682 16683 16685 16684
4 16677 16680 16686 16683
4 16680 16681 16687 16686
4 16683 16686 16688 16685
4 16686 16687 16689 16688
4 16593 16604 16690 16679
4 16604 16605 16691 16690
4 16679 16690 16692 16681
4 16690 16691 16693 16692
4 16605 16608 16694 16691
4 16608 16609 16695 16694
4 16691 16694 16696 16693
4 16694 16695 16697 16696
4 16681 16692 16698 16687
4 16692 16693 16699 16698
4 16687 16698 16700 16689
4 16698 16699 16701 16700
4 16693 16696 16702 16699
4 16696 16697 16703 16702
4 16699 16702 16704 16701
4 16702 16703 16705 16704
4 16513 16684 16706 16535
4 16684 16685 16707 16706
4 16535 16706 16708 16537
4 16706 16707 16709 16708
4 16685 16688 16710 16707
4 16688 16689 16711 16710
4 16707 16710 16712 16709
4 16710 16711 16713 16712
4 16537 16708 16714 16543
4 16708 16709 16715 16714
4 16543 16714 16716 16545
4 16714 16715 16717 16716
4 16709 16712 16718 16715
4 16712 16713 16719 16718
4 16715 16718 16720 16717
4 16718 16719 16721 16720
4 16689 16700 16722 16711
4 16700 16701 16723 16722
4 16711 16722 16724 16713
4 16722 16723 16725 16724
4 16701 16704 16726 16723
4 16704 16705 16727 16726
4 16723 16726 16728 16725
4 16726 16727 16729 16728
4 16713 16724 16730 16719
4 16724 16725 16731 16730
4 16719 16730 16732 16721
4 16730 16731 16733 16732
4 16725 16728 16734 16731
4 16728 16729 16735 16734
4 16731 16734 16736 16733
4 16734 16735 16737 16736
4 16609 16652 16738 16695
4 16652 16653 16739 16738
4 16695 16738 16740 16697
4 16738 16739 16741 16740
4 16653 16656 16742 16739
4 16656 16657 16743 16742
4 16739 16742 16744 16741
4 16742 16743 16745 16744
4 16697 16740 16746 16703
4 16740 16741 16747 16746
4 16703 16746 16748 16705
4 16746 16747 16749 16748
4 16741 16744 16750 16747
4 16744 16745 16751 16750
4 16747 16750 16752 16749
4 16750 16751 16753 16752
4 16657 16668 16754 16743
4 16668 16669 16755 16754
4 16743 16754 16756 16745
4 16754 16755 16757 16756
4 16669 16672 16758 16755
4 16672 16673 16759 16758
4 16755 16758 16760 16757
4 16758 16759 16761 16760
4 16745 16756 16762 16751
4 16756 16757 16763 16762
4 16751 16762 16764 16753
4 16762 16763 16765 16764
4 16757 16760 16766 16763
4 16760 16761 16767 16766
4 16763 16766 16768 16765
4 16766 16767 16769 16768
4 16705 16748 16770 16727
4 16748 16749 16771 16770
4 16727 16770 16772 16729
4 16770 16771 16773 16772
4 16749 16752 16774 16771
4 16752 16753 16775 16774
4 16771 16774 16776 16773
4 16774 16775 16777 16776
4 16729 16772 16778 16735
4 16772 16773 16779 16778
4 16735 16778 16780 16737
4 16778 16779 16781 16780
4 16773 16776 16782 16779
4 16776 16777 16783 16782
4 16779 16782 16784 16781
4 16782 16783 16785 16784
4 16753 16764 16786 16775
4 16764 16765 16787 16786
4 16775 16786 16788 16777
4 16786 16787 16789 16788
4 16765 16768 16790 16787
4 16768 16769 16791 16790
4 16787 16790 16792 16789
4 16790 16791 16793 16792
4 16777 16788 16794 16783
4 16788 16789 16795 16794
4 16783 16794 16796 16785
4 16794 16795 16797 16796
4 16789 16792 16798 16795
4 16792 16793 16799 16798
4 16795 16798 16800 16797
4 16798 16799 16801 16800
1 2 4 5 8 10 12 17 20 26 28 32 34 47 50 57 60 82 84 88 90 102 104 108 110 155 158 165 168 191 194 201 204 290 292 296 298 310 312 316 318 362 364 368 370 382 384 388 390 563 566 573 576 599 602 609 612 699 702 709 712 735 738 745 748 1091 1094 1101 1104 1127 1130 1137 1140 1227 1230 1237 1240 1263 1266 1273 1276 1619 1622 1629 1632 1655 1658 1665 1668 1755 1758 1765 1768 1791 1794 1801 1804 2147 2150 2157 2160 2183 2186 2193 2196 2283 2286 2293 2296 2319 2322 2329 2332 2675 2678 2685 2688 2711 2714 2721 2724 2811 2814 2821 2824 2847 2850 2857 2860 3203 3206 3213 3216 3239 3242 3249 3252 3339 3342 3349 3352 3375 3378 3385 3388 3731 3734 3741 3744 3767 3770 3777 3780 3867 3870 3877 3880 3903 3906 3913 3915 3916 3917 3920 3921 3932 3933 3936 3937 3980 3981 3984 3985 3996 3997 4000 4001 4172 4173 4176 4177 4188 4189 4192 4193 4236 4237 4240 4241 4252 4253 4256 4257 4258 4260 4264 4266 4278 4280 4284 4286 4330 4332 4336 4338 4350 4352 4356 4358 4530 4532 4536 4538 4550 4552 4556 4558 4602 4604 4608 4610 4622 4624 4628 4630 8134 8135 8138 8139 8150 8151 8154 8155 8198 8199 8202 8203 8214 8215 8218 8219 8390 8391 8394 8395 8406 8407 8410 8411 8454 8455 8458 8459 8470 8471 8474 8475 8476 8478 8482 8484 8496 8498 8502 8504 8548 8550 8554 8556 8568 8570 8574 8576 8748 8750 8754 8756 8768 8770 8774 8776 8820 8822 8826 8828 8840 8842 8846 8848 12332 12333 12336 12337 12348 12349 12352 12353 12396 12397 12400 12401 12412 12413 12416 12417 12588 12589 12592 12593 12604 12605 12608 12609 12652 12653 12656 12657 12668 12669 12672 12673 12674 12676 12680 12682 12694 12696 12700 12702 12746 12748 12752 12754 12766 12768 12772 12774 12946 12948 12952 12954 12966 12968 12972 12974 13018 13020 13024 13026 13038 13040 13044 13046 13047 13049 13055 13057 13079 13081 13087 13089 13175 13177 13183 13185 13207 13209 13215 13217 13559 13561 13567 13569 13591 13593 13599 13601 13687 13689 13695 13697 13719 13721 13727 13729 14071 14073 14079 14081 14103 14105 14111 14113 14199 14201 14207 14209 14231 14233 14239 14241 14583 14585 14591 14593 14615 14617 14623 14625 14711 14713 14719 14721 14743 14745 14751 14753 15095 15097 15103 15105 15127 15129 15135 15137 15223 15225 15231 15233 15255 15257 15263 15265 15607 15609 15615 15617 15639 15641 15647 15649 15735 15737 15743 15745 15767 15769 15775 15777 16119 16121 16127 16129 16151 16153 16159 16161 16247 16249 16255 16257 16279 16281 16287 16289 16460 16461 16464 16465 16476 16477 16480 16481 16524 16525 16528 16529 16540 16541 16544 16545 16631 16633 16639 16641 16663 16665 16671 16673 16716 16717 16720 16721 16732 16733 16736 16737 16759 16761 16767 16769 16780 16781 16784 16785 16791 16793 16796 16797 16799 16800 16801
