4321 4168 1
0 0
0.000244140625 0
0.000244140625 0.000244140625
0 0.000244140625
0.00048828125 0
0.00048828125 0.000244140625
0.000244140625 0.00048828125
0 0.00048828125
0.00048828125 0.00048828125
0.000732421875 0
0.000732421875 0.000244140625
0.0009765625 0
0.0009765625 0.000244140625
0.000732421875 0.00048828125
0.0009765625 0.00048828125
0.000244140625 0.000732421875
0 0.000732421875
0.00048828125 0.000732421875
0.000244140625 0.0009765625
0 0.0009765625
0.00048828125 0.0009765625
0.000732421875 0.000732421875
0.0009765625 0.000732421875
0.000732421875 0.0009765625
0.0009765625 0.0009765625
0.00146484375 0
0.00146484375 0.00048828125
0.001953125 0
0.001953125 0.00048828125
0.00146484375 0.0009765625
0.001953125 0.0009765625
0.00048828125 0.00146484375
0 0.00146484375
0.0009765625 0.00146484375
0.00048828125 0.001953125
0 0.001953125
0.0009765625 0.001953125
0.00146484375 0.00146484375
0.001953125 0.00146484375
0.00146484375 0.001953125
0.001953125 0.001953125
0.0029296875 0
0.0029296875 0.0009765625
0.00390625 0
0.00390625 0.0009765625
0.0029296875 0.001953125
0.00390625 0.001953125
0.0009765625 0.0029296875
0 0.0029296875
0.001953125 0.0029296875
0.0009765625 0.00390625
0 0.00390625
0.001953125 0.00390625
0.0029296875 0.0029296875
0.00390625 0.0029296875
0.0029296875 0.00390625
0.00390625 0.00390625
0.005859375 0
0.005859375 0.001953125
0.0078125 0
0.0078125 0.001953125
0.005859375 0.00390625
0.0078125 0.00390625
0.001953125 0.005859375
0 0.005859375
0.00390625 0.005859375
0.001953125 0.0078125
0 0.0078125
0.00390625 0.0078125
0.005859375 0.005859375
0.0078125 0.005859375
0.005859375 0.0078125
0.0078125 0.0078125
0.01171875 0
0.01171875 0.00390625
0.015625 0
0.015625 0.00390625
0.01171875 0.0078125
0.015625 0.0078125
0.00390625 0.01171875
0 0.01171875
0.0078125 0.01171875
0.00390625 0.015625
0 0.015625
0.0078125 0.015625
0.01171875 0.01171875
0.015625 0.01171875
0.01171875 0.015625
0.015625 0.015625
0.0234375 0
0.0234375 0.0078125
0.03125 0
0.03125 0.0078125
0.0234375 0.015625
0.03125 0.015625
0.0078125 0.0234375
0 0.0234375
0.015625 0.0234375
0.0078125 0.03125
0 0.03125
0.015625 0.03125
0.0234375 0.0234375
0.03125 0.0234375
0.0234375 0.03125
0.03125 0.03125
0.046875 0
0.046875 0.015625
0.0625 0
0.0625 0.015625
0.046875 0.03125
0.0625 0.03125
0.015625 0.046875
0 0.046875
0.03125 0.046875
0.015625 0.0625
0 0.0625
0.03125 0.0625
0.046875 0.046875
0.0625 0.046875
0.046875 0.0625
0.0625 0.0625
0.078125 0
0.078125 0.015625
0.09375 0
0.09375 0.015625
0.078125 0.03125
0.09375 0.03125
0.109375 0
0.109375 0.015625
0.125 0
0.125 0.015625
0.109375 0.03125
0.125 0.03125
0.078125 0.046875
0.09375 0.046875
0.078125 0.0625
0.09375 0.0625
0.109375 0.046875
0.125 0.046875
0.109375 0.0625
0.125 0.0625
0.015625 0.078125
0 0.078125
0.03125 0.078125
0.015625 0.09375
0 0.09375
0.03125 0.09375
0.046875 0.078125
0.0625 0.078125
0.046875 0.09375
0.0625 0.09375
0.015625 0.109375
0 0.109375
0.03125 0.109375
0.015625 0.125
0 0.125
0.03125 0.125
0.046875 0.109375
0.0625 0.109375
0.046875 0.125
0.0625 0.125
0.078125 0.078125
0.09375 0.078125
0.078125 0.09375
0.09375 0.09375
0.109375 0.078125
0.125 0.078125
0.109375 0.09375
0.125 0.09375
0.078125 0.109375
0.09375 0.109375
0.078125 0.125
0.09375 0.125
0.109375 0.109375
0.125 0.109375
0.109375 0.125
0.125 0.125
0.140625 0
0.140625 0.015625
0.15625 0
0.15625 0.015625
0.140625 0.03125
0.15625 0.03125
0.171875 0
0.171875 0.015625
0.1875 0
0.1875 0.015625
0.171875 0.03125
0.1875 0.03125
0.140625 0.046875
0.15625 0.046875
0.140625 0.0625
0.15625 0.0625
0.171875 0.046875
0.1875 0.046875
0.171875 0.0625
0.1875 0.0625
0.203125 0
0.203125 0.015625
0.21875 0
0.21875 0.015625
0.203125 0.03125
0.21875 0.03125
0.234375 0
0.234375 0.015625
0.25 0
0.25 0.015625
0.234375 0.03125
0.25 0.03125
0.203125 0.046875
0.21875 0.046875
0.203125 0.0625
0.21875 0.0625
0.234375 0.046875
0.25 0.046875
0.234375 0.0625
0.25 0.0625
0.140625 0.078125
0.15625 0.078125
0.140625 0.09375
0.15625 0.09375
0.171875 0.078125
0.1875 0.078125
0.171875 0.09375
0.1875 0.09375
0.140625 0.109375
0.15625 0.109375
0.140625 0.125
0.15625 0.125
0.171875 0.109375
0.1875 0.109375
0.171875 0.125
0.1875 0.125
0.203125 0.078125
0.21875 0.078125
0.203125 0.09375
0.21875 0.09375
0.234375 0.078125
0.25 0.078125
0.234375 0.09375
0.25 0.09375
0.203125 0.109375
0.21875 0.109375
0.203125 0.125
0.21875 0.125
0.234375 0.109375
0.25 0.109375
0.234375 0.125
0.25 0.125
0.015625 0.140625
0 0.140625
0.03125 0.140625
0.015625 0.15625
0 0.15625
0.03125 0.15625
0.046875 0.140625
0.0625 0.140625
0.046875 0.15625
0.0625 0.15625
0.015625 0.171875
0 0.171875
0.03125 0.171875
0.015625 0.1875
0 0.1875
0.03125 0.1875
0.046875 0.171875
0.0625 0.171875
0.046875 0.1875
0.0625 0.1875
0.078125 0.140625
0.09375 0.140625
0.078125 0.15625
0.09375 0.15625
0.109375 0.140625
0.125 0.140625
0.109375 0.15625
0.125 0.15625
0.078125 0.171875
0.09375 0.171875
0.078125 0.1875
0.09375 0.1875
0.109375 0.171875
0.125 0.171875
0.109375 0.1875
0.125 0.1875
0.015625 0.203125
0 0.203125
0.03125 0.203125
0.015625 0.21875
0 0.21875
0.03125 0.21875
0.046875 0.203125
0.0625 0.203125
0.046875 0.21875
0.0625 0.21875
0.015625 0.234375
0 0.234375
0.03125 0.234375
0.015625 0.25
0 0.25
0.03125 0.25
0.046875 0.234375
0.0625 0.234375
0.046875 0.25
0.0625 0.25
0.078125 0.203125
0.09375 0.203125
0.078125 0.21875
0.09375 0.21875
0.109375 0.203125
0.125 0.203125
0.109375 0.21875
0.125 0.21875
0.078125 0.234375
0.09375 0.234375
0.078125 0.25
0.09375 0.25
0.109375 0.234375
0.125 0.234375
0.109375 0.25
0.125 0.25
0.140625 0.140625
0.15625 0.140625
0.140625 0.15625
0.15625 0.15625
0.171875 0.140625
0.1875 0.140625
0.171875 0.15625
0.1875 0.15625
0.140625 0.171875
0.15625 0.171875
0.140625 0.1875
0.15625 0.1875
0.171875 0.171875
0.1875 0.171875
0.171875 0.1875
0.1875 0.1875
0.203125 0.140625
0.21875 0.140625
0.203125 0.15625
0.21875 0.15625
0.234375 0.140625
0.25 0.140625
0.234375 0.15625
0.25 0.15625
0.203125 0.171875
0.21875 0.171875
0.203125 0.1875
0.21875 0.1875
0.234375 0.171875
0.25 0.171875
0.234375 0.1875
0.25 0.1875
0.140625 0.203125
0.15625 0.203125
0.140625 0.21875
0.15625 0.21875
0.171875 0.203125
0.1875 0.203125
0.171875 0.21875
0.1875 0.21875
0.140625 0.234375
0.15625 0.234375
0.140625 0.25
0.15625 0.25
0.171875 0.234375
0.1875 0.234375
0.171875 0.25
0.1875 0.25
0.203125 0.203125
0.21875 0.203125
0.203125 0.21875
0.21875 0.21875
0.234375 0.203125
0.25 0.203125
0.234375 0.21875
0.25 0.21875
0.203125 0.234375
0.21875 0.234375
0.203125 0.25
0.21875 0.25
0.234375 0.234375
0.25 0.234375
0.234375 0.25
0.25 0.25
0.015625 0.265625
0 0.265625
0.03125 0.265625
0.015625 0.28125
0 0.28125
0.03125 0.28125
0.046875 0.265625
0.0625 0.265625
0.046875 0.28125
0.0625 0.28125
0.015625 0.296875
0 0.296875
0.03125 0.296875
0.015625 0.3125
0 0.3125
0.03125 0.3125
0.046875 0.296875
0.0625 0.296875
0.046875 0.3125
0.0625 0.3125
0.078125 0.265625
0.09375 0.265625
0.078125 0.28125
0.09375 0.28125
0.109375 0.265625
0.125 0.265625
0.109375 0.28125
0.125 0.28125
0.078125 0.296875
0.09375 0.296875
0.078125 0.3125
0.09375 0.3125
0.109375 0.296875
0.125 0.296875
0.109375 0.3125
0.125 0.3125
0.015625 0.328125
0 0.328125
0.03125 0.328125
0.015625 0.34375
0 0.34375
0.03125 0.34375
0.046875 0.328125
0.0625 0.328125
0.046875 0.34375
0.0625 0.34375
0.015625 0.359375
0 0.359375
0.03125 0.359375
0.015625 0.375
0 0.375
0.03125 0.375
0.046875 0.359375
0.0625 0.359375
0.046875 0.375
0.0625 0.375
0.078125 0.328125
0.09375 0.328125
0.078125 0.34375
0.09375 0.34375
0.109375 0.328125
0.125 0.328125
0.109375 0.34375
0.125 0.34375
0.078125 0.359375
0.09375 0.359375
0.078125 0.375
0.09375 0.375
0.109375 0.359375
0.125 0.359375
0.109375 0.375
0.125 0.375
0.140625 0.265625
0.15625 0.265625
0.140625 0.28125
0.15625 0.28125
0.171875 0.265625
0.1875 0.265625
0.171875 0.28125
0.1875 0.28125
0.140625 0.296875
0.15625 0.296875
0.140625 0.3125
0.15625 0.3125
0.171875 0.296875
0.1875 0.296875
0.171875 0.3125
0.1875 0.3125
0.203125 0.265625
0.21875 0.265625
0.203125 0.28125
0.21875 0.28125
0.234375 0.265625
0.25 0.265625
0.234375 0.28125
0.25 0.28125
0.203125 0.296875
0.21875 0.296875
0.203125 0.3125
0.21875 0.3125
0.234375 0.296875
0.25 0.296875
0.234375 0.3125
0.25 0.3125
0.140625 0.328125
0.15625 0.328125
0.140625 0.34375
0.15625 0.34375
0.171875 0.328125
0.1875 0.328125
0.171875 0.34375
0.1875 0.34375
0.140625 0.359375
0.15625 0.359375
0.140625 0.375
0.15625 0.375
0.171875 0.359375
0.1875 0.359375
0.171875 0.375
0.1875 0.375
0.203125 0.328125
0.21875 0.328125
0.203125 0.34375
0.21875 0.34375
0.234375 0.328125
0.25 0.328125
0.234375 0.34375
0.25 0.34375
0.203125 0.359375
0.21875 0.359375
0.203125 0.375
0.21875 0.375
0.234375 0.359375
0.25 0.359375
0.234375 0.375
0.25 0.375
0.015625 0.390625
0 0.390625
0.03125 0.390625
0.015625 0.40625
0 0.40625
0.03125 0.40625
0.046875 0.390625
0.0625 0.390625
0.046875 0.40625
0.0625 0.40625
0.015625 0.421875
0 0.421875
0.03125 0.421875
0.015625 0.4375
0 0.4375
0.03125 0.4375
0.046875 0.421875
0.0625 0.421875
0.046875 0.4375
0.0625 0.4375
0.078125 0.390625
0.09375 0.390625
0.078125 0.40625
0.09375 0.40625
0.109375 0.390625
0.125 0.390625
0.109375 0.40625
0.125 0.40625
0.078125 0.421875
0.09375 0.421875
0.078125 0.4375
0.09375 0.4375
0.109375 0.421875
0.125 0.421875
0.109375 0.4375
0.125 0.4375
0.015625 0.453125
0 0.453125
0.03125 0.453125
0.015625 0.46875
0 0.46875
0.03125 0.46875
0.046875 0.453125
0.0625 0.453125
0.046875 0.46875
0.0625 0.46875
0.015625 0.484375
0 0.484375
0.03125 0.484375
0.015625 0.5
0 0.5
0.03125 0.5
0.046875 0.484375
0.0625 0.484375
0.046875 0.5
0.0625 0.5
0.078125 0.453125
0.09375 0.453125
0.078125 0.46875
0.09375 0.46875
0.109375 0.453125
0.125 0.453125
0.109375 0.46875
0.125 0.46875
0.078125 0.484375
0.09375 0.484375
0.078125 0.5
0.09375 0.5
0.109375 0.484375
0.125 0.484375
0.109375 0.5
0.125 0.5
0.140625 0.390625
0.15625 0.390625
0.140625 0.40625
0.15625 0.40625
0.171875 0.390625
0.1875 0.390625
0.171875 0.40625
0.1875 0.40625
0.140625 0.421875
0.15625 0.421875
0.140625 0.4375
0.15625 0.4375
0.171875 0.421875
0.1875 0.421875
0.171875 0.4375
0.1875 0.4375
0.203125 0.390625
0.21875 0.390625
0.203125 0.40625
0.21875 0.40625
0.234375 0.390625
0.25 0.390625
0.234375 0.40625
0.25 0.40625
0.203125 0.421875
0.21875 0.421875
0.203125 0.4375
0.21875 0.4375
0.234375 0.421875
0.25 0.421875
0.234375 0.4375
0.25 0.4375
0.140625 0.453125
0.15625 0.453125
0.140625 0.46875
0.15625 0.46875
0.171875 0.453125
0.1875 0.453125
0.171875 0.46875
0.1875 0.46875
0.140625 0.484375
0.15625 0.484375
0.140625 0.5
0.15625 0.5
0.171875 0.484375
0.1875 0.484375
0.171875 0.5
0.1875 0.5
0.203125 0.453125
0.21875 0.453125
0.203125 0.46875
0.21875 0.46875
0.234375 0.453125
0.25 0.453125
0.234375 0.46875
0.25 0.46875
0.203125 0.484375
0.21875 0.484375
0.203125 0.5
0.21875 0.5
0.234375 0.484375
0.25 0.484375
0.234375 0.5
0.25 0.5
0.015625 0.515625
0 0.515625
0.03125 0.515625
0.015625 0.53125
0 0.53125
0.03125 0.53125
0.046875 0.515625
0.0625 0.515625
0.046875 0.53125
0.0625 0.53125
0.015625 0.546875
0 0.546875
0.03125 0.546875
0.015625 0.5625
0 0.5625
0.03125 0.5625
0.046875 0.546875
0.0625 0.546875
0.046875 0.5625
0.0625 0.5625
0.078125 0.515625
0.09375 0.515625
0.078125 0.53125
0.09375 0.53125
0.109375 0.515625
0.125 0.515625
0.109375 0.53125
0.125 0.53125
0.078125 0.546875
0.09375 0.546875
0.078125 0.5625
0.09375 0.5625
0.109375 0.546875
0.125 0.546875
0.109375 0.5625
0.125 0.5625
0.015625 0.578125
0 0.578125
0.03125 0.578125
0.015625 0.59375
0 0.59375
0.03125 0.59375
0.046875 0.578125
0.0625 0.578125
0.046875 0.59375
0.0625 0.59375
0.015625 0.609375
0 0.609375
0.03125 0.609375
0.015625 0.625
0 0.625
0.03125 0.625
0.046875 0.609375
0.0625 0.609375
0.046875 0.625
0.0625 0.625
0.078125 0.578125
0.09375 0.578125
0.078125 0.59375
0.09375 0.59375
0.109375 0.578125
0.125 0.578125
0.109375 0.59375
0.125 0.59375
0.078125 0.609375
0.09375 0.609375
0.078125 0.625
0.09375 0.625
0.109375 0.609375
0.125 0.609375
0.109375 0.625
0.125 0.625
0.140625 0.515625
0.15625 0.515625
0.140625 0.53125
0.15625 0.53125
0.171875 0.515625
0.1875 0.515625
0.171875 0.53125
0.1875 0.53125
0.140625 0.546875
0.15625 0.546875
0.140625 0.5625
0.15625 0.5625
0.171875 0.546875
0.1875 0.546875
0.171875 0.5625
0.1875 0.5625
0.203125 0.515625
0.21875 0.515625
0.203125 0.53125
0.21875 0.53125
0.234375 0.515625
0.25 0.515625
0.234375 0.53125
0.25 0.53125
0.203125 0.546875
0.21875 0.546875
0.203125 0.5625
0.21875 0.5625
0.234375 0.546875
0.25 0.546875
0.234375 0.5625
0.25 0.5625
0.140625 0.578125
0.15625 0.578125
0.140625 0.59375
0.15625 0.59375
0.171875 0.578125
0.1875 0.578125
0.171875 0.59375
0.1875 0.59375
0.140625 0.609375
0.15625 0.609375
0.140625 0.625
0.15625 0.625
0.171875 0.609375
0.1875 0.609375
0.171875 0.625
0.1875 0.625
0.203125 0.578125
0.21875 0.578125
0.203125 0.59375
0.21875 0.59375
0.234375 0.578125
0.25 0.578125
0.234375 0.59375
0.25 0.59375
0.203125 0.609375
0.21875 0.609375
0.203125 0.625
0.21875 0.625
0.234375 0.609375
0.25 0.609375
0.234375 0.625
0.25 0.625
0.015625 0.640625
0 0.640625
0.03125 0.640625
0.015625 0.65625
0 0.65625
0.03125 0.65625
0.046875 0.640625
0.0625 0.640625
0.046875 0.65625
0.0625 0.65625
0.015625 0.671875
0 0.671875
0.03125 0.671875
0.015625 0.6875
0 0.6875
0.03125 0.6875
0.046875 0.671875
0.0625 0.671875
0.046875 0.6875
0.0625 0.6875
0.078125 0.640625
0.09375 0.640625
0.078125 0.65625
0.09375 0.65625
0.109375 0.640625
0.125 0.640625
0.109375 0.65625
0.125 0.65625
0.078125 0.671875
0.09375 0.671875
0.078125 0.6875
0.09375 0.6875
0.109375 0.671875
0.125 0.671875
0.109375 0.6875
0.125 0.6875
0.015625 0.703125
0 0.703125
0.03125 0.703125
0.015625 0.71875
0 0.71875
0.03125 0.71875
0.046875 0.703125
0.0625 0.703125
0.046875 0.71875
0.0625 0.71875
0.015625 0.734375
0 0.734375
0.03125 0.734375
0.015625 0.75
0 0.75
0.03125 0.75
0.046875 0.734375
0.0625 0.734375
0.046875 0.75
0.0625 0.75
0.078125 0.703125
0.09375 0.703125
0.078125 0.71875
0.09375 0.71875
0.109375 0.703125
0.125 0.703125
0.109375 0.71875
0.125 0.71875
0.078125 0.734375
0.09375 0.734375
0.078125 0.75
0.09375 0.75
0.109375 0.734375
0.125 0.734375
0.109375 0.75
0.125 0.75
0.140625 0.640625
0.15625 0.640625
0.140625 0.65625
0.15625 0.65625
0.171875 0.640625
0.1875 0.640625
0.171875 0.65625
0.1875 0.65625
0.140625 0.671875
0.15625 0.671875
0.140625 0.6875
0.15625 0.6875
0.171875 0.671875
0.1875 0.671875
0.171875 0.6875
0.1875 0.6875
0.203125 0.640625
0.21875 0.640625
0.203125 0.65625
0.21875 0.65625
0.234375 0.640625
0.25 0.640625
0.234375 0.65625
0.25 0.65625
0.203125 0.671875
0.21875 0.671875
0.203125 0.6875
0.21875 0.6875
0.234375 0.671875
0.25 0.671875
0.234375 0.6875
0.25 0.6875
0.140625 0.703125
0.15625 0.703125
0.140625 0.71875
0.15625 0.71875
0.171875 0.703125
0.1875 0.703125
0.171875 0.71875
0.1875 0.71875
0.140625 0.734375
0.15625 0.734375
0.140625 0.75
0.15625 0.75
0.171875 0.734375
0.1875 0.734375
0.171875 0.75
0.1875 0.75
0.203125 0.703125
0.21875 0.703125
0.203125 0.71875
0.21875 0.71875
0.234375 0.703125
0.25 0.703125
0.234375 0.71875
0.25 0.71875
0.203125 0.734375
0.21875 0.734375
0.203125 0.75
0.21875 0.75
0.234375 0.734375
0.25 0.734375
0.234375 0.75
0.25 0.75
0.015625 0.765625
0 0.765625
0.03125 0.765625
0.015625 0.78125
0 0.78125
0.03125 0.78125
0.046875 0.765625
0.0625 0.765625
0.046875 0.78125
0.0625 0.78125
0.015625 0.796875
0 0.796875
0.03125 0.796875
0.015625 0.8125
0 0.8125
0.03125 0.8125
0.046875 0.796875
0.0625 0.796875
0.046875 0.8125
0.0625 0.8125
0.078125 0.765625
0.09375 0.765625
0.078125 0.78125
0.09375 0.78125
0.109375 0.765625
0.125 0.765625
0.109375 0.78125
0.125 0.78125
0.078125 0.796875
0.09375 0.796875
0.078125 0.8125
0.09375 0.8125
0.109375 0.796875
0.125 0.796875
0.109375 0.8125
0.125 0.8125
0.015625 0.828125
0 0.828125
0.03125 0.828125
0.015625 0.84375
0 0.84375
0.03125 0.84375
0.046875 0.828125
0.0625 0.828125
0.046875 0.84375
0.0625 0.84375
0.015625 0.859375
0 0.859375
0.03125 0.859375
0.015625 0.875
0 0.875
0.03125 0.875
0.046875 0.859375
0.0625 0.859375
0.046875 0.875
0.0625 0.875
0.078125 0.828125
0.09375 0.828125
0.078125 0.84375
0.09375 0.84375
0.109375 0.828125
0.125 0.828125
0.109375 0.84375
0.125 0.84375
0.078125 0.859375
0.09375 0.859375
0.078125 0.875
0.09375 0.875
0.109375 0.859375
0.125 0.859375
0.109375 0.875
0.125 0.875
0.140625 0.765625
0.15625 0.765625
0.140625 0.78125
0.15625 0.78125
0.171875 0.765625
0.1875 0.765625
0.171875 0.78125
0.1875 0.78125
0.140625 0.796875
0.15625 0.796875
0.140625 0.8125
0.15625 0.8125
0.171875 0.796875
0.1875 0.796875
0.171875 0.8125
0.1875 0.8125
0.203125 0.765625
0.21875 0.765625
0.203125 0.78125
0.21875 0.78125
0.234375 0.765625
0.25 0.765625
0.234375 0.78125
0.25 0.78125
0.203125 0.796875
0.21875 0.796875
0.203125 0.8125
0.21875 0.8125
0.234375 0.796875
0.25 0.796875
0.234375 0.8125
0.25 0.8125
0.140625 0.828125
0.15625 0.828125
0.140625 0.84375
0.15625 0.84375
0.171875 0.828125
0.1875 0.828125
0.171875 0.84375
0.1875 0.84375
0.140625 0.859375
0.15625 0.859375
0.140625 0.875
0.15625 0.875
0.171875 0.859375
0.1875 0.859375
0.171875 0.875
0.1875 0.875
0.203125 0.828125
0.21875 0.828125
0.203125 0.84375
0.21875 0.84375
0.234375 0.828125
0.25 0.828125
0.234375 0.84375
0.25 0.84375
0.203125 0.859375
0.21875 0.859375
0.203125 0.875
0.21875 0.875
0.234375 0.859375
0.25 0.859375
0.234375 0.875
0.25 0.875
0.015625 0.890625
0 0.890625
0.03125 0.890625
0.015625 0.90625
0 0.90625
0.03125 0.90625
0.046875 0.890625
0.0625 0.890625
0.046875 0.90625
0.0625 0.90625
0.015625 0.921875
0 0.921875
0.03125 0.921875
0.015625 0.9375
0 0.9375
0.03125 0.9375
0.046875 0.921875
0.0625 0.921875
0.046875 0.9375
0.0625 0.9375
0.078125 0.890625
0.09375 0.890625
0.078125 0.90625
0.09375 0.90625
0.109375 0.890625
0.125 0.890625
0.109375 0.90625
0.125 0.90625
0.078125 0.921875
0.09375 0.921875
0.078125 0.9375
0.09375 0.9375
0.109375 0.921875
0.125 0.921875
0.109375 0.9375
0.125 0.9375
0.015625 0.953125
0 0.953125
0.03125 0.953125
0.015625 0.96875
0 0.96875
0.03125 0.96875
0.046875 0.953125
0.0625 0.953125
0.046875 0.96875
0.0625 0.96875
0.015625 0.984375
0 0.984375
0.03125 0.984375
0.015625 1
0 1
0.03125 1
0.046875 0.984375
0.0625 0.984375
0.046875 1
0.0625 1
0.078125 0.953125
0.09375 0.953125
0.078125 0.96875
0.09375 0.96875
0.109375 0.953125
0.125 0.953125
0.109375 0.96875
0.125 0.96875
0.078125 0.984375
0.09375 0.984375
0.078125 1
0.09375 1
0.109375 0.984375
0.125 0.984375
0.109375 1
0.125 1
0.140625 0.890625
0.15625 0.890625
0.140625 0.90625
0.15625 0.90625
0.171875 0.890625
0.1875 0.890625
0.171875 0.90625
0.1875 0.90625
0.140625 0.921875
0.15625 0.921875
0.140625 0.9375
0.15625 0.9375
0.171875 0.921875
0.1875 0.921875
0.171875 0.9375
0.1875 0.9375
0.203125 0.890625
0.21875 0.890625
0.203125 0.90625
0.21875 0.90625
0.234375 0.890625
0.25 0.890625
0.234375 0.90625
0.25 0.90625
0.203125 0.921875
0.21875 0.921875
0.203125 0.9375
0.21875 0.9375
0.234375 0.921875
0.25 0.921875
0.234375 0.9375
0.25 0.9375
0.140625 0.953125
0.15625 0.953125
0.140625 0.96875
0.15625 0.96875
0.171875 0.953125
0.1875 0.953125
0.171875 0.96875
0.1875 0.96875
0.140625 0.984375
0.15625 0.984375
0.140625 1
0.15625 1
0.171875 0.984375
0.1875 0.984375
0.171875 1
0.1875 1
0.203125 0.953125
0.21875 0.953125
0.203125 0.96875
0.21875 0.96875
0.234375 0.953125
0.25 0.953125
0.234375 0.96875
0.25 0.96875
0.203125 0.984375
0.21875 0.984375
0.203125 1
0.21875 1
0.234375 0.984375
0.25 0.984375
0.234375 1
0.25 1
0.265625 0
0.265625 0.015625
0.28125 0
0.28125 0.015625
0.265625 0.03125
0.28125 0.03125
0.296875 0
0.296875 0.015625
0.3125 0
0.3125 0.015625
0.296875 0.03125
0.3125 0.03125
0.265625 0.046875
0.28125 0.046875
0.265625 0.0625
0.28125 0.0625
0.296875 0.046875
0.3125 0.046875
0.296875 0.0625
0.3125 0.0625
0.328125 0
0.328125 0.015625
0.34375 0
0.34375 0.015625
0.328125 0.03125
0.34375 0.03125
0.359375 0
0.359375 0.015625
0.375 0
0.375 0.015625
0.359375 0.03125
0.375 0.03125
0.328125 0.046875
0.34375 0.046875
0.328125 0.0625
0.34375 0.0625
0.359375 0.046875
0.375 0.046875
0.359375 0.0625
0.375 0.0625
0.265625 0.078125
0.28125 0.078125
0.265625 0.09375
0.28125 0.09375
0.296875 0.078125
0.3125 0.078125
0.296875 0.09375
0.3125 0.09375
0.265625 0.109375
0.28125 0.109375
0.265625 0.125
0.28125 0.125
0.296875 0.109375
0.3125 0.109375
0.296875 0.125
0.3125 0.125
0.328125 0.078125
0.34375 0.078125
0.328125 0.09375
0.34375 0.09375
0.359375 0.078125
0.375 0.078125
0.359375 0.09375
0.375 0.09375
0.328125 0.109375
0.34375 0.109375
0.328125 0.125
0.34375 0.125
0.359375 0.109375
0.375 0.109375
0.359375 0.125
0.375 0.125
0.390625 0
0.390625 0.015625
0.40625 0
0.40625 0.015625
0.390625 0.03125
0.40625 0.03125
0.421875 0
0.421875 0.015625
0.4375 0
0.4375 0.015625
0.421875 0.03125
0.4375 0.03125
0.390625 0.046875
0.40625 0.046875
0.390625 0.0625
0.40625 0.0625
0.421875 0.046875
0.4375 0.046875
0.421875 0.0625
0.4375 0.0625
0.453125 0
0.453125 0.015625
0.46875 0
0.46875 0.015625
0.453125 0.03125
0.46875 0.03125
0.484375 0
0.484375 0.015625
0.5 0
0.5 0.015625
0.484375 0.03125
0.5 0.03125
0.453125 0.046875
0.46875 0.046875
0.453125 0.0625
0.46875 0.0625
0.484375 0.046875
0.5 0.046875
0.484375 0.0625
0.5 0.0625
0.390625 0.078125
0.40625 0.078125
0.390625 0.09375
0.40625 0.09375
0.421875 0.078125
0.4375 0.078125
0.421875 0.09375
0.4375 0.09375
0.390625 0.109375
0.40625 0.109375
0.390625 0.125
0.40625 0.125
0.421875 0.109375
0.4375 0.109375
0.421875 0.125
0.4375 0.125
0.453125 0.078125
0.46875 0.078125
0.453125 0.09375
0.46875 0.09375
0.484375 0.078125
0.5 0.078125
0.484375 0.09375
0.5 0.09375
0.453125 0.109375
0.46875 0.109375
0.453125 0.125
0.46875 0.125
0.484375 0.109375
0.5 0.109375
0.484375 0.125
0.5 0.125
0.265625 0.140625
0.28125 0.140625
0.265625 0.15625
0.28125 0.15625
0.296875 0.140625
0.3125 0.140625
0.296875 0.15625
0.3125 0.15625
0.265625 0.171875
0.28125 0.171875
0.265625 0.1875
0.28125 0.1875
0.296875 0.171875
0.3125 0.171875
0.296875 0.1875
0.3125 0.1875
0.328125 0.140625
0.34375 0.140625
0.328125 0.15625
0.34375 0.15625
0.359375 0.140625
0.375 0.140625
0.359375 0.15625
0.375 0.15625
0.328125 0.171875
0.34375 0.171875
0.328125 0.1875
0.34375 0.1875
0.359375 0.171875
0.375 0.171875
0.359375 0.1875
0.375 0.1875
0.265625 0.203125
0.28125 0.203125
0.265625 0.21875
0.28125 0.21875
0.296875 0.203125
0.3125 0.203125
0.296875 0.21875
0.3125 0.21875
0.265625 0.234375
0.28125 0.234375
0.265625 0.25
0.28125 0.25
0.296875 0.234375
0.3125 0.234375
0.296875 0.25
0.3125 0.25
0.328125 0.203125
0.34375 0.203125
0.328125 0.21875
0.34375 0.21875
0.359375 0.203125
0.375 0.203125
0.359375 0.21875
0.375 0.21875
0.328125 0.234375
0.34375 0.234375
0.328125 0.25
0.34375 0.25
0.359375 0.234375
0.375 0.234375
0.359375 0.25
0.375 0.25
0.390625 0.140625
0.40625 0.140625
0.390625 0.15625
0.40625 0.15625
0.421875 0.140625
0.4375 0.140625
0.421875 0.15625
0.4375 0.15625
0.390625 0.171875
0.40625 0.171875
0.390625 0.1875
0.40625 0.1875
0.421875 0.171875
0.4375 0.171875
0.421875 0.1875
0.4375 0.1875
0.453125 0.140625
0.46875 0.140625
0.453125 0.15625
0.46875 0.15625
0.484375 0.140625
0.5 0.140625
0.484375 0.15625
0.5 0.15625
0.453125 0.171875
0.46875 0.171875
0.453125 0.1875
0.46875 0.1875
0.484375 0.171875
0.5 0.171875
0.484375 0.1875
0.5 0.1875
0.390625 0.203125
0.40625 0.203125
0.390625 0.21875
0.40625 0.21875
0.421875 0.203125
0.4375 0.203125
0.421875 0.21875
0.4375 0.21875
0.390625 0.234375
0.40625 0.234375
0.390625 0.25
0.40625 0.25
0.421875 0.234375
0.4375 0.234375
0.421875 0.25
0.4375 0.25
0.453125 0.203125
0.46875 0.203125
0.453125 0.21875
0.46875 0.21875
0.484375 0.203125
0.5 0.203125
0.484375 0.21875
0.5 0.21875
0.453125 0.234375
0.46875 0.234375
0.453125 0.25
0.46875 0.25
0.484375 0.234375
0.5 0.234375
0.484375 0.25
0.5 0.25
0.265625 0.265625
0.28125 0.265625
0.265625 0.28125
0.28125 0.28125
0.296875 0.265625
0.3125 0.265625
0.296875 0.28125
0.3125 0.28125
0.265625 0.296875
0.28125 0.296875
0.265625 0.3125
0.28125 0.3125
0.296875 0.296875
0.3125 0.296875
0.296875 0.3125
0.3125 0.3125
0.328125 0.265625
0.34375 0.265625
0.328125 0.28125
0.34375 0.28125
0.359375 0.265625
0.375 0.265625
0.359375 0.28125
0.375 0.28125
0.328125 0.296875
0.34375 0.296875
0.328125 0.3125
0.34375 0.3125
0.359375 0.296875
0.375 0.296875
0.359375 0.3125
0.375 0.3125
0.265625 0.328125
0.28125 0.328125
0.265625 0.34375
0.28125 0.34375
0.296875 0.328125
0.3125 0.328125
0.296875 0.34375
0.3125 0.34375
0.265625 0.359375
0.28125 0.359375
0.265625 0.375
0.28125 0.375
0.296875 0.359375
0.3125 0.359375
0.296875 0.375
0.3125 0.375
0.328125 0.328125
0.34375 0.328125
0.328125 0.34375
0.34375 0.34375
0.359375 0.328125
0.375 0.328125
0.359375 0.34375
0.375 0.34375
0.328125 0.359375
0.34375 0.359375
0.328125 0.375
0.34375 0.375
0.359375 0.359375
0.375 0.359375
0.359375 0.375
0.375 0.375
0.390625 0.265625
0.40625 0.265625
0.390625 0.28125
0.40625 0.28125
0.421875 0.265625
0.4375 0.265625
0.421875 0.28125
0.4375 0.28125
0.390625 0.296875
0.40625 0.296875
0.390625 0.3125
0.40625 0.3125
0.421875 0.296875
0.4375 0.296875
0.421875 0.3125
0.4375 0.3125
0.453125 0.265625
0.46875 0.265625
0.453125 0.28125
0.46875 0.28125
0.484375 0.265625
0.5 0.265625
0.484375 0.28125
0.5 0.28125
0.453125 0.296875
0.46875 0.296875
0.453125 0.3125
0.46875 0.3125
0.484375 0.296875
0.5 0.296875
0.484375 0.3125
0.5 0.3125
0.390625 0.328125
0.40625 0.328125
0.390625 0.34375
0.40625 0.34375
0.421875 0.328125
0.4375 0.328125
0.421875 0.34375
0.4375 0.34375
0.390625 0.359375
0.40625 0.359375
0.390625 0.375
0.40625 0.375
0.421875 0.359375
0.4375 0.359375
0.421875 0.375
0.4375 0.375
0.453125 0.328125
0.46875 0.328125
0.453125 0.34375
0.46875 0.34375
0.484375 0.328125
0.5 0.328125
0.484375 0.34375
0.5 0.34375
0.453125 0.359375
0.46875 0.359375
0.453125 0.375
0.46875 0.375
0.484375 0.359375
0.5 0.359375
0.484375 0.375
0.5 0.375
0.265625 0.390625
0.28125 0.390625
0.265625 0.40625
0.28125 0.40625
0.296875 0.390625
0.3125 0.390625
0.296875 0.40625
0.3125 0.40625
0.265625 0.421875
0.28125 0.421875
0.265625 0.4375
0.28125 0.4375
0.296875 0.421875
0.3125 0.421875
0.296875 0.4375
0.3125 0.4375
0.328125 0.390625
0.34375 0.390625
0.328125 0.40625
0.34375 0.40625
0.359375 0.390625
0.375 0.390625
0.359375 0.40625
0.375 0.40625
0.328125 0.421875
0.34375 0.421875
0.328125 0.4375
0.34375 0.4375
0.359375 0.421875
0.375 0.421875
0.359375 0.4375
0.375 0.4375
0.265625 0.453125
0.28125 0.453125
0.265625 0.46875
0.28125 0.46875
0.296875 0.453125
0.3125 0.453125
0.296875 0.46875
0.3125 0.46875
0.265625 0.484375
0.28125 0.484375
0.265625 0.5
0.28125 0.5
0.296875 0.484375
0.3125 0.484375
0.296875 0.5
0.3125 0.5
0.328125 0.453125
0.34375 0.453125
0.328125 0.46875
0.34375 0.46875
0.359375 0.453125
0.375 0.453125
0.359375 0.46875
0.375 0.46875
0.328125 0.484375
0.34375 0.484375
0.328125 0.5
0.34375 0.5
0.359375 0.484375
0.375 0.484375
0.359375 0.5
0.375 0.5
0.390625 0.390625
0.40625 0.390625
0.390625 0.40625
0.40625 0.40625
0.421875 0.390625
0.4375 0.390625
0.421875 0.40625
0.4375 0.40625
0.390625 0.421875
0.40625 0.421875
0.390625 0.4375
0.40625 0.4375
0.421875 0.421875
0.4375 0.421875
0.421875 0.4375
0.4375 0.4375
0.453125 0.390625
0.46875 0.390625
0.453125 0.40625
0.46875 0.40625
0.484375 0.390625
0.5 0.390625
0.484375 0.40625
0.5 0.40625
0.453125 0.421875
0.46875 0.421875
0.453125 0.4375
0.46875 0.4375
0.484375 0.421875
0.5 0.421875
0.484375 0.4375
0.5 0.4375
0.390625 0.453125
0.40625 0.453125
0.390625 0.46875
0.40625 0.46875
0.421875 0.453125
0.4375 0.453125
0.421875 0.46875
0.4375 0.46875
0.390625 0.484375
0.40625 0.484375
0.390625 0.5
0.40625 0.5
0.421875 0.484375
0.4375 0.484375
0.421875 0.5
0.4375 0.5
0.453125 0.453125
0.46875 0.453125
0.453125 0.46875
0.46875 0.46875
0.484375 0.453125
0.5 0.453125
0.484375 0.46875
0.5 0.46875
0.453125 0.484375
0.46875 0.484375
0.453125 0.5
0.46875 0.5
0.484375 0.484375
0.5 0.484375
0.484375 0.5
0.5 0.5
0.265625 0.515625
0.28125 0.515625
0.265625 0.53125
0.28125 0.53125
0.296875 0.515625
0.3125 0.515625
0.296875 0.53125
0.3125 0.53125
0.265625 0.546875
0.28125 0.546875
0.265625 0.5625
0.28125 0.5625
0.296875 0.546875
0.3125 0.546875
0.296875 0.5625
0.3125 0.5625
0.328125 0.515625
0.34375 0.515625
0.328125 0.53125
0.34375 0.53125
0.359375 0.515625
0.375 0.515625
0.359375 0.53125
0.375 0.53125
0.328125 0.546875
0.34375 0.546875
0.328125 0.5625
0.34375 0.5625
0.359375 0.546875
0.375 0.546875
0.359375 0.5625
0.375 0.5625
0.265625 0.578125
0.28125 0.578125
0.265625 0.59375
0.28125 0.59375
0.296875 0.578125
0.3125 0.578125
0.296875 0.59375
0.3125 0.59375
0.265625 0.609375
0.28125 0.609375
0.265625 0.625
0.28125 0.625
0.296875 0.609375
0.3125 0.609375
0.296875 0.625
0.3125 0.625
0.328125 0.578125
0.34375 0.578125
0.328125 0.59375
0.34375 0.59375
0.359375 0.578125
0.375 0.578125
0.359375 0.59375
0.375 0.59375
0.328125 0.609375
0.34375 0.609375
0.328125 0.625
0.34375 0.625
0.359375 0.609375
0.375 0.609375
0.359375 0.625
0.375 0.625
0.390625 0.515625
0.40625 0.515625
0.390625 0.53125
0.40625 0.53125
0.421875 0.515625
0.4375 0.515625
0.421875 0.53125
0.4375 0.53125
0.390625 0.546875
0.40625 0.546875
0.390625 0.5625
0.40625 0.5625
0.421875 0.546875
0.4375 0.546875
0.421875 0.5625
0.4375 0.5625
0.453125 0.515625
0.46875 0.515625
0.453125 0.53125
0.46875 0.53125
0.484375 0.515625
0.5 0.515625
0.484375 0.53125
0.5 0.53125
0.453125 0.546875
0.46875 0.546875
0.453125 0.5625
0.46875 0.5625
0.484375 0.546875
0.5 0.546875
0.484375 0.5625
0.5 0.5625
0.390625 0.578125
0.40625 0.578125
0.390625 0.59375
0.40625 0.59375
0.421875 0.578125
0.4375 0.578125
0.421875 0.59375
0.4375 0.59375
0.390625 0.609375
0.40625 0.609375
0.390625 0.625
0.40625 0.625
0.421875 0.609375
0.4375 0.609375
0.421875 0.625
0.4375 0.625
0.453125 0.578125
0.46875 0.578125
0.453125 0.59375
0.46875 0.59375
0.484375 0.578125
0.5 0.578125
0.484375 0.59375
0.5 0.59375
0.453125 0.609375
0.46875 0.609375
0.453125 0.625
0.46875 0.625
0.484375 0.609375
0.5 0.609375
0.484375 0.625
0.5 0.625
0.265625 0.640625
0.28125 0.640625
0.265625 0.65625
0.28125 0.65625
0.296875 0.640625
0.3125 0.640625
0.296875 0.65625
0.3125 0.65625
0.265625 0.671875
0.28125 0.671875
0.265625 0.6875
0.28125 0.6875
0.296875 0.671875
0.3125 0.671875
0.296875 0.6875
0.3125 0.6875
0.328125 0.640625
0.34375 0.640625
0.328125 0.65625
0.34375 0.65625
0.359375 0.640625
0.375 0.640625
0.359375 0.65625
0.375 0.65625
0.328125 0.671875
0.34375 0.671875
0.328125 0.6875
0.34375 0.6875
0.359375 0.671875
0.375 0.671875
0.359375 0.6875
0.375 0.6875
0.265625 0.703125
0.28125 0.703125
0.265625 0.71875
0.28125 0.71875
0.296875 0.703125
0.3125 0.703125
0.296875 0.71875
0.3125 0.71875
0.265625 0.734375
0.28125 0.734375
0.265625 0.75
0.28125 0.75
0.296875 0.734375
0.3125 0.734375
0.296875 0.75
0.3125 0.75
0.328125 0.703125
0.34375 0.703125
0.328125 0.71875
0.34375 0.71875
0.359375 0.703125
0.375 0.703125
0.359375 0.71875
0.375 0.71875
0.328125 0.734375
0.34375 0.734375
0.328125 0.75
0.34375 0.75
0.359375 0.734375
0.375 0.734375
0.359375 0.75
0.375 0.75
0.390625 0.640625
0.40625 0.640625
0.390625 0.65625
0.40625 0.65625
0.421875 0.640625
0.4375 0.640625
0.421875 0.65625
0.4375 0.65625
0.390625 0.671875
0.40625 0.671875
0.390625 0.6875
0.40625 0.6875
0.421875 0.671875
0.4375 0.671875
0.421875 0.6875
0.4375 0.6875
0.453125 0.640625
0.46875 0.640625
0.453125 0.65625
0.46875 0.65625
0.484375 0.640625
0.5 0.640625
0.484375 0.65625
0.5 0.65625
0.453125 0.671875
0.46875 0.671875
0.453125 0.6875
0.46875 0.6875
0.484375 0.671875
0.5 0.671875
0.484375 0.6875
0.5 0.6875
0.390625 0.703125
0.40625 0.703125
0.390625 0.71875
0.40625 0.71875
0.421875 0.703125
0.4375 0.703125
0.421875 0.71875
0.4375 0.71875
0.390625 0.734375
0.40625 0.734375
0.390625 0.75
0.40625 0.75
0.421875 0.734375
0.4375 0.734375
0.421875 0.75
0.4375 0.75
0.453125 0.703125
0.46875 0.703125
0.453125 0.71875
0.46875 0.71875
0.484375 0.703125
0.5 0.703125
0.484375 0.71875
0.5 0.71875
0.453125 0.734375
0.46875 0.734375
0.453125 0.75
0.46875 0.75
0.484375 0.734375
0.5 0.734375
0.484375 0.75
0.5 0.75
0.265625 0.765625
0.28125 0.765625
0.265625 0.78125
0.28125 0.78125
0.296875 0.765625
0.3125 0.765625
0.296875 0.78125
0.3125 0.78125
0.265625 0.796875
0.28125 0.796875
0.265625 0.8125
0.28125 0.8125
0.296875 0.796875
0.3125 0.796875
0.296875 0.8125
0.3125 0.8125
0.328125 0.765625
0.34375 0.765625
0.328125 0.78125
0.34375 0.78125
0.359375 0.765625
0.375 0.765625
0.359375 0.78125
0.375 0.78125
0.328125 0.796875
0.34375 0.796875
0.328125 0.8125
0.34375 0.8125
0.359375 0.796875
0.375 0.796875
0.359375 0.8125
0.375 0.8125
0.265625 0.828125
0.28125 0.828125
0.265625 0.84375
0.28125 0.84375
0.296875 0.828125
0.3125 0.828125
0.296875 0.84375
0.3125 0.84375
0.265625 0.859375
0.28125 0.859375
0.265625 0.875
0.28125 0.875
0.296875 0.859375
0.3125 0.859375
0.296875 0.875
0.3125 0.875
0.328125 0.828125
0.34375 0.828125
0.328125 0.84375
0.34375 0.84375
0.359375 0.828125
0.375 0.828125
0.359375 0.84375
0.375 0.84375
0.328125 0.859375
0.34375 0.859375
0.328125 0.875
0.34375 0.875
0.359375 0.859375
0.375 0.859375
0.359375 0.875
0.375 0.875
0.390625 0.765625
0.40625 0.765625
0.390625 0.78125
0.40625 0.78125
0.421875 0.765625
0.4375 0.765625
0.421875 0.78125
0.4375 0.78125
0.390625 0.796875
0.40625 0.796875
0.390625 0.8125
0.40625 0.8125
0.421875 0.796875
0.4375 0.796875
0.421875 0.8125
0.4375 0.8125
0.453125 0.765625
0.46875 0.765625
0.453125 0.78125
0.46875 0.78125
0.484375 0.765625
0.5 0.765625
0.484375 0.78125
0.5 0.78125
0.453125 0.796875
0.46875 0.796875
0.453125 0.8125
0.46875 0.8125
0.484375 0.796875
0.5 0.796875
0.484375 0.8125
0.5 0.8125
0.390625 0.828125
0.40625 0.828125
0.390625 0.84375
0.40625 0.84375
0.421875 0.828125
0.4375 0.828125
0.421875 0.84375
0.4375 0.84375
0.390625 0.859375
0.40625 0.859375
0.390625 0.875
0.40625 0.875
0.421875 0.859375
0.4375 0.859375
0.421875 0.875
0.4375 0.875
0.453125 0.828125
0.46875 0.828125
0.453125 0.84375
0.46875 0.84375
0.484375 0.828125
0.5 0.828125
0.484375 0.84375
0.5 0.84375
0.453125 0.859375
0.46875 0.859375
0.453125 0.875
0.46875 0.875
0.484375 0.859375
0.5 0.859375
0.484375 0.875
0.5 0.875
0.265625 0.890625
0.28125 0.890625
0.265625 0.90625
0.28125 0.90625
0.296875 0.890625
0.3125 0.890625
0.296875 0.90625
0.3125 0.90625
0.265625 0.921875
0.28125 0.921875
0.265625 0.9375
0.28125 0.9375
0.296875 0.921875
0.3125 0.921875
0.296875 0.9375
0.3125 0.9375
0.328125 0.890625
0.34375 0.890625
0.328125 0.90625
0.34375 0.90625
0.359375 0.890625
0.375 0.890625
0.359375 0.90625
0.375 0.90625
0.328125 0.921875
0.34375 0.921875
0.328125 0.9375
0.34375 0.9375
0.359375 0.921875
0.375 0.921875
0.359375 0.9375
0.375 0.9375
0.265625 0.953125
0.28125 0.953125
0.265625 0.96875
0.28125 0.96875
0.296875 0.953125
0.3125 0.953125
0.296875 0.96875
0.3125 0.96875
0.265625 0.984375
0.28125 0.984375
0.265625 1
0.28125 1
0.296875 0.984375
0.3125 0.984375
0.296875 1
0.3125 1
0.328125 0.953125
0.34375 0.953125
0.328125 0.96875
0.34375 0.96875
0.359375 0.953125
0.375 0.953125
0.359375 0.96875
0.375 0.96875
0.328125 0.984375
0.34375 0.984375
0.328125 1
0.34375 1
0.359375 0.984375
0.375 0.984375
0.359375 1
0.375 1
0.390625 0.890625
0.40625 0.890625
0.390625 0.90625
0.40625 0.90625
0.421875 0.890625
0.4375 0.890625
0.421875 0.90625
0.4375 0.90625
0.390625 0.921875
0.40625 0.921875
0.390625 0.9375
0.40625 0.9375
0.421875 0.921875
0.4375 0.921875
0.421875 0.9375
0.4375 0.9375
0.453125 0.890625
0.46875 0.890625
0.453125 0.90625
0.46875 0.90625
0.484375 0.890625
0.5 0.890625
0.484375 0.90625
0.5 0.90625
0.453125 0.921875
0.46875 0.921875
0.453125 0.9375
0.46875 0.9375
0.484375 0.921875
0.5 0.921875
0.484375 0.9375
0.5 0.9375
0.390625 0.953125
0.40625 0.953125
0.390625 0.96875
0.40625 0.96875
0.421875 0.953125
0.4375 0.953125
0.421875 0.96875
0.4375 0.96875
0.390625 0.984375
0.40625 0.984375
0.390625 1
0.40625 1
0.421875 0.984375
0.4375 0.984375
0.421875 1
0.4375 1
0.453125 0.953125
0.46875 0.953125
0.453125 0.96875
0.46875 0.96875
0.484375 0.953125
0.5 0.953125
0.484375 0.96875
0.5 0.96875
0.453125 0.984375
0.46875 0.984375
0.453125 1
0.46875 1
0.484375 0.984375
0.5 0.984375
0.484375 1
0.5 1
0.515625 0
0.515625 0.015625
0.53125 0
0.53125 0.015625
0.515625 0.03125
0.53125 0.03125
0.546875 0
0.546875 0.015625
0.5625 0
0.5625 0.015625
0.546875 0.03125
0.5625 0.03125
0.515625 0.046875
0.53125 0.046875
0.515625 0.0625
0.53125 0.0625
0.546875 0.046875
0.5625 0.046875
0.546875 0.0625
0.5625 0.0625
0.578125 0
0.578125 0.015625
0.59375 0
0.59375 0.015625
0.578125 0.03125
0.59375 0.03125
0.609375 0
0.609375 0.015625
0.625 0
0.625 0.015625
0.609375 0.03125
0.625 0.03125
0.578125 0.046875
0.59375 0.046875
0.578125 0.0625
0.59375 0.0625
0.609375 0.046875
0.625 0.046875
0.609375 0.0625
0.625 0.0625
0.515625 0.078125
0.53125 0.078125
0.515625 0.09375
0.53125 0.09375
0.546875 0.078125
0.5625 0.078125
0.546875 0.09375
0.5625 0.09375
0.515625 0.109375
0.53125 0.109375
0.515625 0.125
0.53125 0.125
0.546875 0.109375
0.5625 0.109375
0.546875 0.125
0.5625 0.125
0.578125 0.078125
0.59375 0.078125
0.578125 0.09375
0.59375 0.09375
0.609375 0.078125
0.625 0.078125
0.609375 0.09375
0.625 0.09375
0.578125 0.109375
0.59375 0.109375
0.578125 0.125
0.59375 0.125
0.609375 0.109375
0.625 0.109375
0.609375 0.125
0.625 0.125
0.640625 0
0.640625 0.015625
0.65625 0
0.65625 0.015625
0.640625 0.03125
0.65625 0.03125
0.671875 0
0.671875 0.015625
0.6875 0
0.6875 0.015625
0.671875 0.03125
0.6875 0.03125
0.640625 0.046875
0.65625 0.046875
0.640625 0.0625
0.65625 0.0625
0.671875 0.046875
0.6875 0.046875
0.671875 0.0625
0.6875 0.0625
0.703125 0
0.703125 0.015625
0.71875 0
0.71875 0.015625
0.703125 0.03125
0.71875 0.03125
0.734375 0
0.734375 0.015625
0.75 0
0.75 0.015625
0.734375 0.03125
0.75 0.03125
0.703125 0.046875
0.71875 0.046875
0.703125 0.0625
0.71875 0.0625
0.734375 0.046875
0.75 0.046875
0.734375 0.0625
0.75 0.0625
0.640625 0.078125
0.65625 0.078125
0.640625 0.09375
0.65625 0.09375
0.671875 0.078125
0.6875 0.078125
0.671875 0.09375
0.6875 0.09375
0.640625 0.109375
0.65625 0.109375
0.640625 0.125
0.65625 0.125
0.671875 0.109375
0.6875 0.109375
0.671875 0.125
0.6875 0.125
0.703125 0.078125
0.71875 0.078125
0.703125 0.09375
0.71875 0.09375
0.734375 0.078125
0.75 0.078125
0.734375 0.09375
0.75 0.09375
0.703125 0.109375
0.71875 0.109375
0.703125 0.125
0.71875 0.125
0.734375 0.109375
0.75 0.109375
0.734375 0.125
0.75 0.125
0.515625 0.140625
0.53125 0.140625
0.515625 0.15625
0.53125 0.15625
0.546875 0.140625
0.5625 0.140625
0.546875 0.15625
0.5625 0.15625
0.515625 0.171875
0.53125 0.171875
0.515625 0.1875
0.53125 0.1875
0.546875 0.171875
0.5625 0.171875
0.546875 0.1875
0.5625 0.1875
0.578125 0.140625
0.59375 0.140625
0.578125 0.15625
0.59375 0.15625
0.609375 0.140625
0.625 0.140625
0.609375 0.15625
0.625 0.15625
0.578125 0.171875
0.59375 0.171875
0.578125 0.1875
0.59375 0.1875
0.609375 0.171875
0.625 0.171875
0.609375 0.1875
0.625 0.1875
0.515625 0.203125
0.53125 0.203125
0.515625 0.21875
0.53125 0.21875
0.546875 0.203125
0.5625 0.203125
0.546875 0.21875
0.5625 0.21875
0.515625 0.234375
0.53125 0.234375
0.515625 0.25
0.53125 0.25
0.546875 0.234375
0.5625 0.234375
0.546875 0.25
0.5625 0.25
0.578125 0.203125
0.59375 0.203125
0.578125 0.21875
0.59375 0.21875
0.609375 0.203125
0.625 0.203125
0.609375 0.21875
0.625 0.21875
0.578125 0.234375
0.59375 0.234375
0.578125 0.25
0.59375 0.25
0.609375 0.234375
0.625 0.234375
0.609375 0.25
0.625 0.25
0.640625 0.140625
0.65625 0.140625
0.640625 0.15625
0.65625 0.15625
0.671875 0.140625
0.6875 0.140625
0.671875 0.15625
0.6875 0.15625
0.640625 0.171875
0.65625 0.171875
0.640625 0.1875
0.65625 0.1875
0.671875 0.171875
0.6875 0.171875
0.671875 0.1875
0.6875 0.1875
0.703125 0.140625
0.71875 0.140625
0.703125 0.15625
0.71875 0.15625
0.734375 0.140625
0.75 0.140625
0.734375 0.15625
0.75 0.15625
0.703125 0.171875
0.71875 0.171875
0.703125 0.1875
0.71875 0.1875
0.734375 0.171875
0.75 0.171875
0.734375 0.1875
0.75 0.1875
0.640625 0.203125
0.65625 0.203125
0.640625 0.21875
0.65625 0.21875
0.671875 0.203125
0.6875 0.203125
0.671875 0.21875
0.6875 0.21875
0.640625 0.234375
0.65625 0.234375
0.640625 0.25
0.65625 0.25
0.671875 0.234375
0.6875 0.234375
0.671875 0.25
0.6875 0.25
0.703125 0.203125
0.71875 0.203125
0.703125 0.21875
0.71875 0.21875
0.734375 0.203125
0.75 0.203125
0.734375 0.21875
0.75 0.21875
0.703125 0.234375
0.71875 0.234375
0.703125 0.25
0.71875 0.25
0.734375 0.234375
0.75 0.234375
0.734375 0.25
0.75 0.25
0.515625 0.265625
0.53125 0.265625
0.515625 0.28125
0.53125 0.28125
0.546875 0.265625
0.5625 0.265625
0.546875 0.28125
0.5625 0.28125
0.515625 0.296875
0.53125 0.296875
0.515625 0.3125
0.53125 0.3125
0.546875 0.296875
0.5625 0.296875
0.546875 0.3125
0.5625 0.3125
0.578125 0.265625
0.59375 0.265625
0.578125 0.28125
0.59375 0.28125
0.609375 0.265625
0.625 0.265625
0.609375 0.28125
0.625 0.28125
0.578125 0.296875
0.59375 0.296875
0.578125 0.3125
0.59375 0.3125
0.609375 0.296875
0.625 0.296875
0.609375 0.3125
0.625 0.3125
0.515625 0.328125
0.53125 0.328125
0.515625 0.34375
0.53125 0.34375
0.546875 0.328125
0.5625 0.328125
0.546875 0.34375
0.5625 0.34375
0.515625 0.359375
0.53125 0.359375
0.515625 0.375
0.53125 0.375
0.546875 0.359375
0.5625 0.359375
0.546875 0.375
0.5625 0.375
0.578125 0.328125
0.59375 0.328125
0.578125 0.34375
0.59375 0.34375
0.609375 0.328125
0.625 0.328125
0.609375 0.34375
0.625 0.34375
0.578125 0.359375
0.59375 0.359375
0.578125 0.375
0.59375 0.375
0.609375 0.359375
0.625 0.359375
0.609375 0.375
0.625 0.375
0.640625 0.265625
0.65625 0.265625
0.640625 0.28125
0.65625 0.28125
0.671875 0.265625
0.6875 0.265625
0.671875 0.28125
0.6875 0.28125
0.640625 0.296875
0.65625 0.296875
0.640625 0.3125
0.65625 0.3125
0.671875 0.296875
0.6875 0.296875
0.671875 0.3125
0.6875 0.3125
0.703125 0.265625
0.71875 0.265625
0.703125 0.28125
0.71875 0.28125
0.734375 0.265625
0.75 0.265625
0.734375 0.28125
0.75 0.28125
0.703125 0.296875
0.71875 0.296875
0.703125 0.3125
0.71875 0.3125
0.734375 0.296875
0.75 0.296875
0.734375 0.3125
0.75 0.3125
0.640625 0.328125
0.65625 0.328125
0.640625 0.34375
0.65625 0.34375
0.671875 0.328125
0.6875 0.328125
0.671875 0.34375
0.6875 0.34375
0.640625 0.359375
0.65625 0.359375
0.640625 0.375
0.65625 0.375
0.671875 0.359375
0.6875 0.359375
0.671875 0.375
0.6875 0.375
0.703125 0.328125
0.71875 0.328125
0.703125 0.34375
0.71875 0.34375
0.734375 0.328125
0.75 0.328125
0.734375 0.34375
0.75 0.34375
0.703125 0.359375
0.71875 0.359375
0.703125 0.375
0.71875 0.375
0.734375 0.359375
0.75 0.359375
0.734375 0.375
0.75 0.375
0.515625 0.390625
0.53125 0.390625
0.515625 0.40625
0.53125 0.40625
0.546875 0.390625
0.5625 0.390625
0.546875 0.40625
0.5625 0.40625
0.515625 0.421875
0.53125 0.421875
0.515625 0.4375
0.53125 0.4375
0.546875 0.421875
0.5625 0.421875
0.546875 0.4375
0.5625 0.4375
0.578125 0.390625
0.59375 0.390625
0.578125 0.40625
0.59375 0.40625
0.609375 0.390625
0.625 0.390625
0.609375 0.40625
0.625 0.40625
0.578125 0.421875
0.59375 0.421875
0.578125 0.4375
0.59375 0.4375
0.609375 0.421875
0.625 0.421875
0.609375 0.4375
0.625 0.4375
0.515625 0.453125
0.53125 0.453125
0.515625 0.46875
0.53125 0.46875
0.546875 0.453125
0.5625 0.453125
0.546875 0.46875
0.5625 0.46875
0.515625 0.484375
0.53125 0.484375
0.515625 0.5
0.53125 0.5
0.546875 0.484375
0.5625 0.484375
0.546875 0.5
0.5625 0.5
0.578125 0.453125
0.59375 0.453125
0.578125 0.46875
0.59375 0.46875
0.609375 0.453125
0.625 0.453125
0.609375 0.46875
0.625 0.46875
0.578125 0.484375
0.59375 0.484375
0.578125 0.5
0.59375 0.5
0.609375 0.484375
0.625 0.484375
0.609375 0.5
0.625 0.5
0.640625 0.390625
0.65625 0.390625
0.640625 0.40625
0.65625 0.40625
0.671875 0.390625
0.6875 0.390625
0.671875 0.40625
0.6875 0.40625
0.640625 0.421875
0.65625 0.421875
0.640625 0.4375
0.65625 0.4375
0.671875 0.421875
0.6875 0.421875
0.671875 0.4375
0.6875 0.4375
0.703125 0.390625
0.71875 0.390625
0.703125 0.40625
0.71875 0.40625
0.734375 0.390625
0.75 0.390625
0.734375 0.40625
0.75 0.40625
0.703125 0.421875
0.71875 0.421875
0.703125 0.4375
0.71875 0.4375
0.734375 0.421875
0.75 0.421875
0.734375 0.4375
0.75 0.4375
0.640625 0.453125
0.65625 0.453125
0.640625 0.46875
0.65625 0.46875
0.671875 0.453125
0.6875 0.453125
0.671875 0.46875
0.6875 0.46875
0.640625 0.484375
0.65625 0.484375
0.640625 0.5
0.65625 0.5
0.671875 0.484375
0.6875 0.484375
0.671875 0.5
0.6875 0.5
0.703125 0.453125
0.71875 0.453125
0.703125 0.46875
0.71875 0.46875
0.734375 0.453125
0.75 0.453125
0.734375 0.46875
0.75 0.46875
0.703125 0.484375
0.71875 0.484375
0.703125 0.5
0.71875 0.5
0.734375 0.484375
0.75 0.484375
0.734375 0.5
0.75 0.5
0.515625 0.515625
0.53125 0.515625
0.515625 0.53125
0.53125 0.53125
0.546875 0.515625
0.5625 0.515625
0.546875 0.53125
0.5625 0.53125
0.515625 0.546875
0.53125 0.546875
0.515625 0.5625
0.53125 0.5625
0.546875 0.546875
0.5625 0.546875
0.546875 0.5625
0.5625 0.5625
0.578125 0.515625
0.59375 0.515625
0.578125 0.53125
0.59375 0.53125
0.609375 0.515625
0.625 0.515625
0.609375 0.53125
0.625 0.53125
0.578125 0.546875
0.59375 0.546875
0.578125 0.5625
0.59375 0.5625
0.609375 0.546875
0.625 0.546875
0.609375 0.5625
0.625 0.5625
0.515625 0.578125
0.53125 0.578125
0.515625 0.59375
0.53125 0.59375
0.546875 0.578125
0.5625 0.578125
0.546875 0.59375
0.5625 0.59375
0.515625 0.609375
0.53125 0.609375
0.515625 0.625
0.53125 0.625
0.546875 0.609375
0.5625 0.609375
0.546875 0.625
0.5625 0.625
0.578125 0.578125
0.59375 0.578125
0.578125 0.59375
0.59375 0.59375
0.609375 0.578125
0.625 0.578125
0.609375 0.59375
0.625 0.59375
0.578125 0.609375
0.59375 0.609375
0.578125 0.625
0.59375 0.625
0.609375 0.609375
0.625 0.609375
0.609375 0.625
0.625 0.625
0.640625 0.515625
0.65625 0.515625
0.640625 0.53125
0.65625 0.53125
0.671875 0.515625
0.6875 0.515625
0.671875 0.53125
0.6875 0.53125
0.640625 0.546875
0.65625 0.546875
0.640625 0.5625
0.65625 0.5625
0.671875 0.546875
0.6875 0.546875
0.671875 0.5625
0.6875 0.5625
0.703125 0.515625
0.71875 0.515625
0.703125 0.53125
0.71875 0.53125
0.734375 0.515625
0.75 0.515625
0.734375 0.53125
0.75 0.53125
0.703125 0.546875
0.71875 0.546875
0.703125 0.5625
0.71875 0.5625
0.734375 0.546875
0.75 0.546875
0.734375 0.5625
0.75 0.5625
0.640625 0.578125
0.65625 0.578125
0.640625 0.59375
0.65625 0.59375
0.671875 0.578125
0.6875 0.578125
0.671875 0.59375
0.6875 0.59375
0.640625 0.609375
0.65625 0.609375
0.640625 0.625
0.65625 0.625
0.671875 0.609375
0.6875 0.609375
0.671875 0.625
0.6875 0.625
0.703125 0.578125
0.71875 0.578125
0.703125 0.59375
0.71875 0.59375
0.734375 0.578125
0.75 0.578125
0.734375 0.59375
0.75 0.59375
0.703125 0.609375
0.71875 0.609375
0.703125 0.625
0.71875 0.625
0.734375 0.609375
0.75 0.609375
0.734375 0.625
0.75 0.625
0.515625 0.640625
0.53125 0.640625
0.515625 0.65625
0.53125 0.65625
0.546875 0.640625
0.5625 0.640625
0.546875 0.65625
0.5625 0.65625
0.515625 0.671875
0.53125 0.671875
0.515625 0.6875
0.53125 0.6875
0.546875 0.671875
0.5625 0.671875
0.546875 0.6875
0.5625 0.6875
0.578125 0.640625
0.59375 0.640625
0.578125 0.65625
0.59375 0.65625
0.609375 0.640625
0.625 0.640625
0.609375 0.65625
0.625 0.65625
0.578125 0.671875
0.59375 0.671875
0.578125 0.6875
0.59375 0.6875
0.609375 0.671875
0.625 0.671875
0.609375 0.6875
0.625 0.6875
0.515625 0.703125
0.53125 0.703125
0.515625 0.71875
0.53125 0.71875
0.546875 0.703125
0.5625 0.703125
0.546875 0.71875
0.5625 0.71875
0.515625 0.734375
0.53125 0.734375
0.515625 0.75
0.53125 0.75
0.546875 0.734375
0.5625 0.734375
0.546875 0.75
0.5625 0.75
0.578125 0.703125
0.59375 0.703125
0.578125 0.71875
0.59375 0.71875
0.609375 0.703125
0.625 0.703125
0.609375 0.71875
0.625 0.71875
0.578125 0.734375
0.59375 0.734375
0.578125 0.75
0.59375 0.75
0.609375 0.734375
0.625 0.734375
0.609375 0.75
0.625 0.75
0.640625 0.640625
0.65625 0.640625
0.640625 0.65625
0.65625 0.65625
0.671875 0.640625
0.6875 0.640625
0.671875 0.65625
0.6875 0.65625
0.640625 0.671875
0.65625 0.671875
0.640625 0.6875
0.65625 0.6875
0.671875 0.671875
0.6875 0.671875
0.671875 0.6875
0.6875 0.6875
0.703125 0.640625
0.71875 0.640625
0.703125 0.65625
0.71875 0.65625
0.734375 0.640625
0.75 0.640625
0.734375 0.65625
0.75 0.65625
0.703125 0.671875
0.71875 0.671875
0.703125 0.6875
0.71875 0.6875
0.734375 0.671875
0.75 0.671875
0.734375 0.6875
0.75 0.6875
0.640625 0.703125
0.65625 0.703125
0.640625 0.71875
0.65625 0.71875
0.671875 0.703125
0.6875 0.703125
0.671875 0.71875
0.6875 0.71875
0.640625 0.734375
0.65625 0.734375
0.640625 0.75
0.65625 0.75
0.671875 0.734375
0.6875 0.734375
0.671875 0.75
0.6875 0.75
0.703125 0.703125
0.71875 0.703125
0.703125 0.71875
0.71875 0.71875
0.734375 0.703125
0.75 0.703125
0.734375 0.71875
0.75 0.71875
0.703125 0.734375
0.71875 0.734375
0.703125 0.75
0.71875 0.75
0.734375 0.734375
0.75 0.734375
0.734375 0.75
0.75 0.75
0.515625 0.765625
0.53125 0.765625
0.515625 0.78125
0.53125 0.78125
0.546875 0.765625
0.5625 0.765625
0.546875 0.78125
0.5625 0.78125
0.515625 0.796875
0.53125 0.796875
0.515625 0.8125
0.53125 0.8125
0.546875 0.796875
0.5625 0.796875
0.546875 0.8125
0.5625 0.8125
0.578125 0.765625
0.59375 0.765625
0.578125 0.78125
0.59375 0.78125
0.609375 0.765625
0.625 0.765625
0.609375 0.78125
0.625 0.78125
0.578125 0.796875
0.59375 0.796875
0.578125 0.8125
0.59375 0.8125
0.609375 0.796875
0.625 0.796875
0.609375 0.8125
0.625 0.8125
0.515625 0.828125
0.53125 0.828125
0.515625 0.84375
0.53125 0.84375
0.546875 0.828125
0.5625 0.828125
0.546875 0.84375
0.5625 0.84375
0.515625 0.859375
0.53125 0.859375
0.515625 0.875
0.53125 0.875
0.546875 0.859375
0.5625 0.859375
0.546875 0.875
0.5625 0.875
0.578125 0.828125
0.59375 0.828125
0.578125 0.84375
0.59375 0.84375
0.609375 0.828125
0.625 0.828125
0.609375 0.84375
0.625 0.84375
0.578125 0.859375
0.59375 0.859375
0.578125 0.875
0.59375 0.875
0.609375 0.859375
0.625 0.859375
0.609375 0.875
0.625 0.875
0.640625 0.765625
0.65625 0.765625
0.640625 0.78125
0.65625 0.78125
0.671875 0.765625
0.6875 0.765625
0.671875 0.78125
0.6875 0.78125
0.640625 0.796875
0.65625 0.796875
0.640625 0.8125
0.65625 0.8125
0.671875 0.796875
0.6875 0.796875
0.671875 0.8125
0.6875 0.8125
0.703125 0.765625
0.71875 0.765625
0.703125 0.78125
0.71875 0.78125
0.734375 0.765625
0.75 0.765625
0.734375 0.78125
0.75 0.78125
0.703125 0.796875
0.71875 0.796875
0.703125 0.8125
0.71875 0.8125
0.734375 0.796875
0.75 0.796875
0.734375 0.8125
0.75 0.8125
0.640625 0.828125
0.65625 0.828125
0.640625 0.84375
0.65625 0.84375
0.671875 0.828125
0.6875 0.828125
0.671875 0.84375
0.6875 0.84375
0.640625 0.859375
0.65625 0.859375
0.640625 0.875
0.65625 0.875
0.671875 0.859375
0.6875 0.859375
0.671875 0.875
0.6875 0.875
0.703125 0.828125
0.71875 0.828125
0.703125 0.84375
0.71875 0.84375
0.734375 0.828125
0.75 0.828125
0.734375 0.84375
0.75 0.84375
0.703125 0.859375
0.71875 0.859375
0.703125 0.875
0.71875 0.875
0.734375 0.859375
0.75 0.859375
0.734375 0.875
0.75 0.875
0.515625 0.890625
0.53125 0.890625
0.515625 0.90625
0.53125 0.90625
0.546875 0.890625
0.5625 0.890625
0.546875 0.90625
0.5625 0.90625
0.515625 0.921875
0.53125 0.921875
0.515625 0.9375
0.53125 0.9375
0.546875 0.921875
0.5625 0.921875
0.546875 0.9375
0.5625 0.9375
0.578125 0.890625
0.59375 0.890625
0.578125 0.90625
0.59375 0.90625
0.609375 0.890625
0.625 0.890625
0.609375 0.90625
0.625 0.90625
0.578125 0.921875
0.59375 0.921875
0.578125 0.9375
0.59375 0.9375
0.609375 0.921875
0.625 0.921875
0.609375 0.9375
0.625 0.9375
0.515625 0.953125
0.53125 0.953125
0.515625 0.96875
0.53125 0.96875
0.546875 0.953125
0.5625 0.953125
0.546875 0.96875
0.5625 0.96875
0.515625 0.984375
0.53125 0.984375
0.515625 1
0.53125 1
0.546875 0.984375
0.5625 0.984375
0.546875 1
0.5625 1
0.578125 0.953125
0.59375 0.953125
0.578125 0.96875
0.59375 0.96875
0.609375 0.953125
0.625 0.953125
0.609375 0.96875
0.625 0.96875
0.578125 0.984375
0.59375 0.984375
0.578125 1
0.59375 1
0.609375 0.984375
0.625 0.984375
0.609375 1
0.625 1
0.640625 0.890625
0.65625 0.890625
0.640625 0.90625
0.65625 0.90625
0.671875 0.890625
0.6875 0.890625
0.671875 0.90625
0.6875 0.90625
0.640625 0.921875
0.65625 0.921875
0.640625 0.9375
0.65625 0.9375
0.671875 0.921875
0.6875 0.921875
0.671875 0.9375
0.6875 0.9375
0.703125 0.890625
0.71875 0.890625
0.703125 0.90625
0.71875 0.90625
0.734375 0.890625
0.75 0.890625
0.734375 0.90625
0.75 0.90625
0.703125 0.921875
0.71875 0.921875
0.703125 0.9375
0.71875 0.9375
0.734375 0.921875
0.75 0.921875
0.734375 0.9375
0.75 0.9375
0.640625 0.953125
0.65625 0.953125
0.640625 0.96875
0.65625 0.96875
0.671875 0.953125
0.6875 0.953125
0.671875 0.96875
0.6875 0.96875
0.640625 0.984375
0.65625 0.984375
0.640625 1
0.65625 1
0.671875 0.984375
0.6875 0.984375
0.671875 1
0.6875 1
0.703125 0.953125
0.71875 0.953125
0.703125 0.96875
0.71875 0.96875
0.734375 0.953125
0.75 0.953125
0.734375 0.96875
0.75 0.96875
0.703125 0.984375
0.71875 0.984375
0.703125 1
0.71875 1
0.734375 0.984375
0.75 0.984375
0.734375 1
0.75 1
0.765625 0
0.765625 0.015625
0.78125 0
0.78125 0.015625
0.765625 0.03125
0.78125 0.03125
0.796875 0
0.796875 0.015625
0.8125 0
0.8125 0.015625
0.796875 0.03125
0.8125 0.03125
0.765625 0.046875
0.78125 0.046875
0.765625 0.0625
0.78125 0.0625
0.796875 0.046875
0.8125 0.046875
0.796875 0.0625
0.8125 0.0625
0.828125 0
0.828125 0.015625
0.84375 0
0.84375 0.015625
0.828125 0.03125
0.84375 0.03125
0.859375 0
0.859375 0.015625
0.875 0
0.875 0.015625
0.859375 0.03125
0.875 0.03125
0.828125 0.046875
0.84375 0.046875
0.828125 0.0625
0.84375 0.0625
0.859375 0.046875
0.875 0.046875
0.859375 0.0625
0.875 0.0625
0.765625 0.078125
0.78125 0.078125
0.765625 0.09375
0.78125 0.09375
0.796875 0.078125
0.8125 0.078125
0.796875 0.09375
0.8125 0.09375
0.765625 0.109375
0.78125 0.109375
0.765625 0.125
0.78125 0.125
0.796875 0.109375
0.8125 0.109375
0.796875 0.125
0.8125 0.125
0.828125 0.078125
0.84375 0.078125
0.828125 0.09375
0.84375 0.09375
0.859375 0.078125
0.875 0.078125
0.859375 0.09375
0.875 0.09375
0.828125 0.109375
0.84375 0.109375
0.828125 0.125
0.84375 0.125
0.859375 0.109375
0.875 0.109375
0.859375 0.125
0.875 0.125
0.890625 0
0.890625 0.015625
0.90625 0
0.90625 0.015625
0.890625 0.03125
0.90625 0.03125
0.921875 0
0.921875 0.015625
0.9375 0
0.9375 0.015625
0.921875 0.03125
0.9375 0.03125
0.890625 0.046875
0.90625 0.046875
0.890625 0.0625
0.90625 0.0625
0.921875 0.046875
0.9375 0.046875
0.921875 0.0625
0.9375 0.0625
0.953125 0
0.953125 0.015625
0.96875 0
0.96875 0.015625
0.953125 0.03125
0.96875 0.03125
0.984375 0
0.984375 0.015625
1 0
1 0.015625
0.984375 0.03125
1 0.03125
0.953125 0.046875
0.96875 0.046875
0.953125 0.0625
0.96875 0.0625
0.984375 0.046875
1 0.046875
0.984375 0.0625
1 0.0625
0.890625 0.078125
0.90625 0.078125
0.890625 0.09375
0.90625 0.09375
0.921875 0.078125
0.9375 0.078125
0.921875 0.09375
0.9375 0.09375
0.890625 0.109375
0.90625 0.109375
0.890625 0.125
0.90625 0.125
0.921875 0.109375
0.9375 0.109375
0.921875 0.125
0.9375 0.125
0.953125 0.078125
0.96875 0.078125
0.953125 0.09375
0.96875 0.09375
0.984375 0.078125
1 0.078125
0.984375 0.09375
1 0.09375
0.953125 0.109375
0.96875 0.109375
0.953125 0.125
0.96875 0.125
0.984375 0.109375
1 0.109375
0.984375 0.125
1 0.125
0.765625 0.140625
0.78125 0.140625
0.765625 0.15625
0.78125 0.15625
0.796875 0.140625
0.8125 0.140625
0.796875 0.15625
0.8125 0.15625
0.765625 0.171875
0.78125 0.171875
0.765625 0.1875
0.78125 0.1875
0.796875 0.171875
0.8125 0.171875
0.796875 0.1875
0.8125 0.1875
0.828125 0.140625
0.84375 0.140625
0.828125 0.15625
0.84375 0.15625
0.859375 0.140625
0.875 0.140625
0.859375 0.15625
0.875 0.15625
0.828125 0.171875
0.84375 0.171875
0.828125 0.1875
0.84375 0.1875
0.859375 0.171875
0.875 0.171875
0.859375 0.1875
0.875 0.1875
0.765625 0.203125
0.78125 0.203125
0.765625 0.21875
0.78125 0.21875
0.796875 0.203125
0.8125 0.203125
0.796875 0.21875
0.8125 0.21875
0.765625 0.234375
0.78125 0.234375
0.765625 0.25
0.78125 0.25
0.796875 0.234375
0.8125 0.234375
0.796875 0.25
0.8125 0.25
0.828125 0.203125
0.84375 0.203125
0.828125 0.21875
0.84375 0.21875
0.859375 0.203125
0.875 0.203125
0.859375 0.21875
0.875 0.21875
0.828125 0.234375
0.84375 0.234375
0.828125 0.25
0.84375 0.25
0.859375 0.234375
0.875 0.234375
0.859375 0.25
0.875 0.25
0.890625 0.140625
0.90625 0.140625
0.890625 0.15625
0.90625 0.15625
0.921875 0.140625
0.9375 0.140625
0.921875 0.15625
0.9375 0.15625
0.890625 0.171875
0.90625 0.171875
0.890625 0.1875
0.90625 0.1875
0.921875 0.171875
0.9375 0.171875
0.921875 0.1875
0.9375 0.1875
0.953125 0.140625
0.96875 0.140625
0.953125 0.15625
0.96875 0.15625
0.984375 0.140625
1 0.140625
0.984375 0.15625
1 0.15625
0.953125 0.171875
0.96875 0.171875
0.953125 0.1875
0.96875 0.1875
0.984375 0.171875
1 0.171875
0.984375 0.1875
1 0.1875
0.890625 0.203125
0.90625 0.203125
0.890625 0.21875
0.90625 0.21875
0.921875 0.203125
0.9375 0.203125
0.921875 0.21875
0.9375 0.21875
0.890625 0.234375
0.90625 0.234375
0.890625 0.25
0.90625 0.25
0.921875 0.234375
0.9375 0.234375
0.921875 0.25
0.9375 0.25
0.953125 0.203125
0.96875 0.203125
0.953125 0.21875
0.96875 0.21875
0.984375 0.203125
1 0.203125
0.984375 0.21875
1 0.21875
0.953125 0.234375
0.96875 0.234375
0.953125 0.25
0.96875 0.25
0.984375 0.234375
1 0.234375
0.984375 0.25
1 0.25
0.765625 0.265625
0.78125 0.265625
0.765625 0.28125
0.78125 0.28125
0.796875 0.265625
0.8125 0.265625
0.796875 0.28125
0.8125 0.28125
0.765625 0.296875
0.78125 0.296875
0.765625 0.3125
0.78125 0.3125
0.796875 0.296875
0.8125 0.296875
0.796875 0.3125
0.8125 0.3125
0.828125 0.265625
0.84375 0.265625
0.828125 0.28125
0.84375 0.28125
0.859375 0.265625
0.875 0.265625
0.859375 0.28125
0.875 0.28125
0.828125 0.296875
0.84375 0.296875
0.828125 0.3125
0.84375 0.3125
0.859375 0.296875
0.875 0.296875
0.859375 0.3125
0.875 0.3125
0.765625 0.328125
0.78125 0.328125
0.765625 0.34375
0.78125 0.34375
0.796875 0.328125
0.8125 0.328125
0.796875 0.34375
0.8125 0.34375
0.765625 0.359375
0.78125 0.359375
0.765625 0.375
0.78125 0.375
0.796875 0.359375
0.8125 0.359375
0.796875 0.375
0.8125 0.375
0.828125 0.328125
0.84375 0.328125
0.828125 0.34375
0.84375 0.34375
0.859375 0.328125
0.875 0.328125
0.859375 0.34375
0.875 0.34375
0.828125 0.359375
0.84375 0.359375
0.828125 0.375
0.84375 0.375
0.859375 0.359375
0.875 0.359375
0.859375 0.375
0.875 0.375
0.890625 0.265625
0.90625 0.265625
0.890625 0.28125
0.90625 0.28125
0.921875 0.265625
0.9375 0.265625
0.921875 0.28125
0.9375 0.28125
0.890625 0.296875
0.90625 0.296875
0.890625 0.3125
0.90625 0.3125
0.921875 0.296875
0.9375 0.296875
0.921875 0.3125
0.9375 0.3125
0.953125 0.265625
0.96875 0.265625
0.953125 0.28125
0.96875 0.28125
0.984375 0.265625
1 0.265625
0.984375 0.28125
1 0.28125
0.953125 0.296875
0.96875 0.296875
0.953125 0.3125
0.96875 0.3125
0.984375 0.296875
1 0.296875
0.984375 0.3125
1 0.3125
0.890625 0.328125
0.90625 0.328125
0.890625 0.34375
0.90625 0.34375
0.921875 0.328125
0.9375 0.328125
0.921875 0.34375
0.9375 0.34375
0.890625 0.359375
0.90625 0.359375
0.890625 0.375
0.90625 0.375
0.921875 0.359375
0.9375 0.359375
0.921875 0.375
0.9375 0.375
0.953125 0.328125
0.96875 0.328125
0.953125 0.34375
0.96875 0.34375
0.984375 0.328125
1 0.328125
0.984375 0.34375
1 0.34375
0.953125 0.359375
0.96875 0.359375
0.953125 0.375
0.96875 0.375
0.984375 0.359375
1 0.359375
0.984375 0.375
1 0.375
0.765625 0.390625
0.78125 0.390625
0.765625 0.40625
0.78125 0.40625
0.796875 0.390625
0.8125 0.390625
0.796875 0.40625
0.8125 0.40625
0.765625 0.421875
0.78125 0.421875
0.765625 0.4375
0.78125 0.4375
0.796875 0.421875
0.8125 0.421875
0.796875 0.4375
0.8125 0.4375
0.828125 0.390625
0.84375 0.390625
0.828125 0.40625
0.84375 0.40625
0.859375 0.390625
0.875 0.390625
0.859375 0.40625
0.875 0.40625
0.828125 0.421875
0.84375 0.421875
0.828125 0.4375
0.84375 0.4375
0.859375 0.421875
0.875 0.421875
0.859375 0.4375
0.875 0.4375
0.765625 0.453125
0.78125 0.453125
0.765625 0.46875
0.78125 0.46875
0.796875 0.453125
0.8125 0.453125
0.796875 0.46875
0.8125 0.46875
0.765625 0.484375
0.78125 0.484375
0.765625 0.5
0.78125 0.5
0.796875 0.484375
0.8125 0.484375
0.796875 0.5
0.8125 0.5
0.828125 0.453125
0.84375 0.453125
0.828125 0.46875
0.84375 0.46875
0.859375 0.453125
0.875 0.453125
0.859375 0.46875
0.875 0.46875
0.828125 0.484375
0.84375 0.484375
0.828125 0.5
0.84375 0.5
0.859375 0.484375
0.875 0.484375
0.859375 0.5
0.875 0.5
0.890625 0.390625
0.90625 0.390625
0.890625 0.40625
0.90625 0.40625
0.921875 0.390625
0.9375 0.390625
0.921875 0.40625
0.9375 0.40625
0.890625 0.421875
0.90625 0.421875
0.890625 0.4375
0.90625 0.4375
0.921875 0.421875
0.9375 0.421875
0.921875 0.4375
0.9375 0.4375
0.953125 0.390625
0.96875 0.390625
0.953125 0.40625
0.96875 0.40625
0.984375 0.390625
1 0.390625
0.984375 0.40625
1 0.40625
0.953125 0.421875
0.96875 0.421875
0.953125 0.4375
0.96875 0.4375
0.984375 0.421875
1 0.421875
0.984375 0.4375
1 0.4375
0.890625 0.453125
0.90625 0.453125
0.890625 0.46875
0.90625 0.46875
0.921875 0.453125
0.9375 0.453125
0.921875 0.46875
0.9375 0.46875
0.890625 0.484375
0.90625 0.484375
0.890625 0.5
0.90625 0.5
0.921875 0.484375
0.9375 0.484375
0.921875 0.5
0.9375 0.5
0.953125 0.453125
0.96875 0.453125
0.953125 0.46875
0.96875 0.46875
0.984375 0.453125
1 0.453125
0.984375 0.46875
1 0.46875
0.953125 0.484375
0.96875 0.484375
0.953125 0.5
0.96875 0.5
0.984375 0.484375
1 0.484375
0.984375 0.5
1 0.5
0.765625 0.515625
0.78125 0.515625
0.765625 0.53125
0.78125 0.53125
0.796875 0.515625
0.8125 0.515625
0.796875 0.53125
0.8125 0.53125
0.765625 0.546875
0.78125 0.546875
0.765625 0.5625
0.78125 0.5625
0.796875 0.546875
0.8125 0.546875
0.796875 0.5625
0.8125 0.5625
0.828125 0.515625
0.84375 0.515625
0.828125 0.53125
0.84375 0.53125
0.859375 0.515625
0.875 0.515625
0.859375 0.53125
0.875 0.53125
0.828125 0.546875
0.84375 0.546875
0.828125 0.5625
0.84375 0.5625
0.859375 0.546875
0.875 0.546875
0.859375 0.5625
0.875 0.5625
0.765625 0.578125
0.78125 0.578125
0.765625 0.59375
0.78125 0.59375
0.796875 0.578125
0.8125 0.578125
0.796875 0.59375
0.8125 0.59375
0.765625 0.609375
0.78125 0.609375
0.765625 0.625
0.78125 0.625
0.796875 0.609375
0.8125 0.609375
0.796875 0.625
0.8125 0.625
0.828125 0.578125
0.84375 0.578125
0.828125 0.59375
0.84375 0.59375
0.859375 0.578125
0.875 0.578125
0.859375 0.59375
0.875 0.59375
0.828125 0.609375
0.84375 0.609375
0.828125 0.625
0.84375 0.625
0.859375 0.609375
0.875 0.609375
0.859375 0.625
0.875 0.625
0.890625 0.515625
0.90625 0.515625
0.890625 0.53125
0.90625 0.53125
0.921875 0.515625
0.9375 0.515625
0.921875 0.53125
0.9375 0.53125
0.890625 0.546875
0.90625 0.546875
0.890625 0.5625
0.90625 0.5625
0.921875 0.546875
0.9375 0.546875
0.921875 0.5625
0.9375 0.5625
0.953125 0.515625
0.96875 0.515625
0.953125 0.53125
0.96875 0.53125
0.984375 0.515625
1 0.515625
0.984375 0.53125
1 0.53125
0.953125 0.546875
0.96875 0.546875
0.953125 0.5625
0.96875 0.5625
0.984375 0.546875
1 0.546875
0.984375 0.5625
1 0.5625
0.890625 0.578125
0.90625 0.578125
0.890625 0.59375
0.90625 0.59375
0.921875 0.578125
0.9375 0.578125
0.921875 0.59375
0.9375 0.59375
0.890625 0.609375
0.90625 0.609375
0.890625 0.625
0.90625 0.625
0.921875 0.609375
0.9375 0.609375
0.921875 0.625
0.9375 0.625
0.953125 0.578125
0.96875 0.578125
0.953125 0.59375
0.96875 0.59375
0.984375 0.578125
1 0.578125
0.984375 0.59375
1 0.59375
0.953125 0.609375
0.96875 0.609375
0.953125 0.625
0.96875 0.625
0.984375 0.609375
1 0.609375
0.984375 0.625
1 0.625
0.765625 0.640625
0.78125 0.640625
0.765625 0.65625
0.78125 0.65625
0.796875 0.640625
0.8125 0.640625
0.796875 0.65625
0.8125 0.65625
0.765625 0.671875
0.78125 0.671875
0.765625 0.6875
0.78125 0.6875
0.796875 0.671875
0.8125 0.671875
0.796875 0.6875
0.8125 0.6875
0.828125 0.640625
0.84375 0.640625
0.828125 0.65625
0.84375 0.65625
0.859375 0.640625
0.875 0.640625
0.859375 0.65625
0.875 0.65625
0.828125 0.671875
0.84375 0.671875
0.828125 0.6875
0.84375 0.6875
0.859375 0.671875
0.875 0.671875
0.859375 0.6875
0.875 0.6875
0.765625 0.703125
0.78125 0.703125
0.765625 0.71875
0.78125 0.71875
0.796875 0.703125
0.8125 0.703125
0.796875 0.71875
0.8125 0.71875
0.765625 0.734375
0.78125 0.734375
0.765625 0.75
0.78125 0.75
0.796875 0.734375
0.8125 0.734375
0.796875 0.75
0.8125 0.75
0.828125 0.703125
0.84375 0.703125
0.828125 0.71875
0.84375 0.71875
0.859375 0.703125
0.875 0.703125
0.859375 0.71875
0.875 0.71875
0.828125 0.734375
0.84375 0.734375
0.828125 0.75
0.84375 0.75
0.859375 0.734375
0.875 0.734375
0.859375 0.75
0.875 0.75
0.890625 0.640625
0.90625 0.640625
0.890625 0.65625
0.90625 0.65625
0.921875 0.640625
0.9375 0.640625
0.921875 0.65625
0.9375 0.65625
0.890625 0.671875
0.90625 0.671875
0.890625 0.6875
0.90625 0.6875
0.921875 0.671875
0.9375 0.671875
0.921875 0.6875
0.9375 0.6875
0.953125 0.640625
0.96875 0.640625
0.953125 0.65625
0.96875 0.65625
0.984375 0.640625
1 0.640625
0.984375 0.65625
1 0.65625
0.953125 0.671875
0.96875 0.671875
0.953125 0.6875
0.96875 0.6875
0.984375 0.671875
1 0.671875
0.984375 0.6875
1 0.6875
0.890625 0.703125
0.90625 0.703125
0.890625 0.71875
0.90625 0.71875
0.921875 0.703125
0.9375 0.703125
0.921875 0.71875
0.9375 0.71875
0.890625 0.734375
0.90625 0.734375
0.890625 0.75
0.90625 0.75
0.921875 0.734375
0.9375 0.734375
0.921875 0.75
0.9375 0.75
0.953125 0.703125
0.96875 0.703125
0.953125 0.71875
0.96875 0.71875
0.984375 0.703125
1 0.703125
0.984375 0.71875
1 0.71875
0.953125 0.734375
0.96875 0.734375
0.953125 0.75
0.96875 0.75
0.984375 0.734375
1 0.734375
0.984375 0.75
1 0.75
0.765625 0.765625
0.78125 0.765625
0.765625 0.78125
0.78125 0.78125
0.796875 0.765625
0.8125 0.765625
0.796875 0.78125
0.8125 0.78125
0.765625 0.796875
0.78125 0.796875
0.765625 0.8125
0.78125 0.8125
0.796875 0.796875
0.8125 0.796875
0.796875 0.8125
0.8125 0.8125
0.828125 0.765625
0.84375 0.765625
0.828125 0.78125
0.84375 0.78125
0.859375 0.765625
0.875 0.765625
0.859375 0.78125
0.875 0.78125
0.828125 0.796875
0.84375 0.796875
0.828125 0.8125
0.84375 0.8125
0.859375 0.796875
0.875 0.796875
0.859375 0.8125
0.875 0.8125
0.765625 0.828125
0.78125 0.828125
0.765625 0.84375
0.78125 0.84375
0.796875 0.828125
0.8125 0.828125
0.796875 0.84375
0.8125 0.84375
0.765625 0.859375
0.78125 0.859375
0.765625 0.875
0.78125 0.875
0.796875 0.859375
0.8125 0.859375
0.796875 0.875
0.8125 0.875
0.828125 0.828125
0.84375 0.828125
0.828125 0.84375
0.84375 0.84375
0.859375 0.828125
0.875 0.828125
0.859375 0.84375
0.875 0.84375
0.828125 0.859375
0.84375 0.859375
0.828125 0.875
0.84375 0.875
0.859375 0.859375
0.875 0.859375
0.859375 0.875
0.875 0.875
0.890625 0.765625
0.90625 0.765625
0.890625 0.78125
0.90625 0.78125
0.921875 0.765625
0.9375 0.765625
0.921875 0.78125
0.9375 0.78125
0.890625 0.796875
0.90625 0.796875
0.890625 0.8125
0.90625 0.8125
0.921875 0.796875
0.9375 0.796875
0.921875 0.8125
0.9375 0.8125
0.953125 0.765625
0.96875 0.765625
0.953125 0.78125
0.96875 0.78125
0.984375 0.765625
1 0.765625
0.984375 0.78125
1 0.78125
0.953125 0.796875
0.96875 0.796875
0.953125 0.8125
0.96875 0.8125
0.984375 0.796875
1 0.796875
0.984375 0.8125
1 0.8125
0.890625 0.828125
0.90625 0.828125
0.890625 0.84375
0.90625 0.84375
0.921875 0.828125
0.9375 0.828125
0.921875 0.84375
0.9375 0.84375
0.890625 0.859375
0.90625 0.859375
0.890625 0.875
0.90625 0.875
0.921875 0.859375
0.9375 0.859375
0.921875 0.875
0.9375 0.875
0.953125 0.828125
0.96875 0.828125
0.953125 0.84375
0.96875 0.84375
0.984375 0.828125
1 0.828125
0.984375 0.84375
1 0.84375
0.953125 0.859375
0.96875 0.859375
0.953125 0.875
0.96875 0.875
0.984375 0.859375
1 0.859375
0.984375 0.875
1 0.875
0.765625 0.890625
0.78125 0.890625
0.765625 0.90625
0.78125 0.90625
0.796875 0.890625
0.8125 0.890625
0.796875 0.90625
0.8125 0.90625
0.765625 0.921875
0.78125 0.921875
0.765625 0.9375
0.78125 0.9375
0.796875 0.921875
0.8125 0.921875
0.796875 0.9375
0.8125 0.9375
0.828125 0.890625
0.84375 0.890625
0.828125 0.90625
0.84375 0.90625
0.859375 0.890625
0.875 0.890625
0.859375 0.90625
0.875 0.90625
0.828125 0.921875
0.84375 0.921875
0.828125 0.9375
0.84375 0.9375
0.859375 0.921875
0.875 0.921875
0.859375 0.9375
0.875 0.9375
0.765625 0.953125
0.78125 0.953125
0.765625 0.96875
0.78125 0.96875
0.796875 0.953125
0.8125 0.953125
0.796875 0.96875
0.8125 0.96875
0.765625 0.984375
0.78125 0.984375
0.765625 1
0.78125 1
0.796875 0.984375
0.8125 0.984375
0.796875 1
0.8125 1
0.828125 0.953125
0.84375 0.953125
0.828125 0.96875
0.84375 0.96875
0.859375 0.953125
0.875 0.953125
0.859375 0.96875
0.875 0.96875
0.828125 0.984375
0.84375 0.984375
0.828125 1
0.84375 1
0.859375 0.984375
0.875 0.984375
0.859375 1
0.875 1
0.890625 0.890625
0.90625 0.890625
0.890625 0.90625
0.90625 0.90625
0.921875 0.890625
0.9375 0.890625
0.921875 0.90625
0.9375 0.90625
0.890625 0.921875
0.90625 0.921875
0.890625 0.9375
0.90625 0.9375
0.921875 0.921875
0.9375 0.921875
0.921875 0.9375
0.9375 0.9375
0.953125 0.890625
0.96875 0.890625
0.953125 0.90625
0.96875 0.90625
0.984375 0.890625
1 0.890625
0.984375 0.90625
1 0.90625
0.953125 0.921875
0.96875 0.921875
0.953125 0.9375
0.96875 0.9375
0.984375 0.921875
1 0.921875
0.984375 0.9375
1 0.9375
0.890625 0.953125
0.90625 0.953125
0.890625 0.96875
0.90625 0.96875
0.921875 0.953125
0.9375 0.953125
0.921875 0.96875
0.9375 0.96875
0.890625 0.984375
0.90625 0.984375
0.890625 1
0.90625 1
0.921875 0.984375
0.9375 0.984375
0.921875 1
0.9375 1
0.953125 0.953125
0.96875 0.953125
0.953125 0.96875
0.96875 0.96875
0.984375 0.953125
1 0.953125
0.984375 0.96875
1 0.96875
0.953125 0.984375
0.96875 0.984375
0.953125 1
0.96875 1
0.984375 0.984375
1 0.984375
0.984375 1
1 1
4 1 2 3 4
4 2 5 6 3
4 4 3 7 8
4 3 6 9 7
4 5 10 11 6
4 10 12 13 11
4 6 11 14 9
4 11 13 15 14
4 8 7 16 17
4 7 9 18 16
4 17 16 19 20
4 16 18 21 19
4 9 14 22 18
4 14 15 23 22
4 18 22 24 21
4 22 23 25 24
5 12 26 27 15 13
4 26 28 29 27
5 15 27 30 25 23
4 27 29 31 30
5 20 19 21 32 33
5 21 24 25 34 32
4 33 32 35 36
4 32 34 37 35
4 25 30 38 34
4 30 31 39 38
4 34 38 40 37
4 38 39 41 40
5 28 42 43 31 29
4 42 44 45 43
5 31 43 46 41 39
4 43 45 47 46
5 36 35 37 48 49
5 37 40 41 50 48
4 49 48 51 52
4 48 50 53 51
4 41 46 54 50
4 46 47 55 54
4 50 54 56 53
4 54 55 57 56
5 44 58 59 47 45
4 58 60 61 59
5 47 59 62 57 55
4 59 61 63 62
5 52 51 53 64 65
5 53 56 57 66 64
4 65 64 67 68
4 64 66 69 67
4 57 62 70 66
4 62 63 71 70
4 66 70 72 69
4 70 71 73 72
5 60 74 75 63 61
4 74 76 77 75
5 63 75 78 73 71
4 75 77 79 78
5 68 67 69 80 81
5 69 72 73 82 80
4 81 80 83 84
4 80 82 85 83
4 73 78 86 82
4 78 79 87 86
4 82 86 88 85
4 86 87 89 88
5 76 90 91 79 77
4 90 92 93 91
5 79 91 94 89 87
4 91 93 95 94
5 84 83 85 96 97
5 85 88 89 98 96
4 97 96 99 100
4 96 98 101 99
4 89 94 102 98
4 94 95 103 102
4 98 102 104 101
4 102 103 105 104
5 92 106 107 95 93
4 106 108 109 107
5 95 107 110 105 103
4 107 109 111 110
5 100 99 101 112 113
5 101 104 105 114 112
4 113 112 115 116
4 112 114 117 115
4 105 110 118 114
4 110 111 119 118
4 114 118 120 117
4 118 119 121 120
4 108 122 123 109
4 122 124 125 123
4 109 123 126 111
4 123 125 127 126
4 124 128 129 125
4 128 130 131 129
4 125 129 132 127
4 129 131 133 132
4 111 126 134 119
4 126 127 135 134
4 119 134 136 121
4 134 135 137 136
4 127 132 138 135
4 132 133 139 138
4 135 138 140 137
4 138 139 141 140
4 116 115 142 143
4 115 117 144 142
4 143 142 145 146
4 142 144 147 145
4 117 120 148 144
4 120 121 149 148
4 144 148 150 147
4 148 149 151 150
4 146 145 152 153
4 145 147 154 152
4 153 152 155 156
4 152 154 157 155
4 147 150 158 154
4 150 151 159 158
4 154 158 160 157
4 158 159 161 160
4 121 136 162 149
4 136 137 163 162
4 149 162 164 151
4 162 163 165 164
4 137 140 166 163
4 140 141 167 166
4 163 166 168 165
4 166 167 169 168
4 151 164 170 159
4 164 165 171 170
4 159 170 172 161
4 170 171 173 172
4 165 168 174 171
4 168 169 175 174
4 171 174 176 173
4 174 175 177 176
4 130 178 179 131
4 178 180 181 179
4 131 179 182 133
4 179 181 183 182
4 180 184 185 181
4 184 186 187 185
4 181 185 188 183
4 185 187 189 188
4 133 182 190 139
4 182 183 191 190
4 139 190 192 141
4 190 191 193 192
4 183 188 194 191
4 188 189 195 194
4 191 194 196 193
4 194 195 197 196
4 186 198 199 187
4 198 200 201 199
4 187 199 202 189
4 199 201 203 202
4 200 204 205 201
4 204 206 207 205
4 201 205 208 203
4 205 207 209 208
4 189 202 210 195
4 202 203 211 210
4 195 210 212 197
4 210 211 213 212
4 203 208 214 211
4 208 209 215 214
4 211 214 216 213
4 214 215 217 216
4 141 192 218 167
4 192 193 219 218
4 167 218 220 169
4 218 219 221 220
4 193 196 222 219
4 196 197 223 222
4 219 222 224 221
4 222 223 225 224
4 169 220 226 175
4 220 221 227 226
4 175 226 228 177
4 226 227 229 228
4 221 224 230 227
4 224 225 231 230
4 227 230 232 229
4 230 231 233 232
4 197 212 234 223
4 212 213 235 234
4 223 234 236 225
4 234 235 237 236
4 213 216 238 235
4 216 217 239 238
4 235 238 240 237
4 238 239 241 240
4 225 236 242 231
4 236 237 243 242
4 231 242 244 233
4 242 243 245 244
4 237 240 246 243
4 240 241 247 246
4 243 246 248 245
4 246 247 249 248
4 156 155 250 251
4 155 157 252 250
4 251 250 253 254
4 250 252 255 253
4 157 160 256 252
4 160 161 257 256
4 252 256 258 255
4 256 257 259 258
4 254 253 260 261
4 253 255 262 260
4 261 260 263 264
4 260 262 265 263
4 255 258 266 262
4 258 259 267 266
4 262 266 268 265
4 266 267 269 268
4 161 172 270 257
4 172 173 271 270
4 257 270 272 259
4 270 271 273 272
4 173 176 274 271
4 176 177 275 274
4 271 274 276 273
4 274 275 277 276
4 259 272 278 267
4 272 273 279 278
4 267 278 280 269
4 278 279 281 280
4 273 276 282 279
4 276 277 283 282
4 279 282 284 281
4 282 283 285 284
4 264 263 286 287
4 263 265 288 286
4 287 286 289 290
4 286 288 291 289
4 265 268 292 288
4 268 269 293 292
4 288 292 294 291
4 292 293 295 294
4 290 289 296 297
4 289 291 298 296
4 297 296 299 300
4 296 298 301 299
4 291 294 302 298
4 294 295 303 302
4 298 302 304 301
4 302 303 305 304
4 269 280 306 293
4 280 281 307 306
4 293 306 308 295
4 306 307 309 308
4 281 284 310 307
4 284 285 311 310
4 307 310 312 309
4 310 311 313 312
4 295 308 314 303
4 308 309 315 314
4 303 314 316 305
4 314 315 317 316
4 309 312 318 315
4 312 313 319 318
4 315 318 320 317
4 318 319 321 320
4 177 228 322 275
4 228 229 323 322
4 275 322 324 277
4 322 323 325 324
4 229 232 326 323
4 232 233 327 326
4 323 326 328 325
4 326 327 329 328
4 277 324 330 283
4 324 325 331 330
4 283 330 332 285
4 330 331 333 332
4 325 328 334 331
4 328 329 335 334
4 331 334 336 333
4 334 335 337 336
4 233 244 338 327
4 244 245 339 338
4 327 338 340 329
4 338 339 341 340
4 245 248 342 339
4 248 249 343 342
4 339 342 344 341
4 342 343 345 344
4 329 340 346 335
4 340 341 347 346
4 335 346 348 337
4 346 347 349 348
4 341 344 350 347
4 344 345 351 350
4 347 350 352 349
4 350 351 353 352
4 285 332 354 311
4 332 333 355 354
4 311 354 356 313
4 354 355 357 356
4 333 336 358 355
4 336 337 359 358
4 355 358 360 357
4 358 359 361 360
4 313 356 362 319
4 356 357 363 362
4 319 362 364 321
4 362 363 365 364
4 357 360 366 363
4 360 361 367 366
4 363 366 368 365
4 366 367 369 368
4 337 348 370 359
4 348 349 371 370
4 359 370 372 361
4 370 371 373 372
4 349 352 374 371
4 352 353 375 374
4 371 374 376 373
4 374 375 377 376
4 361 372 378 367
4 372 373 379 378
4 367 378 380 369
4 378 379 381 380
4 373 376 382 379
4 376 377 383 382
4 379 382 384 381
4 382 383 385 384
4 300 299 386 387
4 299 301 388 386
4 387 386 389 390
4 386 388 391 389
4 301 304 392 388
4 304 305 393 392
4 388 392 394 391
4 392 393 395 394
4 390 389 396 397
4 389 391 398 396
4 397 396 399 400
4 396 398 401 399
4 391 394 402 398
4 394 395 403 402
4 398 402 404 401
4 402 403 405 404
4 305 316 406 393
4 316 317 407 406
4 393 406 408 395
4 406 407 409 408
4 317 320 410 407
4 320 321 411 410
4 407 410 412 409
4 410 411 413 412
4 395 408 414 403
4 408 409 415 414
4 403 414 416 405
4 414 415 417 416
4 409 412 418 415
4 412 413 419 418
4 415 418 420 417
4 418 419 421 420
4 400 399 422 423
4 399 401 424 422
4 423 422 425 426
4 422 424 427 425
4 401 404 428 424
4 404 405 429 428
4 424 428 430 427
4 428 429 431 430
4 426 425 432 433
4 425 427 434 432
4 433 432 435 436
4 432 434 437 435
4 427 430 438 434
4 430 431 439 438
4 434 438 440 437
4 438 439 441 440
4 405 416 442 429
4 416 417 443 442
4 429 442 444 431
4 442 443 445 444
4 417 420 446 443
4 420 421 447 446
4 443 446 448 445
4 446 447 449 448
4 431 444 450 439
4 444 445 451 450
4 439 450 452 441
4 450 451 453 452
4 445 448 454 451
4 448 449 455 454
4 451 454 456 453
4 454 455 457 456
4 321 364 458 411
4 364 365 459 458
4 411 458 460 413
4 458 459 461 460
4 365 368 462 459
4 368 369 463 462
4 459 462 464 461
4 462 463 465 464
4 413 460 466 419
4 460 461 467 466
4 419 466 468 421
4 466 467 469 468
4 461 464 470 467
4 464 465 471 470
4 467 470 472 469
4 470 471 473 472
4 369 380 474 463
4 380 381 475 474
4 463 474 476 465
4 474 475 477 476
4 381 384 478 475
4 384 385 479 478
4 475 478 480 477
4 478 479 481 480
4 465 476 482 471
4 476 477 483 482
4 471 482 484 473
4 482 483 485 484
4 477 480 486 483
4 480 481 487 486
4 483 486 488 485
4 486 487 489 488
4 421 468 490 447
4 468 469 491 490
4 447 490 492 449
4 490 491 493 492
4 469 472 494 491
4 472 473 495 494
4 491 494 496 493
4 494 495 497 496
4 449 492 498 455
4 492 493 499 498
4 455 498 500 457
4 498 499 501 500
4 493 496 502 499
4 496 497 503 502
4 499 502 504 501
4 502 503 505 504
4 473 484 506 495
4 484 485 507 506
4 495 506 508 497
4 506 507 509 508
4 485 488 510 507
4 488 489 511 510
4 507 510 512 509
4 510 511 513 512
4 497 508 514 503
4 508 509 515 514
4 503 514 516 505
4 514 515 517 516
4 509 512 518 515
4 512 513 519 518
4 515 518 520 517
4 518 519 521 520
4 436 435 522 523
4 435 437 524 522
4 523 522 525 526
4 522 524 527 525
4 437 440 528 524
4 440 441 529 528
4 524 528 530 527
4 528 529 531 530
4 526 525 532 533
4 525 527 534 532
4 533 532 535 536
4 532 534 537 535
4 527 530 538 534
4 530 531 539 538
4 534 538 540 537
4 538 539 541 540
4 441 452 542 529
4 452 453 543 542
4 529 542 544 531
4 542 543 545 544
4 453 456 546 543
4 456 457 547 546
4 543 546 548 545
4 546 547 549 548
4 531 544 550 539
4 544 545 551 550
4 539 550 552 541
4 550 551 553 552
4 545 548 554 551
4 548 549 555 554
4 551 554 556 553
4 554 555 557 556
4 536 535 558 559
4 535 537 560 558
4 559 558 561 562
4 558 560 563 561
4 537 540 564 560
4 540 541 565 564
4 560 564 566 563
4 564 565 567 566
4 562 561 568 569
4 561 563 570 568
4 569 568 571 572
4 568 570 573 571
4 563 566 574 570
4 566 567 575 574
4 570 574 576 573
4 574 575 577 576
4 541 552 578 565
4 552 553 579 578
4 565 578 580 567
4 578 579 581 580
4 553 556 582 579
4 556 557 583 582
4 579 582 584 581
4 582 583 585 584
4 567 580 586 575
4 580 581 587 586
4 575 586 588 577
4 586 587 589 588
4 581 584 590 587
4 584 585 591 590
4 587 590 592 589
4 590 591 593 592
4 457 500 594 547
4 500 501 595 594
4 547 594 596 549
4 594 595 597 596
4 501 504 598 595
4 504 505 599 598
4 595 598 600 597
4 598 599 601 600
4 549 596 602 555
4 596 597 603 602
4 555 602 604 557
4 602 603 605 604
4 597 600 606 603
4 600 601 607 606
4 603 606 608 605
4 606 607 609 608
4 505 516 610 599
4 516 517 611 610
4 599 610 612 601
4 610 611 613 612
4 517 520 614 611
4 520 521 615 614
4 611 614 616 613
4 614 615 617 616
4 601 612 618 607
4 612 613 619 618
4 607 618 620 609
4 618 619 621 620
4 613 616 622 619
4 616 617 623 622
4 619 622 624 621
4 622 623 625 624
4 557 604 626 583
4 604 605 627 626
4 583 626 628 585
4 626 627 629 628
4 605 608 630 627
4 608 609 631 630
4 627 630 632 629
4 630 631 633 632
4 585 628 634 591
4 628 629 635 634
4 591 634 636 593
4 634 635 637 636
4 629 632 638 635
4 632 633 639 638
4 635 638 640 637
4 638 639 641 640
4 609 620 642 631
4 620 621 643 642
4 631 642 644 633
4 642 643 645 644
4 621 624 646 643
4 624 625 647 646
4 643 646 648 645
4 646 647 649 648
4 633 644 650 639
4 644 645 651 650
4 639 650 652 641
4 650 651 653 652
4 645 648 654 651
4 648 649 655 654
4 651 654 656 653
4 654 655 657 656
4 572 571 658 659
4 571 573 660 658
4 659 658 661 662
4 658 660 663 661
4 573 576 664 660
4 576 577 665 664
4 660 664 666 663
4 664 665 667 666
4 662 661 668 669
4 661 663 670 668
4 669 668 671 672
4 668 670 673 671
4 663 666 674 670
4 666 667 675 674
4 670 674 676 673
4 674 675 677 676
4 577 588 678 665
4 588 589 679 678
4 665 678 680 667
4 678 679 681 680
4 589 592 682 679
4 592 593 683 682
4 679 682 684 681
4 682 683 685 684
4 667 680 686 675
4 680 681 687 686
4 675 686 688 677
4 686 687 689 688
4 681 684 690 687
4 684 685 691 690
4 687 690 692 689
4 690 691 693 692
4 672 671 694 695
4 671 673 696 694
4 695 694 697 698
4 694 696 699 697
4 673 676 700 696
4 676 677 701 700
4 696 700 702 699
4 700 701 703 702
4 698 697 704 705
4 697 699 706 704
4 705 704 707 708
4 704 706 709 707
4 699 702 710 706
4 702 703 711 710
4 706 710 712 709
4 710 711 713 712
4 677 688 714 701
4 688 689 715 714
4 701 714 716 703
4 714 715 717 716
4 689 692 718 715
4 692 693 719 718
4 715 718 720 717
4 718 719 721 720
4 703 716 722 711
4 716 717 723 722
4 711 722 724 713
4 722 723 725 724
4 717 720 726 723
4 720 721 727 726
4 723 726 728 725
4 726 727 729 728
4 593 636 730 683
4 636 637 731 730
4 683 730 732 685
4 730 731 733 732
4 637 640 734 731
4 640 641 735 734
4 731 734 736 733
4 734 735 737 736
4 685 732 738 691
4 732 733 739 738
4 691 738 740 693
4 738 739 741 740
4 733 736 742 739
4 736 737 743 742
4 739 742 744 741
4 742 743 745 744
4 641 652 746 735
4 652 653 747 746
4 735 746 748 737
4 746 747 749 748
4 653 656 750 747
4 656 657 751 750
4 747 750 752 749
4 750 751 753 752
4 737 748 754 743
4 748 749 755 754
4 743 754 756 745
4 754 755 757 756
4 749 752 758 755
4 752 753 759 758
4 755 758 760 757
4 758 759 761 760
4 693 740 762 719
4 740 741 763 762
4 719 762 764 721
4 762 763 765 764
4 741 744 766 763
4 744 745 767 766
4 763 766 768 765
4 766 767 769 768
4 721 764 770 727
4 764 765 771 770
4 727 770 772 729
4 770 771 773 772
4 765 768 774 771
4 768 769 775 774
4 771 774 776 773
4 774 775 777 776
4 745 756 778 767
4 756 757 779 778
4 767 778 780 769
4 778 779 781 780
4 757 760 782 779
4 760 761 783 782
4 779 782 784 781
4 782 783 785 784
4 769 780 786 775
4 780 781 787 786
4 775 786 788 777
4 786 787 789 788
4 781 784 790 787
4 784 785 791 790
4 787 790 792 789
4 790 791 793 792
4 708 707 794 795
4 707 709 796 794
4 795 794 797 798
4 794 796 799 797
4 709 712 800 796
4 712 713 801 800
4 796 800 802 799
4 800 801 803 802
4 798 797 804 805
4 797 799 806 804
4 805 804 807 808
4 804 806 809 807
4 799 802 810 806
4 802 803 811 810
4 806 810 812 809
4 810 811 813 812
4 713 724 814 801
4 724 725 815 814
4 801 814 816 803
4 814 815 817 816
4 725 728 818 815
4 728 729 819 818
4 815 818 820 817
4 818 819 821 820
4 803 816 822 811
4 816 817 823 822
4 811 822 824 813
4 822 823 825 824
4 817 820 826 823
4 820 821 827 826
4 823 826 828 825
4 826 827 829 828
4 808 807 830 831
4 807 809 832 830
4 831 830 833 834
4 830 832 835 833
4 809 812 836 832
4 812 813 837 836
4 832 836 838 835
4 836 837 839 838
4 834 833 840 841
4 833 835 842 840
4 841 840 843 844
4 840 842 845 843
4 835 838 846 842
4 838 839 847 846
4 842 846 848 845
4 846 847 849 848
4 813 824 850 837
4 824 825 851 850
4 837 850 852 839
4 850 851 853 852
4 825 828 854 851
4 828 829 855 854
4 851 854 856 853
4 854 855 857 856
4 839 852 858 847
4 852 853 859 858
4 847 858 860 849
4 858 859 861 860
4 853 856 862 859
4 856 857 863 862
4 859 862 864 861
4 862 863 865 864
4 729 772 866 819
4 772 773 867 866
4 819 866 868 821
4 866 867 869 868
4 773 776 870 867
4 776 777 871 870
4 867 870 872 869
4 870 871 873 872
4 821 868 874 827
4 868 869 875 874
4 827 874 876 829
4 874 875 877 876
4 869 872 878 875
4 872 873 879 878
4 875 878 880 877
4 878 879 881 880
4 777 788 882 871
4 788 789 883 882
4 871 882 884 873
4 882 883 885 884
4 789 792 886 883
4 792 793 887 886
4 883 886 888 885
4 886 887 889 888
4 873 884 890 879
4 884 885 891 890
4 879 890 892 881
4 890 891 893 892
4 885 888 894 891
4 888 889 895 894
4 891 894 896 893
4 894 895 897 896
4 829 876 898 855
4 876 877 899 898
4 855 898 900 857
4 898 899 901 900
4 877 880 902 899
4 880 881 903 902
4 899 902 904 901
4 902 903 905 904
4 857 900 906 863
4 900 901 907 906
4 863 906 908 865
4 906 907 909 908
4 901 904 910 907
4 904 905 911 910
4 907 910 912 909
4 910 911 913 912
4 881 892 914 903
4 892 893 915 914
4 903 914 916 905
4 914 915 917 916
4 893 896 918 915
4 896 897 919 918
4 915 918 920 917
4 918 919 921 920
4 905 916 922 911
4 916 917 923 922
4 911 922 924 913
4 922 923 925 924
4 917 920 926 923
4 920 921 927 926
4 923 926 928 925
4 926 927 929 928
4 844 843 930 931
4 843 845 932 930
4 931 930 933 934
4 930 932 935 933
4 845 848 936 932
4 848 849 937 936
4 932 936 938 935
4 936 937 939 938
4 934 933 940 941
4 933 935 942 940
4 941 940 943 944
4 940 942 945 943
4 935 938 946 942
4 938 939 947 946
4 942 946 948 945
4 946 947 949 948
4 849 860 950 937
4 860 861 951 950
4 937 950 952 939
4 950 951 953 952
4 861 864 954 951
4 864 865 955 954
4 951 954 956 953
4 954 955 957 956
4 939 952 958 947
4 952 953 959 958
4 947 958 960 949
4 958 959 961 960
4 953 956 962 959
4 956 957 963 962
4 959 962 964 961
4 962 963 965 964
4 944 943 966 967
4 943 945 968 966
4 967 966 969 970
4 966 968 971 969
4 945 948 972 968
4 948 949 973 972
4 968 972 974 971
4 972 973 975 974
4 970 969 976 977
4 969 971 978 976
4 977 976 979 980
4 976 978 981 979
4 971 974 982 978
4 974 975 983 982
4 978 982 984 981
4 982 983 985 984
4 949 960 986 973
4 960 961 987 986
4 973 986 988 975
4 986 987 989 988
4 961 964 990 987
4 964 965 991 990
4 987 990 992 989
4 990 991 993 992
4 975 988 994 983
4 988 989 995 994
4 983 994 996 985
4 994 995 997 996
4 989 992 998 995
4 992 993 999 998
4 995 998 1000 997
4 998 999 1001 1000
4 865 908 1002 955
4 908 909 1003 1002
4 955 1002 1004 957
4 1002 1003 1005 1004
4 909 912 1006 1003
4 912 913 1007 1006
4 1003 1006 1008 1005
4 1006 1007 1009 1008
4 957 1004 1010 963
4 1004 1005 1011 1010
4 963 1010 1012 965
4 1010 1011 1013 1012
4 1005 1008 1014 1011
4 1008 1009 1015 1014
4 1011 1014 1016 1013
4 1014 1015 1017 1016
4 913 924 1018 1007
4 924 925 1019 1018
4 1007 1018 1020 1009
4 1018 1019 1021 1020
4 925 928 1022 1019
4 928 929 1023 1022
4 1019 1022 1024 1021
4 1022 1023 1025 1024
4 1009 1020 1026 1015
4 1020 1021 1027 1026
4 1015 1026 1028 1017
4 1026 1027 1029 1028
4 1021 1024 1030 1027
4 1024 1025 1031 1030
4 1027 1030 1032 1029
4 1030 1031 1033 1032
4 965 1012 1034 991
4 1012 1013 1035 1034
4 991 1034 1036 993
4 1034 1035 1037 1036
4 1013 1016 1038 1035
4 1016 1017 1039 1038
4 1035 1038 1040 1037
4 1038 1039 1041 1040
4 993 1036 1042 999
4 1036 1037 1043 1042
4 999 1042 1044 1001
4 1042 1043 1045 1044
4 1037 1040 1046 1043
4 1040 1041 1047 1046
4 1043 1046 1048 1045
4 1046 1047 1049 1048
4 1017 1028 1050 1039
4 1028 1029 1051 1050
4 1039 1050 1052 1041
4 1050 1051 1053 1052
4 1029 1032 1054 1051
4 1032 1033 1055 1054
4 1051 1054 1056 1053
4 1054 1055 1057 1056
4 1041 1052 1058 1047
4 1052 1053 1059 1058
4 1047 1058 1060 1049
4 1058 1059 1061 1060
4 1053 1056 1062 1059
4 1056 1057 1063 1062
4 1059 1062 1064 1061
4 1062 1063 1065 1064
4 980 979 1066 1067
4 979 981 1068 1066
4 1067 1066 1069 1070
4 1066 1068 1071 1069
4 981 984 1072 1068
4 984 985 1073 1072
4 1068 1072 1074 1071
4 1072 1073 1075 1074
4 1070 1069 1076 1077
4 1069 1071 1078 1076
4 1077 1076 1079 1080
4 1076 1078 1081 1079
4 1071 1074 1082 1078
4 1074 1075 1083 1082
4 1078 1082 1084 1081
4 1082 1083 1085 1084
4 985 996 1086 1073
4 996 997 1087 1086
4 1073 1086 1088 1075
4 1086 1087 1089 1088
4 997 1000 1090 1087
4 1000 1001 1091 1090
4 1087 1090 1092 1089
4 1090 1091 1093 1092
4 1075 1088 1094 1083
4 1088 1089 1095 1094
4 1083 1094 1096 1085
4 1094 1095 1097 1096
4 1089 1092 1098 1095
4 1092 1093 1099 1098
4 1095 1098 1100 1097
4 1098 1099 1101 1100
4 1080 1079 1102 1103
4 1079 1081 1104 1102
4 1103 1102 1105 1106
4 1102 1104 1107 1105
4 1081 1084 1108 1104
4 1084 1085 1109 1108
4 1104 1108 1110 1107
4 1108 1109 1111 1110
4 1106 1105 1112 1113
4 1105 1107 1114 1112
4 1113 1112 1115 1116
4 1112 1114 1117 1115
4 1107 1110 1118 1114
4 1110 1111 1119 1118
4 1114 1118 1120 1117
4 1118 1119 1121 1120
4 1085 1096 1122 1109
4 1096 1097 1123 1122
4 1109 1122 1124 1111
4 1122 1123 1125 1124
4 1097 1100 1126 1123
4 1100 1101 1127 1126
4 1123 1126 1128 1125
4 1126 1127 1129 1128
4 1111 1124 1130 1119
4 1124 1125 1131 1130
4 1119 1130 1132 1121
4 1130 1131 1133 1132
4 1125 1128 1134 1131
4 1128 1129 1135 1134
4 1131 1134 1136 1133
4 1134 1135 1137 1136
4 1001 1044 1138 1091
4 1044 1045 1139 1138
4 1091 1138 1140 1093
4 1138 1139 1141 1140
4 1045 1048 1142 1139
4 1048 1049 1143 1142
4 1139 1142 1144 1141
4 1142 1143 1145 1144
4 1093 1140 1146 1099
4 1140 1141 1147 1146
4 1099 1146 1148 1101
4 1146 1147 1149 1148
4 1141 1144 1150 1147
4 1144 1145 1151 1150
4 1147 1150 1152 1149
4 1150 1151 1153 1152
4 1049 1060 1154 1143
4 1060 1061 1155 1154
4 1143 1154 1156 1145
4 1154 1155 1157 1156
4 1061 1064 1158 1155
4 1064 1065 1159 1158
4 1155 1158 1160 1157
4 1158 1159 1161 1160
4 1145 1156 1162 1151
4 1156 1157 1163 1162
4 1151 1162 1164 1153
4 1162 1163 1165 1164
4 1157 1160 1166 1163
4 1160 1161 1167 1166
4 1163 1166 1168 1165
4 1166 1167 1169 1168
4 1101 1148 1170 1127
4 1148 1149 1171 1170
4 1127 1170 1172 1129
4 1170 1171 1173 1172
4 1149 1152 1174 1171
4 1152 1153 1175 1174
4 1171 1174 1176 1173
4 1174 1175 1177 1176
4 1129 1172 1178 1135
4 1172 1173 1179 1178
4 1135 1178 1180 1137
4 1178 1179 1181 1180
4 1173 1176 1182 1179
4 1176 1177 1183 1182
4 1179 1182 1184 1181
4 1182 1183 1185 1184
4 1153 1164 1186 1175
4 1164 1165 1187 1186
4 1175 1186 1188 1177
4 1186 1187 1189 1188
4 1165 1168 1190 1187
4 1168 1169 1191 1190
4 1187 1190 1192 1189
4 1190 1191 1193 1192
4 1177 1188 1194 1183
4 1188 1189 1195 1194
4 1183 1194 1196 1185
4 1194 1195 1197 1196
4 1189 1192 1198 1195
4 1192 1193 1199 1198
4 1195 1198 1200 1197
4 1198 1199 1201 1200
4 206 1202 1203 207
4 1202 1204 1205 1203
4 207 1203 1206 209
4 1203 1205 1207 1206
4 1204 1208 1209 1205
4 1208 1210 1211 1209
4 1205 1209 1212 1207
4 1209 1211 1213 1212
4 209 1206 1214 215
4 1206 1207 1215 1214
4 215 1214 1216 217
4 1214 1215 1217 1216
4 1207 1212 1218 1215
4 1212 1213 1219 1218
4 1215 1218 1220 1217
4 1218 1219 1221 1220
4 1210 1222 1223 1211
4 1222 1224 1225 1223
4 1211 1223 1226 1213
4 1223 1225 1227 1226
4 1224 1228 1229 1225
4 1228 1230 1231 1229
4 1225 1229 1232 1227
4 1229 1231 1233 1232
4 1213 1226 1234 1219
4 1226 1227 1235 1234
4 1219 1234 1236 1221
4 1234 1235 1237 1236
4 1227 1232 1238 1235
4 1232 1233 1239 1238
4 1235 1238 1240 1237
4 1238 1239 1241 1240
4 217 1216 1242 239
4 1216 1217 1243 1242
4 239 1242 1244 241
4 1242 1243 1245 1244
4 1217 1220 1246 1243
4 1220 1221 1247 1246
4 1243 1246 1248 1245
4 1246 1247 1249 1248
4 241 1244 1250 247
4 1244 1245 1251 1250
4 247 1250 1252 249
4 1250 1251 1253 1252
4 1245 1248 1254 1251
4 1248 1249 1255 1254
4 1251 1254 1256 1253
4 1254 1255 1257 1256
4 1221 1236 1258 1247
4 1236 1237 1259 1258
4 1247 1258 1260 1249
4 1258 1259 1261 1260
4 1237 1240 1262 1259
4 1240 1241 1263 1262
4 1259 1262 1264 1261
4 1262 1263 1265 1264
4 1249 1260 1266 1255
4 1260 1261 1267 1266
4 1255 1266 1268 1257
4 1266 1267 1269 1268
4 1261 1264 1270 1267
4 1264 1265 1271 1270
4 1267 1270 1272 1269
4 1270 1271 1273 1272
4 1230 1274 1275 1231
4 1274 1276 1277 1275
4 1231 1275 1278 1233
4 1275 1277 1279 1278
4 1276 1280 1281 1277
4 1280 1282 1283 1281
4 1277 1281 1284 1279
4 1281 1283 1285 1284
4 1233 1278 1286 1239
4 1278 1279 1287 1286
4 1239 1286 1288 1241
4 1286 1287 1289 1288
4 1279 1284 1290 1287
4 1284 1285 1291 1290
4 1287 1290 1292 1289
4 1290 1291 1293 1292
4 1282 1294 1295 1283
4 1294 1296 1297 1295
4 1283 1295 1298 1285
4 1295 1297 1299 1298
4 1296 1300 1301 1297
4 1300 1302 1303 1301
4 1297 1301 1304 1299
4 1301 1303 1305 1304
4 1285 1298 1306 1291
4 1298 1299 1307 1306
4 1291 1306 1308 1293
4 1306 1307 1309 1308
4 1299 1304 1310 1307
4 1304 1305 1311 1310
4 1307 1310 1312 1309
4 1310 1311 1313 1312
4 1241 1288 1314 1263
4 1288 1289 1315 1314
4 1263 1314 1316 1265
4 1314 1315 1317 1316
4 1289 1292 1318 1315
4 1292 1293 1319 1318
4 1315 1318 1320 1317
4 1318 1319 1321 1320
4 1265 1316 1322 1271
4 1316 1317 1323 1322
4 1271 1322 1324 1273
4 1322 1323 1325 1324
4 1317 1320 1326 1323
4 1320 1321 1327 1326
4 1323 1326 1328 1325
4 1326 1327 1329 1328
4 1293 1308 1330 1319
4 1308 1309 1331 1330
4 1319 1330 1332 1321
4 1330 1331 1333 1332
4 1309 1312 1334 1331
4 1312 1313 1335 1334
4 1331 1334 1336 1333
4 1334 1335 1337 1336
4 1321 1332 1338 1327
4 1332 1333 1339 1338
4 1327 1338 1340 1329
4 1338 1339 1341 1340
4 1333 1336 1342 1339
4 1336 1337 1343 1342
4 1339 1342 1344 1341
4 1342 1343 1345 1344
4 249 1252 1346 343
4 1252 1253 1347 1346
4 343 1346 1348 345
4 1346 1347 1349 1348
4 1253 1256 1350 1347
4 1256 1257 1351 1350
4 1347 1350 1352 1349
4 1350 1351 1353 1352
4 345 1348 1354 351
4 1348 1349 1355 1354
4 351 1354 1356 353
4 1354 1355 1357 1356
4 1349 1352 1358 1355
4 1352 1353 1359 1358
4 1355 1358 1360 1357
4 1358 1359 1361 1360
4 1257 1268 1362 1351
4 1268 1269 1363 1362
4 1351 1362 1364 1353
4 1362 1363 1365 1364
4 1269 1272 1366 1363
4 1272 1273 1367 1366
4 1363 1366 1368 1365
4 1366 1367 1369 1368
4 1353 1364 1370 1359
4 1364 1365 1371 1370
4 1359 1370 1372 1361
4 1370 1371 1373 1372
4 1365 1368 1374 1371
4 1368 1369 1375 1374
4 1371 1374 1376 1373
4 1374 1375 1377 1376
4 353 1356 1378 375
4 1356 1357 1379 1378
4 375 1378 1380 377
4 1378 1379 1381 1380
4 1357 1360 1382 1379
4 1360 1361 1383 1382
4 1379 1382 1384 1381
4 1382 1383 1385 1384
4 377 1380 1386 383
4 1380 1381 1387 1386
4 383 1386 1388 385
4 1386 1387 1389 1388
4 1381 1384 1390 1387
4 1384 1385 1391 1390
4 1387 1390 1392 1389
4 1390 1391 1393 1392
4 1361 1372 1394 1383
4 1372 1373 1395 1394
4 1383 1394 1396 1385
4 1394 1395 1397 1396
4 1373 1376 1398 1395
4 1376 1377 1399 1398
4 1395 1398 1400 1397
4 1398 1399 1401 1400
4 1385 1396 1402 1391
4 1396 1397 1403 1402
4 1391 1402 1404 1393
4 1402 1403 1405 1404
4 1397 1400 1406 1403
4 1400 1401 1407 1406
4 1403 1406 1408 1405
4 1406 1407 1409 1408
4 1273 1324 1410 1367
4 1324 1325 1411 1410
4 1367 1410 1412 1369
4 1410 1411 1413 1412
4 1325 1328 1414 1411
4 1328 1329 1415 1414
4 1411 1414 1416 1413
4 1414 1415 1417 1416
4 1369 1412 1418 1375
4 1412 1413 1419 1418
4 1375 1418 1420 1377
4 1418 1419 1421 1420
4 1413 1416 1422 1419
4 1416 1417 1423 1422
4 1419 1422 1424 1421
4 1422 1423 1425 1424
4 1329 1340 1426 1415
4 1340 1341 1427 1426
4 1415 1426 1428 1417
4 1426 1427 1429 1428
4 1341 1344 1430 1427
4 1344 1345 1431 1430
4 1427 1430 1432 1429
4 1430 1431 1433 1432
4 1417 1428 1434 1423
4 1428 1429 1435 1434
4 1423 1434 1436 1425
4 1434 1435 1437 1436
4 1429 1432 1438 1435
4 1432 1433 1439 1438
4 1435 1438 1440 1437
4 1438 1439 1441 1440
4 1377 1420 1442 1399
4 1420 1421 1443 1442
4 1399 1442 1444 1401
4 1442 1443 1445 1444
4 1421 1424 1446 1443
4 1424 1425 1447 1446
4 1443 1446 1448 1445
4 1446 1447 1449 1448
4 1401 1444 1450 1407
4 1444 1445 1451 1450
4 1407 1450 1452 1409
4 1450 1451 1453 1452
4 1445 1448 1454 1451
4 1448 1449 1455 1454
4 1451 1454 1456 1453
4 1454 1455 1457 1456
4 1425 1436 1458 1447
4 1436 1437 1459 1458
4 1447 1458 1460 1449
4 1458 1459 1461 1460
4 1437 1440 1462 1459
4 1440 1441 1463 1462
4 1459 1462 1464 1461
4 1462 1463 1465 1464
4 1449 1460 1466 1455
4 1460 1461 1467 1466
4 1455 1466 1468 1457
4 1466 1467 1469 1468
4 1461 1464 1470 1467
4 1464 1465 1471 1470
4 1467 1470 1472 1469
4 1470 1471 1473 1472
4 385 1388 1474 479
4 1388 1389 1475 1474
4 479 1474 1476 481
4 1474 1475 1477 1476
4 1389 1392 1478 1475
4 1392 1393 1479 1478
4 1475 1478 1480 1477
4 1478 1479 1481 1480
4 481 1476 1482 487
4 1476 1477 1483 1482
4 487 1482 1484 489
4 1482 1483 1485 1484
4 1477 1480 1486 1483
4 1480 1481 1487 1486
4 1483 1486 1488 1485
4 1486 1487 1489 1488
4 1393 1404 1490 1479
4 1404 1405 1491 1490
4 1479 1490 1492 1481
4 1490 1491 1493 1492
4 1405 1408 1494 1491
4 1408 1409 1495 1494
4 1491 1494 1496 1493
4 1494 1495 1497 1496
4 1481 1492 1498 1487
4 1492 1493 1499 1498
4 1487 1498 1500 1489
4 1498 1499 1501 1500
4 1493 1496 1502 1499
4 1496 1497 1503 1502
4 1499 1502 1504 1501
4 1502 1503 1505 1504
4 489 1484 1506 511
4 1484 1485 1507 1506
4 511 1506 1508 513
4 1506 1507 1509 1508
4 1485 1488 1510 1507
4 1488 1489 1511 1510
4 1507 1510 1512 1509
4 1510 1511 1513 1512
4 513 1508 1514 519
4 1508 1509 1515 1514
4 519 1514 1516 521
4 1514 1515 1517 1516
4 1509 1512 1518 1515
4 1512 1513 1519 1518
4 1515 1518 1520 1517
4 1518 1519 1521 1520
4 1489 1500 1522 1511
4 1500 1501 1523 1522
4 1511 1522 1524 1513
4 1522 1523 1525 1524
4 1501 1504 1526 1523
4 1504 1505 1527 1526
4 1523 1526 1528 1525
4 1526 1527 1529 1528
4 1513 1524 1530 1519
4 1524 1525 1531 1530
4 1519 1530 1532 1521
4 1530 1531 1533 1532
4 1525 1528 1534 1531
4 1528 1529 1535 1534
4 1531 1534 1536 1533
4 1534 1535 1537 1536
4 1409 1452 1538 1495
4 1452 1453 1539 1538
4 1495 1538 1540 1497
4 1538 1539 1541 1540
4 1453 1456 1542 1539
4 1456 1457 1543 1542
4 1539 1542 1544 1541
4 1542 1543 1545 1544
4 1497 1540 1546 1503
4 1540 1541 1547 1546
4 1503 1546 1548 1505
4 1546 1547 1549 1548
4 1541 1544 1550 1547
4 1544 1545 1551 1550
4 1547 1550 1552 1549
4 1550 1551 1553 1552
4 1457 1468 1554 1543
4 1468 1469 1555 1554
4 1543 1554 1556 1545
4 1554 1555 1557 1556
4 1469 1472 1558 1555
4 1472 1473 1559 1558
4 1555 1558 1560 1557
4 1558 1559 1561 1560
4 1545 1556 1562 1551
4 1556 1557 1563 1562
4 1551 1562 1564 1553
4 1562 1563 1565 1564
4 1557 1560 1566 1563
4 1560 1561 1567 1566
4 1563 1566 1568 1565
4 1566 1567 1569 1568
4 1505 1548 1570 1527
4 1548 1549 1571 1570
4 1527 1570 1572 1529
4 1570 1571 1573 1572
4 1549 1552 1574 1571
4 1552 1553 1575 1574
4 1571 1574 1576 1573
4 1574 1575 1577 1576
4 1529 1572 1578 1535
4 1572 1573 1579 1578
4 1535 1578 1580 1537
4 1578 1579 1581 1580
4 1573 1576 1582 1579
4 1576 1577 1583 1582
4 1579 1582 1584 1581
4 1582 1583 1585 1584
4 1553 1564 1586 1575
4 1564 1565 1587 1586
4 1575 1586 1588 1577
4 1586 1587 1589 1588
4 1565 1568 1590 1587
4 1568 1569 1591 1590
4 1587 1590 1592 1589
4 1590 1591 1593 1592
4 1577 1588 1594 1583
4 1588 1589 1595 1594
4 1583 1594 1596 1585
4 1594 1595 1597 1596
4 1589 1592 1598 1595
4 1592 1593 1599 1598
4 1595 1598 1600 1597
4 1598 1599 1601 1600
4 521 1516 1602 615
4 1516 1517 1603 1602
4 615 1602 1604 617
4 1602 1603 1605 1604
4 1517 1520 1606 1603
4 1520 1521 1607 1606
4 1603 1606 1608 1605
4 1606 1607 1609 1608
4 617 1604 1610 623
4 1604 1605 1611 1610
4 623 1610 1612 625
4 1610 1611 1613 1612
4 1605 1608 1614 1611
4 1608 1609 1615 1614
4 1611 1614 1616 1613
4 1614 1615 1617 1616
4 1521 1532 1618 1607
4 1532 1533 1619 1618
4 1607 1618 1620 1609
4 1618 1619 1621 1620
4 1533 1536 1622 1619
4 1536 1537 1623 1622
4 1619 1622 1624 1621
4 1622 1623 1625 1624
4 1609 1620 1626 1615
4 1620 1621 1627 1626
4 1615 1626 1628 1617
4 1626 1627 1629 1628
4 1621 1624 1630 1627
4 1624 1625 1631 1630
4 1627 1630 1632 1629
4 1630 1631 1633 1632
4 625 1612 1634 647
4 1612 1613 1635 1634
4 647 1634 1636 649
4 1634 1635 1637 1636
4 1613 1616 1638 1635
4 1616 1617 1639 1638
4 1635 1638 1640 1637
4 1638 1639 1641 1640
4 649 1636 1642 655
4 1636 1637 1643 1642
4 655 1642 1644 657
4 1642 1643 1645 1644
4 1637 1640 1646 1643
4 1640 1641 1647 1646
4 1643 1646 1648 1645
4 1646 1647 1649 1648
4 1617 1628 1650 1639
4 1628 1629 1651 1650
4 1639 1650 1652 1641
4 1650 1651 1653 1652
4 1629 1632 1654 1651
4 1632 1633 1655 1654
4 1651 1654 1656 1653
4 1654 1655 1657 1656
4 1641 1652 1658 1647
4 1652 1653 1659 1658
4 1647 1658 1660 1649
4 1658 1659 1661 1660
4 1653 1656 1662 1659
4 1656 1657 1663 1662
4 1659 1662 1664 1661
4 1662 1663 1665 1664
4 1537 1580 1666 1623
4 1580 1581 1667 1666
4 1623 1666 1668 1625
4 1666 1667 1669 1668
4 1581 1584 1670 1667
4 1584 1585 1671 1670
4 1667 1670 1672 1669
4 1670 1671 1673 1672
4 1625 1668 1674 1631
4 1668 1669 1675 1674
4 1631 1674 1676 1633
4 1674 1675 1677 1676
4 1669 1672 1678 1675
4 1672 1673 1679 1678
4 1675 1678 1680 1677
4 1678 1679 1681 1680
4 1585 1596 1682 1671
4 1596 1597 1683 1682
4 1671 1682 1684 1673
4 1682 1683 1685 1684
4 1597 1600 1686 1683
4 1600 1601 1687 1686
4 1683 1686 1688 1685
4 1686 1687 1689 1688
4 1673 1684 1690 1679
4 1684 1685 1691 1690
4 1679 1690 1692 1681
4 1690 1691 1693 1692
4 1685 1688 1694 1691
4 1688 1689 1695 1694
4 1691 1694 1696 1693
4 1694 1695 1697 1696
4 1633 1676 1698 1655
4 1676 1677 1699 1698
4 1655 1698 1700 1657
4 1698 1699 1701 1700
4 1677 1680 1702 1699
4 1680 1681 1703 1702
4 1699 1702 1704 1701
4 1702 1703 1705 1704
4 1657 1700 1706 1663
4 1700 1701 1707 1706
4 1663 1706 1708 1665
4 1706 1707 1709 1708
4 1701 1704 1710 1707
4 1704 1705 1711 1710
4 1707 1710 1712 1709
4 1710 1711 1713 1712
4 1681 1692 1714 1703
4 1692 1693 1715 1714
4 1703 1714 1716 1705
4 1714 1715 1717 1716
4 1693 1696 1718 1715
4 1696 1697 1719 1718
4 1715 1718 1720 1717
4 1718 1719 1721 1720
4 1705 1716 1722 1711
4 1716 1717 1723 1722
4 1711 1722 1724 1713
4 1722 1723 1725 1724
4 1717 1720 1726 1723
4 1720 1721 1727 1726
4 1723 1726 1728 1725
4 1726 1727 1729 1728
4 657 1644 1730 751
4 1644 1645 1731 1730
4 751 1730 1732 753
4 1730 1731 1733 1732
4 1645 1648 1734 1731
4 1648 1649 1735 1734
4 1731 1734 1736 1733
4 1734 1735 1737 1736
4 753 1732 1738 759
4 1732 1733 1739 1738
4 759 1738 1740 761
4 1738 1739 1741 1740
4 1733 1736 1742 1739
4 1736 1737 1743 1742
4 1739 1742 1744 1741
4 1742 1743 1745 1744
4 1649 1660 1746 1735
4 1660 1661 1747 1746
4 1735 1746 1748 1737
4 1746 1747 1749 1748
4 1661 1664 1750 1747
4 1664 1665 1751 1750
4 1747 1750 1752 1749
4 1750 1751 1753 1752
4 1737 1748 1754 1743
4 1748 1749 1755 1754
4 1743 1754 1756 1745
4 1754 1755 1757 1756
4 1749 1752 1758 1755
4 1752 1753 1759 1758
4 1755 1758 1760 1757
4 1758 1759 1761 1760
4 761 1740 1762 783
4 1740 1741 1763 1762
4 783 1762 1764 785
4 1762 1763 1765 1764
4 1741 1744 1766 1763
4 1744 1745 1767 1766
4 1763 1766 1768 1765
4 1766 1767 1769 1768
4 785 1764 1770 791
4 1764 1765 1771 1770
4 791 1770 1772 793
4 1770 1771 1773 1772
4 1765 1768 1774 1771
4 1768 1769 1775 1774
4 1771 1774 1776 1773
4 1774 1775 1777 1776
4 1745 1756 1778 1767
4 1756 1757 1779 1778
4 1767 1778 1780 1769
4 1778 1779 1781 1780
4 1757 1760 1782 1779
4 1760 1761 1783 1782
4 1779 1782 1784 1781
4 1782 1783 1785 1784
4 1769 1780 1786 1775
4 1780 1781 1787 1786
4 1775 1786 1788 1777
4 1786 1787 1789 1788
4 1781 1784 1790 1787
4 1784 1785 1791 1790
4 1787 1790 1792 1789
4 1790 1791 1793 1792
4 1665 1708 1794 1751
4 1708 1709 1795 1794
4 1751 1794 1796 1753
4 1794 1795 1797 1796
4 1709 1712 1798 1795
4 1712 1713 1799 1798
4 1795 1798 1800 1797
4 1798 1799 1801 1800
4 1753 1796 1802 1759
4 1796 1797 1803 1802
4 1759 1802 1804 1761
4 1802 1803 1805 1804
4 1797 1800 1806 1803
4 1800 1801 1807 1806
4 1803 1806 1808 1805
4 1806 1807 1809 1808
4 1713 1724 1810 1799
4 1724 1725 1811 1810
4 1799 1810 1812 1801
4 1810 1811 1813 1812
4 1725 1728 1814 1811
4 1728 1729 1815 1814
4 1811 1814 1816 1813
4 1814 1815 1817 1816
4 1801 1812 1818 1807
4 1812 1813 1819 1818
4 1807 1818 1820 1809
4 1818 1819 1821 1820
4 1813 1816 1822 1819
4 1816 1817 1823 1822
4 1819 1822 1824 1821
4 1822 1823 1825 1824
4 1761 1804 1826 1783
4 1804 1805 1827 1826
4 1783 1826 1828 1785
4 1826 1827 1829 1828
4 1805 1808 1830 1827
4 1808 1809 1831 1830
4 1827 1830 1832 1829
4 1830 1831 1833 1832
4 1785 1828 1834 1791
4 1828 1829 1835 1834
4 1791 1834 1836 1793
4 1834 1835 1837 1836
4 1829 1832 1838 1835
4 1832 1833 1839 1838
4 1835 1838 1840 1837
4 1838 1839 1841 1840
4 1809 1820 1842 1831
4 1820 1821 1843 1842
4 1831 1842 1844 1833
4 1842 1843 1845 1844
4 1821 1824 1846 1843
4 1824 1825 1847 1846
4 1843 1846 1848 1845
4 1846 1847 1849 1848
4 1833 1844 1850 1839
4 1844 1845 1851 1850
4 1839 1850 1852 1841
4 1850 1851 1853 1852
4 1845 1848 1854 1851
4 1848 1849 1855 1854
4 1851 1854 1856 1853
4 1854 1855 1857 1856
4 793 1772 1858 887
4 1772 1773 1859 1858
4 887 1858 1860 889
4 1858 1859 1861 1860
4 1773 1776 1862 1859
4 1776 1777 1863 1862
4 1859 1862 1864 1861
4 1862 1863 1865 1864
4 889 1860 1866 895
4 1860 1861 1867 1866
4 895 1866 1868 897
4 1866 1867 1869 1868
4 1861 1864 1870 1867
4 1864 1865 1871 1870
4 1867 1870 1872 1869
4 1870 1871 1873 1872
4 1777 1788 1874 1863
4 1788 1789 1875 1874
4 1863 1874 1876 1865
4 1874 1875 1877 1876
4 1789 1792 1878 1875
4 1792 1793 1879 1878
4 1875 1878 1880 1877
4 1878 1879 1881 1880
4 1865 1876 1882 1871
4 1876 1877 1883 1882
4 1871 1882 1884 1873
4 1882 1883 1885 1884
4 1877 1880 1886 1883
4 1880 1881 1887 1886
4 1883 1886 1888 1885
4 1886 1887 1889 1888
4 897 1868 1890 919
4 1868 1869 1891 1890
4 919 1890 1892 921
4 1890 1891 1893 1892
4 1869 1872 1894 1891
4 1872 1873 1895 1894
4 1891 1894 1896 1893
4 1894 1895 1897 1896
4 921 1892 1898 927
4 1892 1893 1899 1898
4 927 1898 1900 929
4 1898 1899 1901 1900
4 1893 1896 1902 1899
4 1896 1897 1903 1902
4 1899 1902 1904 1901
4 1902 1903 1905 1904
4 1873 1884 1906 1895
4 1884 1885 1907 1906
4 1895 1906 1908 1897
4 1906 1907 1909 1908
4 1885 1888 1910 1907
4 1888 1889 1911 1910
4 1907 1910 1912 1909
4 1910 1911 1913 1912
4 1897 1908 1914 1903
4 1908 1909 1915 1914
4 1903 1914 1916 1905
4 1914 1915 1917 1916
4 1909 1912 1918 1915
4 1912 1913 1919 1918
4 1915 1918 1920 1917
4 1918 1919 1921 1920
4 1793 1836 1922 1879
4 1836 1837 1923 1922
4 1879 1922 1924 1881
4 1922 1923 1925 1924
4 1837 1840 1926 1923
4 1840 1841 1927 1926
4 1923 1926 1928 1925
4 1926 1927 1929 1928
4 1881 1924 1930 1887
4 1924 1925 1931 1930
4 1887 1930 1932 1889
4 1930 1931 1933 1932
4 1925 1928 1934 1931
4 1928 1929 1935 1934
4 1931 1934 1936 1933
4 1934 1935 1937 1936
4 1841 1852 1938 1927
4 1852 1853 1939 1938
4 1927 1938 1940 1929
4 1938 1939 1941 1940
4 1853 1856 1942 1939
4 1856 1857 1943 1942
4 1939 1942 1944 1941
4 1942 1943 1945 1944
4 1929 1940 1946 1935
4 1940 1941 1947 1946
4 1935 1946 1948 1937
4 1946 1947 1949 1948
4 1941 1944 1950 1947
4 1944 1945 1951 1950
4 1947 1950 1952 1949
4 1950 1951 1953 1952
4 1889 1932 1954 1911
4 1932 1933 1955 1954
4 1911 1954 1956 1913
4 1954 1955 1957 1956
4 1933 1936 1958 1955
4 1936 1937 1959 1958
4 1955 1958 1960 1957
4 1958 1959 1961 1960
4 1913 1956 1962 1919
4 1956 1957 1963 1962
4 1919 1962 1964 1921
4 1962 1963 1965 1964
4 1957 1960 1966 1963
4 1960 1961 1967 1966
4 1963 1966 1968 1965
4 1966 1967 1969 1968
4 1937 1948 1970 1959
4 1948 1949 1971 1970
4 1959 1970 1972 1961
4 1970 1971 1973 1972
4 1949 1952 1974 1971
4 1952 1953 1975 1974
4 1971 1974 1976 1973
4 1974 1975 1977 1976
4 1961 1972 1978 1967
4 1972 1973 1979 1978
4 1967 1978 1980 1969
4 1978 1979 1981 1980
4 1973 1976 1982 1979
4 1976 1977 1983 1982
4 1979 1982 1984 1981
4 1982 1983 1985 1984
4 929 1900 1986 1023
4 1900 1901 1987 1986
4 1023 1986 1988 1025
4 1986 1987 1989 1988
4 1901 1904 1990 1987
4 1904 1905 1991 1990
4 1987 1990 1992 1989
4 1990 1991 1993 1992
4 1025 1988 1994 1031
4 1988 1989 1995 1994
4 1031 1994 1996 1033
4 1994 1995 1997 1996
4 1989 1992 1998 1995
4 1992 1993 1999 1998
4 1995 1998 2000 1997
4 1998 1999 2001 2000
4 1905 1916 2002 1991
4 1916 1917 2003 2002
4 1991 2002 2004 1993
4 2002 2003 2005 2004
4 1917 1920 2006 2003
4 1920 1921 2007 2006
4 2003 2006 2008 2005
4 2006 2007 2009 2008
4 1993 2004 2010 1999
4 2004 2005 2011 2010
4 1999 2010 2012 2001
4 2010 2011 2013 2012
4 2005 2008 2014 2011
4 2008 2009 2015 2014
4 2011 2014 2016 2013
4 2014 2015 2017 2016
4 1033 1996 2018 1055
4 1996 1997 2019 2018
4 1055 2018 2020 1057
4 2018 2019 2021 2020
4 1997 2000 2022 2019
4 2000 2001 2023 2022
4 2019 2022 2024 2021
4 2022 2023 2025 2024
4 1057 2020 2026 1063
4 2020 2021 2027 2026
4 1063 2026 2028 1065
4 2026 2027 2029 2028
4 2021 2024 2030 2027
4 2024 2025 2031 2030
4 2027 2030 2032 2029
4 2030 2031 2033 2032
4 2001 2012 2034 2023
4 2012 2013 2035 2034
4 2023 2034 2036 2025
4 2034 2035 2037 2036
4 2013 2016 2038 2035
4 2016 2017 2039 2038
4 2035 2038 2040 2037
4 2038 2039 2041 2040
4 2025 2036 2042 2031
4 2036 2037 2043 2042
4 2031 2042 2044 2033
4 2042 2043 2045 2044
4 2037 2040 2046 2043
4 2040 2041 2047 2046
4 2043 2046 2048 2045
4 2046 2047 2049 2048
4 1921 1964 2050 2007
4 1964 1965 2051 2050
4 2007 2050 2052 2009
4 2050 2051 2053 2052
4 1965 1968 2054 2051
4 1968 1969 2055 2054
4 2051 2054 2056 2053
4 2054 2055 2057 2056
4 2009 2052 2058 2015
4 2052 2053 2059 2058
4 2015 2058 2060 2017
4 2058 2059 2061 2060
4 2053 2056 2062 2059
4 2056 2057 2063 2062
4 2059 2062 2064 2061
4 2062 2063 2065 2064
4 1969 1980 2066 2055
4 1980 1981 2067 2066
4 2055 2066 2068 2057
4 2066 2067 2069 2068
4 1981 1984 2070 2067
4 1984 1985 2071 2070
4 2067 2070 2072 2069
4 2070 2071 2073 2072
4 2057 2068 2074 2063
4 2068 2069 2075 2074
4 2063 2074 2076 2065
4 2074 2075 2077 2076
4 2069 2072 2078 2075
4 2072 2073 2079 2078
4 2075 2078 2080 2077
4 2078 2079 2081 2080
4 2017 2060 2082 2039
4 2060 2061 2083 2082
4 2039 2082 2084 2041
4 2082 2083 2085 2084
4 2061 2064 2086 2083
4 2064 2065 2087 2086
4 2083 2086 2088 2085
4 2086 2087 2089 2088
4 2041 2084 2090 2047
4 2084 2085 2091 2090
4 2047 2090 2092 2049
4 2090 2091 2093 2092
4 2085 2088 2094 2091
4 2088 2089 2095 2094
4 2091 2094 2096 2093
4 2094 2095 2097 2096
4 2065 2076 2098 2087
4 2076 2077 2099 2098
4 2087 2098 2100 2089
4 2098 2099 2101 2100
4 2077 2080 2102 2099
4 2080 2081 2103 2102
4 2099 2102 2104 2101
4 2102 2103 2105 2104
4 2089 2100 2106 2095
4 2100 2101 2107 2106
4 2095 2106 2108 2097
4 2106 2107 2109 2108
4 2101 2104 2110 2107
4 2104 2105 2111 2110
4 2107 2110 2112 2109
4 2110 2111 2113 2112
4 1065 2028 2114 1159
4 2028 2029 2115 2114
4 1159 2114 2116 1161
4 2114 2115 2117 2116
4 2029 2032 2118 2115
4 2032 2033 2119 2118
4 2115 2118 2120 2117
4 2118 2119 2121 2120
4 1161 2116 2122 1167
4 2116 2117 2123 2122
4 1167 2122 2124 1169
4 2122 2123 2125 2124
4 2117 2120 2126 2123
4 2120 2121 2127 2126
4 2123 2126 2128 2125
4 2126 2127 2129 2128
4 2033 2044 2130 2119
4 2044 2045 2131 2130
4 2119 2130 2132 2121
4 2130 2131 2133 2132
4 2045 2048 2134 2131
4 2048 2049 2135 2134
4 2131 2134 2136 2133
4 2134 2135 2137 2136
4 2121 2132 2138 2127
4 2132 2133 2139 2138
4 2127 2138 2140 2129
4 2138 2139 2141 2140
4 2133 2136 2142 2139
4 2136 2137 2143 2142
4 2139 2142 2144 2141
4 2142 2143 2145 2144
4 1169 2124 2146 1191
4 2124 2125 2147 2146
4 1191 2146 2148 1193
4 2146 2147 2149 2148
4 2125 2128 2150 2147
4 2128 2129 2151 2150
4 2147 2150 2152 2149
4 2150 2151 2153 2152
4 1193 2148 2154 1199
4 2148 2149 2155 2154
4 1199 2154 2156 1201
4 2154 2155 2157 2156
4 2149 2152 2158 2155
4 2152 2153 2159 2158
4 2155 2158 2160 2157
4 2158 2159 2161 2160
4 2129 2140 2162 2151
4 2140 2141 2163 2162
4 2151 2162 2164 2153
4 2162 2163 2165 2164
4 2141 2144 2166 2163
4 2144 2145 2167 2166
4 2163 2166 2168 2165
4 2166 2167 2169 2168
4 2153 2164 2170 2159
4 2164 2165 2171 2170
4 2159 2170 2172 2161
4 2170 2171 2173 2172
4 2165 2168 2174 2171
4 2168 2169 2175 2174
4 2171 2174 2176 2173
4 2174 2175 2177 2176
4 2049 2092 2178 2135
4 2092 2093 2179 2178
4 2135 2178 2180 2137
4 2178 2179 2181 2180
4 2093 2096 2182 2179
4 2096 2097 2183 2182
4 2179 2182 2184 2181
4 2182 2183 2185 2184
4 2137 2180 2186 2143
4 2180 2181 2187 2186
4 2143 2186 2188 2145
4 2186 2187 2189 2188
4 2181 2184 2190 2187
4 2184 2185 2191 2190
4 2187 2190 2192 2189
4 2190 2191 2193 2192
4 2097 2108 2194 2183
4 2108 2109 2195 2194
4 2183 2194 2196 2185
4 2194 2195 2197 2196
4 2109 2112 2198 2195
4 2112 2113 2199 2198
4 2195 2198 2200 2197
4 2198 2199 2201 2200
4 2185 2196 2202 2191
4 2196 2197 2203 2202
4 2191 2202 2204 2193
4 2202 2203 2205 2204
4 2197 2200 2206 2203
4 2200 2201 2207 2206
4 2203 2206 2208 2205
4 2206 2207 2209 2208
4 2145 2188 2210 2167
4 2188 2189 2211 2210
4 2167 2210 2212 2169
4 2210 2211 2213 2212
4 2189 2192 2214 2211
4 2192 2193 2215 2214
4 2211 2214 2216 2213
4 2214 2215 2217 2216
4 2169 2212 2218 2175
4 2212 2213 2219 2218
4 2175 2218 2220 2177
4 2218 2219 2221 2220
4 2213 2216 2222 2219
4 2216 2217 2223 2222
4 2219 2222 2224 2221
4 2222 2223 2225 2224
4 2193 2204 2226 2215
4 2204 2205 2227 2226
4 2215 2226 2228 2217
4 2226 2227 2229 2228
4 2205 2208 2230 2227
4 2208 2209 2231 2230
4 2227 2230 2232 2229
4 2230 2231 2233 2232
4 2217 2228 2234 2223
4 2228 2229 2235 2234
4 2223 2234 2236 2225
4 2234 2235 2237 2236
4 2229 2232 2238 2235
4 2232 2233 2239 2238
4 2235 2238 2240 2237
4 2238 2239 2241 2240
4 1302 2242 2243 1303
4 2242 2244 2245 2243
4 1303 2243 2246 1305
4 2243 2245 2247 2246
4 2244 2248 2249 2245
4 2248 2250 2251 2249
4 2245 2249 2252 2247
4 2249 2251 2253 2252
4 1305 2246 2254 1311
4 2246 2247 2255 2254
4 1311 2254 2256 1313
4 2254 2255 2257 2256
4 2247 2252 2258 2255
4 2252 2253 2259 2258
4 2255 2258 2260 2257
4 2258 2259 2261 2260
4 2250 2262 2263 2251
4 2262 2264 2265 2263
4 2251 2263 2266 2253
4 2263 2265 2267 2266
4 2264 2268 2269 2265
4 2268 2270 2271 2269
4 2265 2269 2272 2267
4 2269 2271 2273 2272
4 2253 2266 2274 2259
4 2266 2267 2275 2274
4 2259 2274 2276 2261
4 2274 2275 2277 2276
4 2267 2272 2278 2275
4 2272 2273 2279 2278
4 2275 2278 2280 2277
4 2278 2279 2281 2280
4 1313 2256 2282 1335
4 2256 2257 2283 2282
4 1335 2282 2284 1337
4 2282 2283 2285 2284
4 2257 2260 2286 2283
4 2260 2261 2287 2286
4 2283 2286 2288 2285
4 2286 2287 2289 2288
4 1337 2284 2290 1343
4 2284 2285 2291 2290
4 1343 2290 2292 1345
4 2290 2291 2293 2292
4 2285 2288 2294 2291
4 2288 2289 2295 2294
4 2291 2294 2296 2293
4 2294 2295 2297 2296
4 2261 2276 2298 2287
4 2276 2277 2299 2298
4 2287 2298 2300 2289
4 2298 2299 2301 2300
4 2277 2280 2302 2299
4 2280 2281 2303 2302
4 2299 2302 2304 2301
4 2302 2303 2305 2304
4 2289 2300 2306 2295
4 2300 2301 2307 2306
4 2295 2306 2308 2297
4 2306 2307 2309 2308
4 2301 2304 2310 2307
4 2304 2305 2311 2310
4 2307 2310 2312 2309
4 2310 2311 2313 2312
4 2270 2314 2315 2271
4 2314 2316 2317 2315
4 2271 2315 2318 2273
4 2315 2317 2319 2318
4 2316 2320 2321 2317
4 2320 2322 2323 2321
4 2317 2321 2324 2319
4 2321 2323 2325 2324
4 2273 2318 2326 2279
4 2318 2319 2327 2326
4 2279 2326 2328 2281
4 2326 2327 2329 2328
4 2319 2324 2330 2327
4 2324 2325 2331 2330
4 2327 2330 2332 2329
4 2330 2331 2333 2332
4 2322 2334 2335 2323
4 2334 2336 2337 2335
4 2323 2335 2338 2325
4 2335 2337 2339 2338
4 2336 2340 2341 2337
4 2340 2342 2343 2341
4 2337 2341 2344 2339
4 2341 2343 2345 2344
4 2325 2338 2346 2331
4 2338 2339 2347 2346
4 2331 2346 2348 2333
4 2346 2347 2349 2348
4 2339 2344 2350 2347
4 2344 2345 2351 2350
4 2347 2350 2352 2349
4 2350 2351 2353 2352
4 2281 2328 2354 2303
4 2328 2329 2355 2354
4 2303 2354 2356 2305
4 2354 2355 2357 2356
4 2329 2332 2358 2355
4 2332 2333 2359 2358
4 2355 2358 2360 2357
4 2358 2359 2361 2360
4 2305 2356 2362 2311
4 2356 2357 2363 2362
4 2311 2362 2364 2313
4 2362 2363 2365 2364
4 2357 2360 2366 2363
4 2360 2361 2367 2366
4 2363 2366 2368 2365
4 2366 2367 2369 2368
4 2333 2348 2370 2359
4 2348 2349 2371 2370
4 2359 2370 2372 2361
4 2370 2371 2373 2372
4 2349 2352 2374 2371
4 2352 2353 2375 2374
4 2371 2374 2376 2373
4 2374 2375 2377 2376
4 2361 2372 2378 2367
4 2372 2373 2379 2378
4 2367 2378 2380 2369
4 2378 2379 2381 2380
4 2373 2376 2382 2379
4 2376 2377 2383 2382
4 2379 2382 2384 2381
4 2382 2383 2385 2384
4 1345 2292 2386 1431
4 2292 2293 2387 2386
4 1431 2386 2388 1433
4 2386 2387 2389 2388
4 2293 2296 2390 2387
4 2296 2297 2391 2390
4 2387 2390 2392 2389
4 2390 2391 2393 2392
4 1433 2388 2394 1439
4 2388 2389 2395 2394
4 1439 2394 2396 1441
4 2394 2395 2397 2396
4 2389 2392 2398 2395
4 2392 2393 2399 2398
4 2395 2398 2400 2397
4 2398 2399 2401 2400
4 2297 2308 2402 2391
4 2308 2309 2403 2402
4 2391 2402 2404 2393
4 2402 2403 2405 2404
4 2309 2312 2406 2403
4 2312 2313 2407 2406
4 2403 2406 2408 2405
4 2406 2407 2409 2408
4 2393 2404 2410 2399
4 2404 2405 2411 2410
4 2399 2410 2412 2401
4 2410 2411 2413 2412
4 2405 2408 2414 2411
4 2408 2409 2415 2414
4 2411 2414 2416 2413
4 2414 2415 2417 2416
4 1441 2396 2418 1463
4 2396 2397 2419 2418
4 1463 2418 2420 1465
4 2418 2419 2421 2420
4 2397 2400 2422 2419
4 2400 2401 2423 2422
4 2419 2422 2424 2421
4 2422 2423 2425 2424
4 1465 2420 2426 1471
4 2420 2421 2427 2426
4 1471 2426 2428 1473
4 2426 2427 2429 2428
4 2421 2424 2430 2427
4 2424 2425 2431 2430
4 2427 2430 2432 2429
4 2430 2431 2433 2432
4 2401 2412 2434 2423
4 2412 2413 2435 2434
4 2423 2434 2436 2425
4 2434 2435 2437 2436
4 2413 2416 2438 2435
4 2416 2417 2439 2438
4 2435 2438 2440 2437
4 2438 2439 2441 2440
4 2425 2436 2442 2431
4 2436 2437 2443 2442
4 2431 2442 2444 2433
4 2442 2443 2445 2444
4 2437 2440 2446 2443
4 2440 2441 2447 2446
4 2443 2446 2448 2445
4 2446 2447 2449 2448
4 2313 2364 2450 2407
4 2364 2365 2451 2450
4 2407 2450 2452 2409
4 2450 2451 2453 2452
4 2365 2368 2454 2451
4 2368 2369 2455 2454
4 2451 2454 2456 2453
4 2454 2455 2457 2456
4 2409 2452 2458 2415
4 2452 2453 2459 2458
4 2415 2458 2460 2417
4 2458 2459 2461 2460
4 2453 2456 2462 2459
4 2456 2457 2463 2462
4 2459 2462 2464 2461
4 2462 2463 2465 2464
4 2369 2380 2466 2455
4 2380 2381 2467 2466
4 2455 2466 2468 2457
4 2466 2467 2469 2468
4 2381 2384 2470 2467
4 2384 2385 2471 2470
4 2467 2470 2472 2469
4 2470 2471 2473 2472
4 2457 2468 2474 2463
4 2468 2469 2475 2474
4 2463 2474 2476 2465
4 2474 2475 2477 2476
4 2469 2472 2478 2475
4 2472 2473 2479 2478
4 2475 2478 2480 2477
4 2478 2479 2481 2480
4 2417 2460 2482 2439
4 2460 2461 2483 2482
4 2439 2482 2484 2441
4 2482 2483 2485 2484
4 2461 2464 2486 2483
4 2464 2465 2487 2486
4 2483 2486 2488 2485
4 2486 2487 2489 2488
4 2441 2484 2490 2447
4 2484 2485 2491 2490
4 2447 2490 2492 2449
4 2490 2491 2493 2492
4 2485 2488 2494 2491
4 2488 2489 2495 2494
4 2491 2494 2496 2493
4 2494 2495 2497 2496
4 2465 2476 2498 2487
4 2476 2477 2499 2498
4 2487 2498 2500 2489
4 2498 2499 2501 2500
4 2477 2480 2502 2499
4 2480 2481 2503 2502
4 2499 2502 2504 2501
4 2502 2503 2505 2504
4 2489 2500 2506 2495
4 2500 2501 2507 2506
4 2495 2506 2508 2497
4 2506 2507 2509 2508
4 2501 2504 2510 2507
4 2504 2505 2511 2510
4 2507 2510 2512 2509
4 2510 2511 2513 2512
4 1473 2428 2514 1559
4 2428 2429 2515 2514
4 1559 2514 2516 1561
4 2514 2515 2517 2516
4 2429 2432 2518 2515
4 2432 2433 2519 2518
4 2515 2518 2520 2517
4 2518 2519 2521 2520
4 1561 2516 2522 1567
4 2516 2517 2523 2522
4 1567 2522 2524 1569
4 2522 2523 2525 2524
4 2517 2520 2526 2523
4 2520 2521 2527 2526
4 2523 2526 2528 2525
4 2526 2527 2529 2528
4 2433 2444 2530 2519
4 2444 2445 2531 2530
4 2519 2530 2532 2521
4 2530 2531 2533 2532
4 2445 2448 2534 2531
4 2448 2449 2535 2534
4 2531 2534 2536 2533
4 2534 2535 2537 2536
4 2521 2532 2538 2527
4 2532 2533 2539 2538
4 2527 2538 2540 2529
4 2538 2539 2541 2540
4 2533 2536 2542 2539
4 2536 2537 2543 2542
4 2539 2542 2544 2541
4 2542 2543 2545 2544
4 1569 2524 2546 1591
4 2524 2525 2547 2546
4 1591 2546 2548 1593
4 2546 2547 2549 2548
4 2525 2528 2550 2547
4 2528 2529 2551 2550
4 2547 2550 2552 2549
4 2550 2551 2553 2552
4 1593 2548 2554 1599
4 2548 2549 2555 2554
4 1599 2554 2556 1601
4 2554 2555 2557 2556
4 2549 2552 2558 2555
4 2552 2553 2559 2558
4 2555 2558 2560 2557
4 2558 2559 2561 2560
4 2529 2540 2562 2551
4 2540 2541 2563 2562
4 2551 2562 2564 2553
4 2562 2563 2565 2564
4 2541 2544 2566 2563
4 2544 2545 2567 2566
4 2563 2566 2568 2565
4 2566 2567 2569 2568
4 2553 2564 2570 2559
4 2564 2565 2571 2570
4 2559 2570 2572 2561
4 2570 2571 2573 2572
4 2565 2568 2574 2571
4 2568 2569 2575 2574
4 2571 2574 2576 2573
4 2574 2575 2577 2576
4 2449 2492 2578 2535
4 2492 2493 2579 2578
4 2535 2578 2580 2537
4 2578 2579 2581 2580
4 2493 2496 2582 2579
4 2496 2497 2583 2582
4 2579 2582 2584 2581
4 2582 2583 2585 2584
4 2537 2580 2586 2543
4 2580 2581 2587 2586
4 2543 2586 2588 2545
4 2586 2587 2589 2588
4 2581 2584 2590 2587
4 2584 2585 2591 2590
4 2587 2590 2592 2589
4 2590 2591 2593 2592
4 2497 2508 2594 2583
4 2508 2509 2595 2594
4 2583 2594 2596 2585
4 2594 2595 2597 2596
4 2509 2512 2598 2595
4 2512 2513 2599 2598
4 2595 2598 2600 2597
4 2598 2599 2601 2600
4 2585 2596 2602 2591
4 2596 2597 2603 2602
4 2591 2602 2604 2593
4 2602 2603 2605 2604
4 2597 2600 2606 2603
4 2600 2601 2607 2606
4 2603 2606 2608 2605
4 2606 2607 2609 2608
4 2545 2588 2610 2567
4 2588 2589 2611 2610
4 2567 2610 2612 2569
4 2610 2611 2613 2612
4 2589 2592 2614 2611
4 2592 2593 2615 2614
4 2611 2614 2616 2613
4 2614 2615 2617 2616
4 2569 2612 2618 2575
4 2612 2613 2619 2618
4 2575 2618 2620 2577
4 2618 2619 2621 2620
4 2613 2616 2622 2619
4 2616 2617 2623 2622
4 2619 2622 2624 2621
4 2622 2623 2625 2624
4 2593 2604 2626 2615
4 2604 2605 2627 2626
4 2615 2626 2628 2617
4 2626 2627 2629 2628
4 2605 2608 2630 2627
4 2608 2609 2631 2630
4 2627 2630 2632 2629
4 2630 2631 2633 2632
4 2617 2628 2634 2623
4 2628 2629 2635 2634
4 2623 2634 2636 2625
4 2634 2635 2637 2636
4 2629 2632 2638 2635
4 2632 2633 2639 2638
4 2635 2638 2640 2637
4 2638 2639 2641 2640
4 1601 2556 2642 1687
4 2556 2557 2643 2642
4 1687 2642 2644 1689
4 2642 2643 2645 2644
4 2557 2560 2646 2643
4 2560 2561 2647 2646
4 2643 2646 2648 2645
4 2646 2647 2649 2648
4 1689 2644 2650 1695
4 2644 2645 2651 2650
4 1695 2650 2652 1697
4 2650 2651 2653 2652
4 2645 2648 2654 2651
4 2648 2649 2655 2654
4 2651 2654 2656 2653
4 2654 2655 2657 2656
4 2561 2572 2658 2647
4 2572 2573 2659 2658
4 2647 2658 2660 2649
4 2658 2659 2661 2660
4 2573 2576 2662 2659
4 2576 2577 2663 2662
4 2659 2662 2664 2661
4 2662 2663 2665 2664
4 2649 2660 2666 2655
4 2660 2661 2667 2666
4 2655 2666 2668 2657
4 2666 2667 2669 2668
4 2661 2664 2670 2667
4 2664 2665 2671 2670
4 2667 2670 2672 2669
4 2670 2671 2673 2672
4 1697 2652 2674 1719
4 2652 2653 2675 2674
4 1719 2674 2676 1721
4 2674 2675 2677 2676
4 2653 2656 2678 2675
4 2656 2657 2679 2678
4 2675 2678 2680 2677
4 2678 2679 2681 2680
4 1721 2676 2682 1727
4 2676 2677 2683 2682
4 1727 2682 2684 1729
4 2682 2683 2685 2684
4 2677 2680 2686 2683
4 2680 2681 2687 2686
4 2683 2686 2688 2685
4 2686 2687 2689 2688
4 2657 2668 2690 2679
4 2668 2669 2691 2690
4 2679 2690 2692 2681
4 2690 2691 2693 2692
4 2669 2672 2694 2691
4 2672 2673 2695 2694
4 2691 2694 2696 2693
4 2694 2695 2697 2696
4 2681 2692 2698 2687
4 2692 2693 2699 2698
4 2687 2698 2700 2689
4 2698 2699 2701 2700
4 2693 2696 2702 2699
4 2696 2697 2703 2702
4 2699 2702 2704 2701
4 2702 2703 2705 2704
4 2577 2620 2706 2663
4 2620 2621 2707 2706
4 2663 2706 2708 2665
4 2706 2707 2709 2708
4 2621 2624 2710 2707
4 2624 2625 2711 2710
4 2707 2710 2712 2709
4 2710 2711 2713 2712
4 2665 2708 2714 2671
4 2708 2709 2715 2714
4 2671 2714 2716 2673
4 2714 2715 2717 2716
4 2709 2712 2718 2715
4 2712 2713 2719 2718
4 2715 2718 2720 2717
4 2718 2719 2721 2720
4 2625 2636 2722 2711
4 2636 2637 2723 2722
4 2711 2722 2724 2713
4 2722 2723 2725 2724
4 2637 2640 2726 2723
4 2640 2641 2727 2726
4 2723 2726 2728 2725
4 2726 2727 2729 2728
4 2713 2724 2730 2719
4 2724 2725 2731 2730
4 2719 2730 2732 2721
4 2730 2731 2733 2732
4 2725 2728 2734 2731
4 2728 2729 2735 2734
4 2731 2734 2736 2733
4 2734 2735 2737 2736
4 2673 2716 2738 2695
4 2716 2717 2739 2738
4 2695 2738 2740 2697
4 2738 2739 2741 2740
4 2717 2720 2742 2739
4 2720 2721 2743 2742
4 2739 2742 2744 2741
4 2742 2743 2745 2744
4 2697 2740 2746 2703
4 2740 2741 2747 2746
4 2703 2746 2748 2705
4 2746 2747 2749 2748
4 2741 2744 2750 2747
4 2744 2745 2751 2750
4 2747 2750 2752 2749
4 2750 2751 2753 2752
4 2721 2732 2754 2743
4 2732 2733 2755 2754
4 2743 2754 2756 2745
4 2754 2755 2757 2756
4 2733 2736 2758 2755
4 2736 2737 2759 2758
4 2755 2758 2760 2757
4 2758 2759 2761 2760
4 2745 2756 2762 2751
4 2756 2757 2763 2762
4 2751 2762 2764 2753
4 2762 2763 2765 2764
4 2757 2760 2766 2763
4 2760 2761 2767 2766
4 2763 2766 2768 2765
4 2766 2767 2769 2768
4 1729 2684 2770 1815
4 2684 2685 2771 2770
4 1815 2770 2772 1817
4 2770 2771 2773 2772
4 2685 2688 2774 2771
4 2688 2689 2775 2774
4 2771 2774 2776 2773
4 2774 2775 2777 2776
4 1817 2772 2778 1823
4 2772 2773 2779 2778
4 1823 2778 2780 1825
4 2778 2779 2781 2780
4 2773 2776 2782 2779
4 2776 2777 2783 2782
4 2779 2782 2784 2781
4 2782 2783 2785 2784
4 2689 2700 2786 2775
4 2700 2701 2787 2786
4 2775 2786 2788 2777
4 2786 2787 2789 2788
4 2701 2704 2790 2787
4 2704 2705 2791 2790
4 2787 2790 2792 2789
4 2790 2791 2793 2792
4 2777 2788 2794 2783
4 2788 2789 2795 2794
4 2783 2794 2796 2785
4 2794 2795 2797 2796
4 2789 2792 2798 2795
4 2792 2793 2799 2798
4 2795 2798 2800 2797
4 2798 2799 2801 2800
4 1825 2780 2802 1847
4 2780 2781 2803 2802
4 1847 2802 2804 1849
4 2802 2803 2805 2804
4 2781 2784 2806 2803
4 2784 2785 2807 2806
4 2803 2806 2808 2805
4 2806 2807 2809 2808
4 1849 2804 2810 1855
4 2804 2805 2811 2810
4 1855 2810 2812 1857
4 2810 2811 2813 2812
4 2805 2808 2814 2811
4 2808 2809 2815 2814
4 2811 2814 2816 2813
4 2814 2815 2817 2816
4 2785 2796 2818 2807
4 2796 2797 2819 2818
4 2807 2818 2820 2809
4 2818 2819 2821 2820
4 2797 2800 2822 2819
4 2800 2801 2823 2822
4 2819 2822 2824 2821
4 2822 2823 2825 2824
4 2809 2820 2826 2815
4 2820 2821 2827 2826
4 2815 2826 2828 2817
4 2826 2827 2829 2828
4 2821 2824 2830 2827
4 2824 2825 2831 2830
4 2827 2830 2832 2829
4 2830 2831 2833 2832
4 2705 2748 2834 2791
4 2748 2749 2835 2834
4 2791 2834 2836 2793
4 2834 2835 2837 2836
4 2749 2752 2838 2835
4 2752 2753 2839 2838
4 2835 2838 2840 2837
4 2838 2839 2841 2840
4 2793 2836 2842 2799
4 2836 2837 2843 2842
4 2799 2842 2844 2801
4 2842 2843 2845 2844
4 2837 2840 2846 2843
4 2840 2841 2847 2846
4 2843 2846 2848 2845
4 2846 2847 2849 2848
4 2753 2764 2850 2839
4 2764 2765 2851 2850
4 2839 2850 2852 2841
4 2850 2851 2853 2852
4 2765 2768 2854 2851
4 2768 2769 2855 2854
4 2851 2854 2856 2853
4 2854 2855 2857 2856
4 2841 2852 2858 2847
4 2852 2853 2859 2858
4 2847 2858 2860 2849
4 2858 2859 2861 2860
4 2853 2856 2862 2859
4 2856 2857 2863 2862
4 2859 2862 2864 2861
4 2862 2863 2865 2864
4 2801 2844 2866 2823
4 2844 2845 2867 2866
4 2823 2866 2868 2825
4 2866 2867 2869 2868
4 2845 2848 2870 2867
4 2848 2849 2871 2870
4 2867 2870 2872 2869
4 2870 2871 2873 2872
4 2825 2868 2874 2831
4 2868 2869 2875 2874
4 2831 2874 2876 2833
4 2874 2875 2877 2876
4 2869 2872 2878 2875
4 2872 2873 2879 2878
4 2875 2878 2880 2877
4 2878 2879 2881 2880
4 2849 2860 2882 2871
4 2860 2861 2883 2882
4 2871 2882 2884 2873
4 2882 2883 2885 2884
4 2861 2864 2886 2883
4 2864 2865 2887 2886
4 2883 2886 2888 2885
4 2886 2887 2889 2888
4 2873 2884 2890 2879
4 2884 2885 2891 2890
4 2879 2890 2892 2881
4 2890 2891 2893 2892
4 2885 2888 2894 2891
4 2888 2889 2895 2894
4 2891 2894 2896 2893
4 2894 2895 2897 2896
4 1857 2812 2898 1943
4 2812 2813 2899 2898
4 1943 2898 2900 1945
4 2898 2899 2901 2900
4 2813 2816 2902 2899
4 2816 2817 2903 2902
4 2899 2902 2904 2901
4 2902 2903 2905 2904
4 1945 2900 2906 1951
4 2900 2901 2907 2906
4 1951 2906 2908 1953
4 2906 2907 2909 2908
4 2901 2904 2910 2907
4 2904 2905 2911 2910
4 2907 2910 2912 2909
4 2910 2911 2913 2912
4 2817 2828 2914 2903
4 2828 2829 2915 2914
4 2903 2914 2916 2905
4 2914 2915 2917 2916
4 2829 2832 2918 2915
4 2832 2833 2919 2918
4 2915 2918 2920 2917
4 2918 2919 2921 2920
4 2905 2916 2922 2911
4 2916 2917 2923 2922
4 2911 2922 2924 2913
4 2922 2923 2925 2924
4 2917 2920 2926 2923
4 2920 2921 2927 2926
4 2923 2926 2928 2925
4 2926 2927 2929 2928
4 1953 2908 2930 1975
4 2908 2909 2931 2930
4 1975 2930 2932 1977
4 2930 2931 2933 2932
4 2909 2912 2934 2931
4 2912 2913 2935 2934
4 2931 2934 2936 2933
4 2934 2935 2937 2936
4 1977 2932 2938 1983
4 2932 2933 2939 2938
4 1983 2938 2940 1985
4 2938 2939 2941 2940
4 2933 2936 2942 2939
4 2936 2937 2943 2942
4 2939 2942 2944 2941
4 2942 2943 2945 2944
4 2913 2924 2946 2935
4 2924 2925 2947 2946
4 2935 2946 2948 2937
4 2946 2947 2949 2948
4 2925 2928 2950 2947
4 2928 2929 2951 2950
4 2947 2950 2952 2949
4 2950 2951 2953 2952
4 2937 2948 2954 2943
4 2948 2949 2955 2954
4 2943 2954 2956 2945
4 2954 2955 2957 2956
4 2949 2952 2958 2955
4 2952 2953 2959 2958
4 2955 2958 2960 2957
4 2958 2959 2961 2960
4 2833 2876 2962 2919
4 2876 2877 2963 2962
4 2919 2962 2964 2921
4 2962 2963 2965 2964
4 2877 2880 2966 2963
4 2880 2881 2967 2966
4 2963 2966 2968 2965
4 2966 2967 2969 2968
4 2921 2964 2970 2927
4 2964 2965 2971 2970
4 2927 2970 2972 2929
4 2970 2971 2973 2972
4 2965 2968 2974 2971
4 2968 2969 2975 2974
4 2971 2974 2976 2973
4 2974 2975 2977 2976
4 2881 2892 2978 2967
4 2892 2893 2979 2978
4 2967 2978 2980 2969
4 2978 2979 2981 2980
4 2893 2896 2982 2979
4 2896 2897 2983 2982
4 2979 2982 2984 2981
4 2982 2983 2985 2984
4 2969 2980 2986 2975
4 2980 2981 2987 2986
4 2975 2986 2988 2977
4 2986 2987 2989 2988
4 2981 2984 2990 2987
4 2984 2985 2991 2990
4 2987 2990 2992 2989
4 2990 2991 2993 2992
4 2929 2972 2994 2951
4 2972 2973 2995 2994
4 2951 2994 2996 2953
4 2994 2995 2997 2996
4 2973 2976 2998 2995
4 2976 2977 2999 2998
4 2995 2998 3000 2997
4 2998 2999 3001 3000
4 2953 2996 3002 2959
4 2996 2997 3003 3002
4 2959 3002 3004 2961
4 3002 3003 3005 3004
4 2997 3000 3006 3003
4 3000 3001 3007 3006
4 3003 3006 3008 3005
4 3006 3007 3009 3008
4 2977 2988 3010 2999
4 2988 2989 3011 3010
4 2999 3010 3012 3001
4 3010 3011 3013 3012
4 2989 2992 3014 3011
4 2992 2993 3015 3014
4 3011 3014 3016 3013
4 3014 3015 3017 3016
4 3001 3012 3018 3007
4 3012 3013 3019 3018
4 3007 3018 3020 3009
4 3018 3019 3021 3020
4 3013 3016 3022 3019
4 3016 3017 3023 3022
4 3019 3022 3024 3021
4 3022 3023 3025 3024
4 1985 2940 3026 2071
4 2940 2941 3027 3026
4 2071 3026 3028 2073
4 3026 3027 3029 3028
4 2941 2944 3030 3027
4 2944 2945 3031 3030
4 3027 3030 3032 3029
4 3030 3031 3033 3032
4 2073 3028 3034 2079
4 3028 3029 3035 3034
4 2079 3034 3036 2081
4 3034 3035 3037 3036
4 3029 3032 3038 3035
4 3032 3033 3039 3038
4 3035 3038 3040 3037
4 3038 3039 3041 3040
4 2945 2956 3042 3031
4 2956 2957 3043 3042
4 3031 3042 3044 3033
4 3042 3043 3045 3044
4 2957 2960 3046 3043
4 2960 2961 3047 3046
4 3043 3046 3048 3045
4 3046 3047 3049 3048
4 3033 3044 3050 3039
4 3044 3045 3051 3050
4 3039 3050 3052 3041
4 3050 3051 3053 3052
4 3045 3048 3054 3051
4 3048 3049 3055 3054
4 3051 3054 3056 3053
4 3054 3055 3057 3056
4 2081 3036 3058 2103
4 3036 3037 3059 3058
4 2103 3058 3060 2105
4 3058 3059 3061 3060
4 3037 3040 3062 3059
4 3040 3041 3063 3062
4 3059 3062 3064 3061
4 3062 3063 3065 3064
4 2105 3060 3066 2111
4 3060 3061 3067 3066
4 2111 3066 3068 2113
4 3066 3067 3069 3068
4 3061 3064 3070 3067
4 3064 3065 3071 3070
4 3067 3070 3072 3069
4 3070 3071 3073 3072
4 3041 3052 3074 3063
4 3052 3053 3075 3074
4 3063 3074 3076 3065
4 3074 3075 3077 3076
4 3053 3056 3078 3075
4 3056 3057 3079 3078
4 3075 3078 3080 3077
4 3078 3079 3081 3080
4 3065 3076 3082 3071
4 3076 3077 3083 3082
4 3071 3082 3084 3073
4 3082 3083 3085 3084
4 3077 3080 3086 3083
4 3080 3081 3087 3086
4 3083 3086 3088 3085
4 3086 3087 3089 3088
4 2961 3004 3090 3047
4 3004 3005 3091 3090
4 3047 3090 3092 3049
4 3090 3091 3093 3092
4 3005 3008 3094 3091
4 3008 3009 3095 3094
4 3091 3094 3096 3093
4 3094 3095 3097 3096
4 3049 3092 3098 3055
4 3092 3093 3099 3098
4 3055 3098 3100 3057
4 3098 3099 3101 3100
4 3093 3096 3102 3099
4 3096 3097 3103 3102
4 3099 3102 3104 3101
4 3102 3103 3105 3104
4 3009 3020 3106 3095
4 3020 3021 3107 3106
4 3095 3106 3108 3097
4 3106 3107 3109 3108
4 3021 3024 3110 3107
4 3024 3025 3111 3110
4 3107 3110 3112 3109
4 3110 3111 3113 3112
4 3097 3108 3114 3103
4 3108 3109 3115 3114
4 3103 3114 3116 3105
4 3114 3115 3117 3116
4 3109 3112 3118 3115
4 3112 3113 3119 3118
4 3115 3118 3120 3117
4 3118 3119 3121 3120
4 3057 3100 3122 3079
4 3100 3101 3123 3122
4 3079 3122 3124 3081
4 3122 3123 3125 3124
4 3101 3104 3126 3123
4 3104 3105 3127 3126
4 3123 3126 3128 3125
4 3126 3127 3129 3128
4 3081 3124 3130 3087
4 3124 3125 3131 3130
4 3087 3130 3132 3089
4 3130 3131 3133 3132
4 3125 3128 3134 3131
4 3128 3129 3135 3134
4 3131 3134 3136 3133
4 3134 3135 3137 3136
4 3105 3116 3138 3127
4 3116 3117 3139 3138
4 3127 3138 3140 3129
4 3138 3139 3141 3140
4 3117 3120 3142 3139
4 3120 3121 3143 3142
4 3139 3142 3144 3141
4 3142 3143 3145 3144
4 3129 3140 3146 3135
4 3140 3141 3147 3146
4 3135 3146 3148 3137
4 3146 3147 3149 3148
4 3141 3144 3150 3147
4 3144 3145 3151 3150
4 3147 3150 3152 3149
4 3150 3151 3153 3152
4 2113 3068 3154 2199
4 3068 3069 3155 3154
4 2199 3154 3156 2201
4 3154 3155 3157 3156
4 3069 3072 3158 3155
4 3072 3073 3159 3158
4 3155 3158 3160 3157
4 3158 3159 3161 3160
4 2201 3156 3162 2207
4 3156 3157 3163 3162
4 2207 3162 3164 2209
4 3162 3163 3165 3164
4 3157 3160 3166 3163
4 3160 3161 3167 3166
4 3163 3166 3168 3165
4 3166 3167 3169 3168
4 3073 3084 3170 3159
4 3084 3085 3171 3170
4 3159 3170 3172 3161
4 3170 3171 3173 3172
4 3085 3088 3174 3171
4 3088 3089 3175 3174
4 3171 3174 3176 3173
4 3174 3175 3177 3176
4 3161 3172 3178 3167
4 3172 3173 3179 3178
4 3167 3178 3180 3169
4 3178 3179 3181 3180
4 3173 3176 3182 3179
4 3176 3177 3183 3182
4 3179 3182 3184 3181
4 3182 3183 3185 3184
4 2209 3164 3186 2231
4 3164 3165 3187 3186
4 2231 3186 3188 2233
4 3186 3187 3189 3188
4 3165 3168 3190 3187
4 3168 3169 3191 3190
4 3187 3190 3192 3189
4 3190 3191 3193 3192
4 2233 3188 3194 2239
4 3188 3189 3195 3194
4 2239 3194 3196 2241
4 3194 3195 3197 3196
4 3189 3192 3198 3195
4 3192 3193 3199 3198
4 3195 3198 3200 3197
4 3198 3199 3201 3200
4 3169 3180 3202 3191
4 3180 3181 3203 3202
4 3191 3202 3204 3193
4 3202 3203 3205 3204
4 3181 3184 3206 3203
4 3184 3185 3207 3206
4 3203 3206 3208 3205
4 3206 3207 3209 3208
4 3193 3204 3210 3199
4 3204 3205 3211 3210
4 3199 3210 3212 3201
4 3210 3211 3213 3212
4 3205 3208 3214 3211
4 3208 3209 3215 3214
4 3211 3214 3216 3213
4 3214 3215 3217 3216
4 3089 3132 3218 3175
4 3132 3133 3219 3218
4 3175 3218 3220 3177
4 3218 3219 3221 3220
4 3133 3136 3222 3219
4 3136 3137 3223 3222
4 3219 3222 3224 3221
4 3222 3223 3225 3224
4 3177 3220 3226 3183
4 3220 3221 3227 3226
4 3183 3226 3228 3185
4 3226 3227 3229 3228
4 3221 3224 3230 3227
4 3224 3225 3231 3230
4 3227 3230 3232 3229
4 3230 3231 3233 3232
4 3137 3148 3234 3223
4 3148 3149 3235 3234
4 3223 3234 3236 3225
4 3234 3235 3237 3236
4 3149 3152 3238 3235
4 3152 3153 3239 3238
4 3235 3238 3240 3237
4 3238 3239 3241 3240
4 3225 3236 3242 3231
4 3236 3237 3243 3242
4 3231 3242 3244 3233
4 3242 3243 3245 3244
4 3237 3240 3246 3243
4 3240 3241 3247 3246
4 3243 3246 3248 3245
4 3246 3247 3249 3248
4 3185 3228 3250 3207
4 3228 3229 3251 3250
4 3207 3250 3252 3209
4 3250 3251 3253 3252
4 3229 3232 3254 3251
4 3232 3233 3255 3254
4 3251 3254 3256 3253
4 3254 3255 3257 3256
4 3209 3252 3258 3215
4 3252 3253 3259 3258
4 3215 3258 3260 3217
4 3258 3259 3261 3260
4 3253 3256 3262 3259
4 3256 3257 3263 3262
4 3259 3262 3264 3261
4 3262 3263 3265 3264
4 3233 3244 3266 3255
4 3244 3245 3267 3266
4 3255 3266 3268 3257
4 3266 3267 3269 3268
4 3245 3248 3270 3267
4 3248 3249 3271 3270
4 3267 3270 3272 3269
4 3270 3271 3273 3272
4 3257 3268 3274 3263
4 3268 3269 3275 3274
4 3263 3274 3276 3265
4 3274 3275 3277 3276
4 3269 3272 3278 3275
4 3272 3273 3279 3278
4 3275 3278 3280 3277
4 3278 3279 3281 3280
4 2342 3282 3283 2343
4 3282 3284 3285 3283
4 2343 3283 3286 2345
4 3283 3285 3287 3286
4 3284 3288 3289 3285
4 3288 3290 3291 3289
4 3285 3289 3292 3287
4 3289 3291 3293 3292
4 2345 3286 3294 2351
4 3286 3287 3295 3294
4 2351 3294 3296 2353
4 3294 3295 3297 3296
4 3287 3292 3298 3295
4 3292 3293 3299 3298
4 3295 3298 3300 3297
4 3298 3299 3301 3300
4 3290 3302 3303 3291
4 3302 3304 3305 3303
4 3291 3303 3306 3293
4 3303 3305 3307 3306
4 3304 3308 3309 3305
4 3308 3310 3311 3309
4 3305 3309 3312 3307
4 3309 3311 3313 3312
4 3293 3306 3314 3299
4 3306 3307 3315 3314
4 3299 3314 3316 3301
4 3314 3315 3317 3316
4 3307 3312 3318 3315
4 3312 3313 3319 3318
4 3315 3318 3320 3317
4 3318 3319 3321 3320
4 2353 3296 3322 2375
4 3296 3297 3323 3322
4 2375 3322 3324 2377
4 3322 3323 3325 3324
4 3297 3300 3326 3323
4 3300 3301 3327 3326
4 3323 3326 3328 3325
4 3326 3327 3329 3328
4 2377 3324 3330 2383
4 3324 3325 3331 3330
4 2383 3330 3332 2385
4 3330 3331 3333 3332
4 3325 3328 3334 3331
4 3328 3329 3335 3334
4 3331 3334 3336 3333
4 3334 3335 3337 3336
4 3301 3316 3338 3327
4 3316 3317 3339 3338
4 3327 3338 3340 3329
4 3338 3339 3341 3340
4 3317 3320 3342 3339
4 3320 3321 3343 3342
4 3339 3342 3344 3341
4 3342 3343 3345 3344
4 3329 3340 3346 3335
4 3340 3341 3347 3346
4 3335 3346 3348 3337
4 3346 3347 3349 3348
4 3341 3344 3350 3347
4 3344 3345 3351 3350
4 3347 3350 3352 3349
4 3350 3351 3353 3352
4 3310 3354 3355 3311
4 3354 3356 3357 3355
4 3311 3355 3358 3313
4 3355 3357 3359 3358
4 3356 3360 3361 3357
4 3360 3362 3363 3361
4 3357 3361 3364 3359
4 3361 3363 3365 3364
4 3313 3358 3366 3319
4 3358 3359 3367 3366
4 3319 3366 3368 3321
4 3366 3367 3369 3368
4 3359 3364 3370 3367
4 3364 3365 3371 3370
4 3367 3370 3372 3369
4 3370 3371 3373 3372
4 3362 3374 3375 3363
4 3374 3376 3377 3375
4 3363 3375 3378 3365
4 3375 3377 3379 3378
4 3376 3380 3381 3377
4 3380 3382 3383 3381
4 3377 3381 3384 3379
4 3381 3383 3385 3384
4 3365 3378 3386 3371
4 3378 3379 3387 3386
4 3371 3386 3388 3373
4 3386 3387 3389 3388
4 3379 3384 3390 3387
4 3384 3385 3391 3390
4 3387 3390 3392 3389
4 3390 3391 3393 3392
4 3321 3368 3394 3343
4 3368 3369 3395 3394
4 3343 3394 3396 3345
4 3394 3395 3397 3396
4 3369 3372 3398 3395
4 3372 3373 3399 3398
4 3395 3398 3400 3397
4 3398 3399 3401 3400
4 3345 3396 3402 3351
4 3396 3397 3403 3402
4 3351 3402 3404 3353
4 3402 3403 3405 3404
4 3397 3400 3406 3403
4 3400 3401 3407 3406
4 3403 3406 3408 3405
4 3406 3407 3409 3408
4 3373 3388 3410 3399
4 3388 3389 3411 3410
4 3399 3410 3412 3401
4 3410 3411 3413 3412
4 3389 3392 3414 3411
4 3392 3393 3415 3414
4 3411 3414 3416 3413
4 3414 3415 3417 3416
4 3401 3412 3418 3407
4 3412 3413 3419 3418
4 3407 3418 3420 3409
4 3418 3419 3421 3420
4 3413 3416 3422 3419
4 3416 3417 3423 3422
4 3419 3422 3424 3421
4 3422 3423 3425 3424
4 2385 3332 3426 2471
4 3332 3333 3427 3426
4 2471 3426 3428 2473
4 3426 3427 3429 3428
4 3333 3336 3430 3427
4 3336 3337 3431 3430
4 3427 3430 3432 3429
4 3430 3431 3433 3432
4 2473 3428 3434 2479
4 3428 3429 3435 3434
4 2479 3434 3436 2481
4 3434 3435 3437 3436
4 3429 3432 3438 3435
4 3432 3433 3439 3438
4 3435 3438 3440 3437
4 3438 3439 3441 3440
4 3337 3348 3442 3431
4 3348 3349 3443 3442
4 3431 3442 3444 3433
4 3442 3443 3445 3444
4 3349 3352 3446 3443
4 3352 3353 3447 3446
4 3443 3446 3448 3445
4 3446 3447 3449 3448
4 3433 3444 3450 3439
4 3444 3445 3451 3450
4 3439 3450 3452 3441
4 3450 3451 3453 3452
4 3445 3448 3454 3451
4 3448 3449 3455 3454
4 3451 3454 3456 3453
4 3454 3455 3457 3456
4 2481 3436 3458 2503
4 3436 3437 3459 3458
4 2503 3458 3460 2505
4 3458 3459 3461 3460
4 3437 3440 3462 3459
4 3440 3441 3463 3462
4 3459 3462 3464 3461
4 3462 3463 3465 3464
4 2505 3460 3466 2511
4 3460 3461 3467 3466
4 2511 3466 3468 2513
4 3466 3467 3469 3468
4 3461 3464 3470 3467
4 3464 3465 3471 3470
4 3467 3470 3472 3469
4 3470 3471 3473 3472
4 3441 3452 3474 3463
4 3452 3453 3475 3474
4 3463 3474 3476 3465
4 3474 3475 3477 3476
4 3453 3456 3478 3475
4 3456 3457 3479 3478
4 3475 3478 3480 3477
4 3478 3479 3481 3480
4 3465 3476 3482 3471
4 3476 3477 3483 3482
4 3471 3482 3484 3473
4 3482 3483 3485 3484
4 3477 3480 3486 3483
4 3480 3481 3487 3486
4 3483 3486 3488 3485
4 3486 3487 3489 3488
4 3353 3404 3490 3447
4 3404 3405 3491 3490
4 3447 3490 3492 3449
4 3490 3491 3493 3492
4 3405 3408 3494 3491
4 3408 3409 3495 3494
4 3491 3494 3496 3493
4 3494 3495 3497 3496
4 3449 3492 3498 3455
4 3492 3493 3499 3498
4 3455 3498 3500 3457
4 3498 3499 3501 3500
4 3493 3496 3502 3499
4 3496 3497 3503 3502
4 3499 3502 3504 3501
4 3502 3503 3505 3504
4 3409 3420 3506 3495
4 3420 3421 3507 3506
4 3495 3506 3508 3497
4 3506 3507 3509 3508
4 3421 3424 3510 3507
4 3424 3425 3511 3510
4 3507 3510 3512 3509
4 3510 3511 3513 3512
4 3497 3508 3514 3503
4 3508 3509 3515 3514
4 3503 3514 3516 3505
4 3514 3515 3517 3516
4 3509 3512 3518 3515
4 3512 3513 3519 3518
4 3515 3518 3520 3517
4 3518 3519 3521 3520
4 3457 3500 3522 3479
4 3500 3501 3523 3522
4 3479 3522 3524 3481
4 3522 3523 3525 3524
4 3501 3504 3526 3523
4 3504 3505 3527 3526
4 3523 3526 3528 3525
4 3526 3527 3529 3528
4 3481 3524 3530 3487
4 3524 3525 3531 3530
4 3487 3530 3532 3489
4 3530 3531 3533 3532
4 3525 3528 3534 3531
4 3528 3529 3535 3534
4 3531 3534 3536 3533
4 3534 3535 3537 3536
4 3505 3516 3538 3527
4 3516 3517 3539 3538
4 3527 3538 3540 3529
4 3538 3539 3541 3540
4 3517 3520 3542 3539
4 3520 3521 3543 3542
4 3539 3542 3544 3541
4 3542 3543 3545 3544
4 3529 3540 3546 3535
4 3540 3541 3547 3546
4 3535 3546 3548 3537
4 3546 3547 3549 3548
4 3541 3544 3550 3547
4 3544 3545 3551 3550
4 3547 3550 3552 3549
4 3550 3551 3553 3552
4 2513 3468 3554 2599
4 3468 3469 3555 3554
4 2599 3554 3556 2601
4 3554 3555 3557 3556
4 3469 3472 3558 3555
4 3472 3473 3559 3558
4 3555 3558 3560 3557
4 3558 3559 3561 3560
4 2601 3556 3562 2607
4 3556 3557 3563 3562
4 2607 3562 3564 2609
4 3562 3563 3565 3564
4 3557 3560 3566 3563
4 3560 3561 3567 3566
4 3563 3566 3568 3565
4 3566 3567 3569 3568
4 3473 3484 3570 3559
4 3484 3485 3571 3570
4 3559 3570 3572 3561
4 3570 3571 3573 3572
4 3485 3488 3574 3571
4 3488 3489 3575 3574
4 3571 3574 3576 3573
4 3574 3575 3577 3576
4 3561 3572 3578 3567
4 3572 3573 3579 3578
4 3567 3578 3580 3569
4 3578 3579 3581 3580
4 3573 3576 3582 3579
4 3576 3577 3583 3582
4 3579 3582 3584 3581
4 3582 3583 3585 3584
4 2609 3564 3586 2631
4 3564 3565 3587 3586
4 2631 3586 3588 2633
4 3586 3587 3589 3588
4 3565 3568 3590 3587
4 3568 3569 3591 3590
4 3587 3590 3592 3589
4 3590 3591 3593 3592
4 2633 3588 3594 2639
4 3588 3589 3595 3594
4 2639 3594 3596 2641
4 3594 3595 3597 3596
4 3589 3592 3598 3595
4 3592 3593 3599 3598
4 3595 3598 3600 3597
4 3598 3599 3601 3600
4 3569 3580 3602 3591
4 3580 3581 3603 3602
4 3591 3602 3604 3593
4 3602 3603 3605 3604
4 3581 3584 3606 3603
4 3584 3585 3607 3606
4 3603 3606 3608 3605
4 3606 3607 3609 3608
4 3593 3604 3610 3599
4 3604 3605 3611 3610
4 3599 3610 3612 3601
4 3610 3611 3613 3612
4 3605 3608 3614 3611
4 3608 3609 3615 3614
4 3611 3614 3616 3613
4 3614 3615 3617 3616
4 3489 3532 3618 3575
4 3532 3533 3619 3618
4 3575 3618 3620 3577
4 3618 3619 3621 3620
4 3533 3536 3622 3619
4 3536 3537 3623 3622
4 3619 3622 3624 3621
4 3622 3623 3625 3624
4 3577 3620 3626 3583
4 3620 3621 3627 3626
4 3583 3626 3628 3585
4 3626 3627 3629 3628
4 3621 3624 3630 3627
4 3624 3625 3631 3630
4 3627 3630 3632 3629
4 3630 3631 3633 3632
4 3537 3548 3634 3623
4 3548 3549 3635 3634
4 3623 3634 3636 3625
4 3634 3635 3637 3636
4 3549 3552 3638 3635
4 3552 3553 3639 3638
4 3635 3638 3640 3637
4 3638 3639 3641 3640
4 3625 3636 3642 3631
4 3636 3637 3643 3642
4 3631 3642 3644 3633
4 3642 3643 3645 3644
4 3637 3640 3646 3643
4 3640 3641 3647 3646
4 3643 3646 3648 3645
4 3646 3647 3649 3648
4 3585 3628 3650 3607
4 3628 3629 3651 3650
4 3607 3650 3652 3609
4 3650 3651 3653 3652
4 3629 3632 3654 3651
4 3632 3633 3655 3654
4 3651 3654 3656 3653
4 3654 3655 3657 3656
4 3609 3652 3658 3615
4 3652 3653 3659 3658
4 3615 3658 3660 3617
4 3658 3659 3661 3660
4 3653 3656 3662 3659
4 3656 3657 3663 3662
4 3659 3662 3664 3661
4 3662 3663 3665 3664
4 3633 3644 3666 3655
4 3644 3645 3667 3666
4 3655 3666 3668 3657
4 3666 3667 3669 3668
4 3645 3648 3670 3667
4 3648 3649 3671 3670
4 3667 3670 3672 3669
4 3670 3671 3673 3672
4 3657 3668 3674 3663
4 3668 3669 3675 3674
4 3663 3674 3676 3665
4 3674 3675 3677 3676
4 3669 3672 3678 3675
4 3672 3673 3679 3678
4 3675 3678 3680 3677
4 3678 3679 3681 3680
4 2641 3596 3682 2727
4 3596 3597 3683 3682
4 2727 3682 3684 2729
4 3682 3683 3685 3684
4 3597 3600 3686 3683
4 3600 3601 3687 3686
4 3683 3686 3688 3685
4 3686 3687 3689 3688
4 2729 3684 3690 2735
4 3684 3685 3691 3690
4 2735 3690 3692 2737
4 3690 3691 3693 3692
4 3685 3688 3694 3691
4 3688 3689 3695 3694
4 3691 3694 3696 3693
4 3694 3695 3697 3696
4 3601 3612 3698 3687
4 3612 3613 3699 3698
4 3687 3698 3700 3689
4 3698 3699 3701 3700
4 3613 3616 3702 3699
4 3616 3617 3703 3702
4 3699 3702 3704 3701
4 3702 3703 3705 3704
4 3689 3700 3706 3695
4 3700 3701 3707 3706
4 3695 3706 3708 3697
4 3706 3707 3709 3708
4 3701 3704 3710 3707
4 3704 3705 3711 3710
4 3707 3710 3712 3709
4 3710 3711 3713 3712
4 2737 3692 3714 2759
4 3692 3693 3715 3714
4 2759 3714 3716 2761
4 3714 3715 3717 3716
4 3693 3696 3718 3715
4 3696 3697 3719 3718
4 3715 3718 3720 3717
4 3718 3719 3721 3720
4 2761 3716 3722 2767
4 3716 3717 3723 3722
4 2767 3722 3724 2769
4 3722 3723 3725 3724
4 3717 3720 3726 3723
4 3720 3721 3727 3726
4 3723 3726 3728 3725
4 3726 3727 3729 3728
4 3697 3708 3730 3719
4 3708 3709 3731 3730
4 3719 3730 3732 3721
4 3730 3731 3733 3732
4 3709 3712 3734 3731
4 3712 3713 3735 3734
4 3731 3734 3736 3733
4 3734 3735 3737 3736
4 3721 3732 3738 3727
4 3732 3733 3739 3738
4 3727 3738 3740 3729
4 3738 3739 3741 3740
4 3733 3736 3742 3739
4 3736 3737 3743 3742
4 3739 3742 3744 3741
4 3742 3743 3745 3744
4 3617 3660 3746 3703
4 3660 3661 3747 3746
4 3703 3746 3748 3705
4 3746 3747 3749 3748
4 3661 3664 3750 3747
4 3664 3665 3751 3750
4 3747 3750 3752 3749
4 3750 3751 3753 3752
4 3705 3748 3754 3711
4 3748 3749 3755 3754
4 3711 3754 3756 3713
4 3754 3755 3757 3756
4 3749 3752 3758 3755
4 3752 3753 3759 3758
4 3755 3758 3760 3757
4 3758 3759 3761 3760
4 3665 3676 3762 3751
4 3676 3677 3763 3762
4 3751 3762 3764 3753
4 3762 3763 3765 3764
4 3677 3680 3766 3763
4 3680 3681 3767 3766
4 3763 3766 3768 3765
4 3766 3767 3769 3768
4 3753 3764 3770 3759
4 3764 3765 3771 3770
4 3759 3770 3772 3761
4 3770 3771 3773 3772
4 3765 3768 3774 3771
4 3768 3769 3775 3774
4 3771 3774 3776 3773
4 3774 3775 3777 3776
4 3713 3756 3778 3735
4 3756 3757 3779 3778
4 3735 3778 3780 3737
4 3778 3779 3781 3780
4 3757 3760 3782 3779
4 3760 3761 3783 3782
4 3779 3782 3784 3781
4 3782 3783 3785 3784
4 3737 3780 3786 3743
4 3780 3781 3787 3786
4 3743 3786 3788 3745
4 3786 3787 3789 3788
4 3781 3784 3790 3787
4 3784 3785 3791 3790
4 3787 3790 3792 3789
4 3790 3791 3793 3792
4 3761 3772 3794 3783
4 3772 3773 3795 3794
4 3783 3794 3796 3785
4 3794 3795 3797 3796
4 3773 3776 3798 3795
4 3776 3777 3799 3798
4 3795 3798 3800 3797
4 3798 3799 3801 3800
4 3785 3796 3802 3791
4 3796 3797 3803 3802
4 3791 3802 3804 3793
4 3802 3803 3805 3804
4 3797 3800 3806 3803
4 3800 3801 3807 3806
4 3803 3806 3808 3805
4 3806 3807 3809 3808
4 2769 3724 3810 2855
4 3724 3725 3811 3810
4 2855 3810 3812 2857
4 3810 3811 3813 3812
4 3725 3728 3814 3811
4 3728 3729 3815 3814
4 3811 3814 3816 3813
4 3814 3815 3817 3816
4 2857 3812 3818 2863
4 3812 3813 3819 3818
4 2863 3818 3820 2865
4 3818 3819 3821 3820
4 3813 3816 3822 3819
4 3816 3817 3823 3822
4 3819 3822 3824 3821
4 3822 3823 3825 3824
4 3729 3740 3826 3815
4 3740 3741 3827 3826
4 3815 3826 3828 3817
4 3826 3827 3829 3828
4 3741 3744 3830 3827
4 3744 3745 3831 3830
4 3827 3830 3832 3829
4 3830 3831 3833 3832
4 3817 3828 3834 3823
4 3828 3829 3835 3834
4 3823 3834 3836 3825
4 3834 3835 3837 3836
4 3829 3832 3838 3835
4 3832 3833 3839 3838
4 3835 3838 3840 3837
4 3838 3839 3841 3840
4 2865 3820 3842 2887
4 3820 3821 3843 3842
4 2887 3842 3844 2889
4 3842 3843 3845 3844
4 3821 3824 3846 3843
4 3824 3825 3847 3846
4 3843 3846 3848 3845
4 3846 3847 3849 3848
4 2889 3844 3850 2895
4 3844 3845 3851 3850
4 2895 3850 3852 2897
4 3850 3851 3853 3852
4 3845 3848 3854 3851
4 3848 3849 3855 3854
4 3851 3854 3856 3853
4 3854 3855 3857 3856
4 3825 3836 3858 3847
4 3836 3837 3859 3858
4 3847 3858 3860 3849
4 3858 3859 3861 3860
4 3837 3840 3862 3859
4 3840 3841 3863 3862
4 3859 3862 3864 3861
4 3862 3863 3865 3864
4 3849 3860 3866 3855
4 3860 3861 3867 3866
4 3855 3866 3868 3857
4 3866 3867 3869 3868
4 3861 3864 3870 3867
4 3864 3865 3871 3870
4 3867 3870 3872 3869
4 3870 3871 3873 3872
4 3745 3788 3874 3831
4 3788 3789 3875 3874
4 3831 3874 3876 3833
4 3874 3875 3877 3876
4 3789 3792 3878 3875
4 3792 3793 3879 3878
4 3875 3878 3880 3877
4 3878 3879 3881 3880
4 3833 3876 3882 3839
4 3876 3877 3883 3882
4 3839 3882 3884 3841
4 3882 3883 3885 3884
4 3877 3880 3886 3883
4 3880 3881 3887 3886
4 3883 3886 3888 3885
4 3886 3887 3889 3888
4 3793 3804 3890 3879
4 3804 3805 3891 3890
4 3879 3890 3892 3881
4 3890 3891 3893 3892
4 3805 3808 3894 3891
4 3808 3809 3895 3894
4 3891 3894 3896 3893
4 3894 3895 3897 3896
4 3881 3892 3898 3887
4 3892 3893 3899 3898
4 3887 3898 3900 3889
4 3898 3899 3901 3900
4 3893 3896 3902 3899
4 3896 3897 3903 3902
4 3899 3902 3904 3901
4 3902 3903 3905 3904
4 3841 3884 3906 3863
4 3884 3885 3907 3906
4 3863 3906 3908 3865
4 3906 3907 3909 3908
4 3885 3888 3910 3907
4 3888 3889 3911 3910
4 3907 3910 3912 3909
4 3910 3911 3913 3912
4 3865 3908 3914 3871
4 3908 3909 3915 3914
4 3871 3914 3916 3873
4 3914 3915 3917 3916
4 3909 3912 3918 3915
4 3912 3913 3919 3918
4 3915 3918 3920 3917
4 3918 3919 3921 3920
4 3889 3900 3922 3911
4 3900 3901 3923 3922
4 3911 3922 3924 3913
4 3922 3923 3925 3924
4 3901 3904 3926 3923
4 3904 3905 3927 3926
4 3923 3926 3928 3925
4 3926 3927 3929 3928
4 3913 3924 3930 3919
4 3924 3925 3931 3930
4 3919 3930 3932 3921
4 3930 3931 3933 3932
4 3925 3928 3934 3931
4 3928 3929 3935 3934
4 3931 3934 3936 3933
4 3934 3935 3937 3936
4 2897 3852 3938 2983
4 3852 3853 3939 3938
4 2983 3938 3940 2985
4 3938 3939 3941 3940
4 3853 3856 3942 3939
4 3856 3857 3943 3942
4 3939 3942 3944 3941
4 3942 3943 3945 3944
4 2985 3940 3946 2991
4 3940 3941 3947 3946
4 2991 3946 3948 2993
4 3946 3947 3949 3948
4 3941 3944 3950 3947
4 3944 3945 3951 3950
4 3947 3950 3952 3949
4 3950 3951 3953 3952
4 3857 3868 3954 3943
4 3868 3869 3955 3954
4 3943 3954 3956 3945
4 3954 3955 3957 3956
4 3869 3872 3958 3955
4 3872 3873 3959 3958
4 3955 3958 3960 3957
4 3958 3959 3961 3960
4 3945 3956 3962 3951
4 3956 3957 3963 3962
4 3951 3962 3964 3953
4 3962 3963 3965 3964
4 3957 3960 3966 3963
4 3960 3961 3967 3966
4 3963 3966 3968 3965
4 3966 3967 3969 3968
4 2993 3948 3970 3015
4 3948 3949 3971 3970
4 3015 3970 3972 3017
4 3970 3971 3973 3972
4 3949 3952 3974 3971
4 3952 3953 3975 3974
4 3971 3974 3976 3973
4 3974 3975 3977 3976
4 3017 3972 3978 3023
4 3972 3973 3979 3978
4 3023 3978 3980 3025
4 3978 3979 3981 3980
4 3973 3976 3982 3979
4 3976 3977 3983 3982
4 3979 3982 3984 3981
4 3982 3983 3985 3984
4 3953 3964 3986 3975
4 3964 3965 3987 3986
4 3975 3986 3988 3977
4 3986 3987 3989 3988
4 3965 3968 3990 3987
4 3968 3969 3991 3990
4 3987 3990 3992 3989
4 3990 3991 3993 3992
4 3977 3988 3994 3983
4 3988 3989 3995 3994
4 3983 3994 3996 3985
4 3994 3995 3997 3996
4 3989 3992 3998 3995
4 3992 3993 3999 3998
4 3995 3998 4000 3997
4 3998 3999 4001 4000
4 3873 3916 4002 3959
4 3916 3917 4003 4002
4 3959 4002 4004 3961
4 4002 4003 4005 4004
4 3917 3920 4006 4003
4 3920 3921 4007 4006
4 4003 4006 4008 4005
4 4006 4007 4009 4008
4 3961 4004 4010 3967
4 4004 4005 4011 4010
4 3967 4010 4012 3969
4 4010 4011 4013 4012
4 4005 4008 4014 4011
4 4008 4009 4015 4014
4 4011 4014 4016 4013
4 4014 4015 4017 4016
4 3921 3932 4018 4007
4 3932 3933 4019 4018
4 4007 4018 4020 4009
4 4018 4019 4021 4020
4 3933 3936 4022 4019
4 3936 3937 4023 4022
4 4019 4022 4024 4021
4 4022 4023 4025 4024
4 4009 4020 4026 4015
4 4020 4021 4027 4026
4 4015 4026 4028 4017
4 4026 4027 4029 4028
4 4021 4024 4030 4027
4 4024 4025 4031 4030
4 4027 4030 4032 4029
4 4030 4031 4033 4032
4 3969 4012 4034 3991
4 4012 4013 4035 4034
4 3991 4034 4036 3993
4 4034 4035 4037 4036
4 4013 4016 4038 4035
4 4016 4017 4039 4038
4 4035 4038 4040 4037
4 4038 4039 4041 4040
4 3993 4036 4042 3999
4 4036 4037 4043 4042
4 3999 4042 4044 4001
4 4042 4043 4045 4044
4 4037 4040 4046 4043
4 4040 4041 4047 4046
4 4043 4046 4048 4045
4 4046 4047 4049 4048
4 4017 4028 4050 4039
4 4028 4029 4051 4050
4 4039 4050 4052 4041
4 4050 4051 4053 4052
4 4029 4032 4054 4051
4 4032 4033 4055 4054
4 4051 4054 4056 4053
4 4054 4055 4057 4056
4 4041 4052 4058 4047
4 4052 4053 4059 4058
4 4047 4058 4060 4049
4 4058 4059 4061 4060
4 4053 4056 4062 4059
4 4056 4057 4063 4062
4 4059 4062 4064 4061
4 4062 4063 4065 4064
4 3025 3980 4066 3111
4 3980 3981 4067 4066
4 3111 4066 4068 3113
4 4066 4067 4069 4068
4 3981 3984 4070 4067
4 3984 3985 4071 4070
4 4067 4070 4072 4069
4 4070 4071 4073 4072
4 3113 4068 4074 3119
4 4068 4069 4075 4074
4 3119 4074 4076 3121
4 4074 4075 4077 4076
4 4069 4072 4078 4075
4 4072 4073 4079 4078
4 4075 4078 4080 4077
4 4078 4079 4081 4080
4 3985 3996 4082 4071
4 3996 3997 4083 4082
4 4071 4082 4084 4073
4 4082 4083 4085 4084
4 3997 4000 4086 4083
4 4000 4001 4087 4086
4 4083 4086 4088 4085
4 4086 4087 4089 4088
4 4073 4084 4090 4079
4 4084 4085 4091 4090
4 4079 4090 4092 4081
4 4090 4091 4093 4092
4 4085 4088 4094 4091
4 4088 4089 4095 4094
4 4091 4094 4096 4093
4 4094 4095 4097 4096
4 3121 4076 4098 3143
4 4076 4077 4099 4098
4 3143 4098 4100 3145
4 4098 4099 4101 4100
4 4077 4080 4102 4099
4 4080 4081 4103 4102
4 4099 4102 4104 4101
4 4102 4103 4105 4104
4 3145 4100 4106 3151
4 4100 4101 4107 4106
4 3151 4106 4108 3153
4 4106 4107 4109 4108
4 4101 4104 4110 4107
4 4104 4105 4111 4110
4 4107 4110 4112 4109
4 4110 4111 4113 4112
4 4081 4092 4114 4103
4 4092 4093 4115 4114
4 4103 4114 4116 4105
4 4114 4115 4117 4116
4 4093 4096 4118 4115
4 4096 4097 4119 4118
4 4115 4118 4120 4117
4 4118 4119 4121 4120
4 4105 4116 4122 4111
4 4116 4117 4123 4122
4 4111 4122 4124 4113
4 4122 4123 4125 4124
4 4117 4120 4126 4123
4 4120 4121 4127 4126
4 4123 4126 4128 4125
4 4126 4127 4129 4128
4 4001 4044 4130 4087
4 4044 4045 4131 4130
4 4087 4130 4132 4089
4 4130 4131 4133 4132
4 4045 4048 4134 4131
4 4048 4049 4135 4134
4 4131 4134 4136 4133
4 4134 4135 4137 4136
4 4089 4132 4138 4095
4 4132 4133 4139 4138
4 4095 4138 4140 4097
4 4138 4139 4141 4140
4 4133 4136 4142 4139
4 4136 4137 4143 4142
4 4139 4142 4144 4141
4 4142 4143 4145 4144
4 4049 4060 4146 4135
4 4060 4061 4147 4146
4 4135 4146 4148 4137
4 4146 4147 4149 4148
4 4061 4064 4150 4147
4 4064 4065 4151 4150
4 4147 4150 4152 4149
4 4150 4151 4153 4152
4 4137 4148 4154 4143
4 4148 4149 4155 4154
4 4143 4154 4156 4145
4 4154 4155 4157 4156
4 4149 4152 4158 4155
4 4152 4153 4159 4158
4 4155 4158 4160 4157
4 4158 4159 4161 4160
4 4097 4140 4162 4119
4 4140 4141 4163 4162
4 4119 4162 4164 4121
4 4162 4163 4165 4164
4 4141 4144 4166 4163
4 4144 4145 4167 4166
4 4163 4166 4168 4165
4 4166 4167 4169 4168
4 4121 4164 4170 4127
4 4164 4165 4171 4170
4 4127 4170 4172 4129
4 4170 4171 4173 4172
4 4165 4168 4174 4171
4 4168 4169 4175 4174
4 4171 4174 4176 4173
4 4174 4175 4177 4176
4 4145 4156 4178 4167
4 4156 4157 4179 4178
4 4167 4178 4180 4169
4 4178 4179 4181 4180
4 4157 4160 4182 4179
4 4160 4161 4183 4182
4 4179 4182 4184 4181
4 4182 4183 4185 4184
4 4169 4180 4186 4175
4 4180 4181 4187 4186
4 4175 4186 4188 4177
4 4186 4187 4189 4188
4 4181 4184 4190 4187
4 4184 4185 4191 4190
4 4187 4190 4192 4189
4 4190 4191 4193 4192
4 3153 4108 4194 3239
4 4108 4109 4195 4194
4 3239 4194 4196 3241
4 4194 4195 4197 4196
4 4109 4112 4198 4195
4 4112 4113 4199 4198
4 4195 4198 4200 4197
4 4198 4199 4201 4200
4 3241 4196 4202 3247
4 4196 4197 4203 4202
4 3247 4202 4204 3249
4 4202 4203 4205 4204
4 4197 4200 4206 4203
4 4200 4201 4207 4206
4 4203 4206 4208 4205
4 4206 4207 4209 4208
4 4113 4124 4210 4199
4 4124 4125 4211 4210
4 4199 4210 4212 4201
4 4210 4211 4213 4212
4 4125 4128 4214 4211
4 4128 4129 4215 4214
4 4211 4214 4216 4213
4 4214 4215 4217 4216
4 4201 4212 4218 4207
4 4212 4213 4219 4218
4 4207 4218 4220 4209
4 4218 4219 4221 4220
4 4213 4216 4222 4219
4 4216 4217 4223 4222
4 4219 4222 4224 4221
4 4222 4223 4225 4224
4 3249 4204 4226 3271
4 4204 4205 4227 4226
4 3271 4226 4228 3273
4 4226 4227 4229 4228
4 4205 4208 4230 4227
4 4208 4209 4231 4230
4 4227 4230 4232 4229
4 4230 4231 4233 4232
4 3273 4228 4234 3279
4 4228 4229 4235 4234
4 3279 4234 4236 3281
4 4234 4235 4237 4236
4 4229 4232 4238 4235
4 4232 4233 4239 4238
4 4235 4238 4240 4237
4 4238 4239 4241 4240
4 4209 4220 4242 4231
4 4220 4221 4243 4242
4 4231 4242 4244 4233
4 4242 4243 4245 4244
4 4221 4224 4246 4243
4 4224 4225 4247 4246
4 4243 4246 4248 4245
4 4246 4247 4249 4248
4 4233 4244 4250 4239
4 4244 4245 4251 4250
4 4239 4250 4252 4241
4 4250 4251 4253 4252
4 4245 4248 4254 4251
4 4248 4249 4255 4254
4 4251 4254 4256 4253
4 4254 4255 4257 4256
4 4129 4172 4258 4215
4 4172 4173 4259 4258
4 4215 4258 4260 4217
4 4258 4259 4261 4260
4 4173 4176 4262 4259
4 4176 4177 4263 4262
4 4259 4262 4264 4261
4 4262 4263 4265 4264
4 4217 4260 4266 4223
4 4260 4261 4267 4266
4 4223 4266 4268 4225
4 4266 4267 4269 4268
4 4261 4264 4270 4267
4 4264 4265 4271 4270
4 4267 4270 4272 4269
4 4270 4271 4273 4272
4 4177 4188 4274 4263
4 4188 4189 4275 4274
4 4263 4274 4276 4265
4 4274 4275 4277 4276
4 4189 4192 4278 4275
4 4192 4193 4279 4278
4 4275 4278 4280 4277
4 4278 4279 4281 4280
4 4265 4276 4282 4271
4 4276 4277 4283 4282
4 4271 4282 4284 4273
4 4282 4283 4285 4284
4 4277 4280 4286 4283
4 4280 4281 4287 4286
4 4283 4286 4288 4285
4 4286 4287 4289 4288
4 4225 4268 4290 4247
4 4268 4269 4291 4290
4 4247 4290 4292 4249
4 4290 4291 4293 4292
4 4269 4272 4294 4291
4 4272 4273 4295 4294
4 4291 4294 4296 4293
4 4294 4295 4297 4296
4 4249 4292 4298 4255
4 4292 4293 4299 4298
4 4255 4298 4300 4257
4 4298 4299 4301 4300
4 4293 4296 4302 4299
4 4296 4297 4303 4302
4 4299 4302 4304 4301
4 4302 4303 4305 4304
4 4273 4284 4306 4295
4 4284 4285 4307 4306
4 4295 4306 4308 4297
4 4306 4307 4309 4308
4 4285 4288 4310 4307
4 4288 4289 4311 4310
4 4307 4310 4312 4309
4 4310 4311 4313 4312
4 4297 4308 4314 4303
4 4308 4309 4315 4314
4 4303 4314 4316 4305
4 4314 4315 4317 4316
4 4309 4312 4318 4315
4 4312 4313 4319 4318
4 4315 4318 4320 4317
4 4318 4319 4321 4320
1 2 4 5 8 10 12 17 20 26 28 33 36 42 44 49 52 58 60 65 68 74 76 81 84 90 92 97 100 106 108 113 116 122 124 128 130 143 146 153 156 178 180 184 186 198 200 204 206 251 254 261 264 287 290 297 300 387 390 397 400 423 426 433 436 523 526 533 536 559 562 569 572 659 662 669 672 695 698 705 708 795 798 805 808 831 834 841 844 931 934 941 944 967 970 977 980 1067 1070 1077 1080 1103 1106 1113 1115 1116 1117 1120 1121 1132 1133 1136 1137 1180 1181 1184 1185 1196 1197 1200 1201 1202 1204 1208 1210 1222 1224 1228 1230 1274 1276 1280 1282 1294 1296 1300 1302 2156 2157 2160 2161 2172 2173 2176 2177 2220 2221 2224 2225 2236 2237 2240 2241 2242 2244 2248 2250 2262 2264 2268 2270 2314 2316 2320 2322 2334 2336 2340 2342 3196 3197 3200 3201 3212 3213 3216 3217 3260 3261 3264 3265 3276 3277 3280 3281 3282 3284 3288 3290 3302 3304 3308 3310 3354 3356 3360 3362 3374 3376 3380 3382 3383 3385 3391 3393 3415 3417 3423 3425 3511 3513 3519 3521 3543 3545 3551 3553 3639 3641 3647 3649 3671 3673 3679 3681 3767 3769 3775 3777 3799 3801 3807 3809 3895 3897 3903 3905 3927 3929 3935 3937 4023 4025 4031 4033 4055 4057 4063 4065 4151 4153 4159 4161 4183 4185 4191 4193 4236 4237 4240 4241 4252 4253 4256 4257 4279 4281 4287 4289 4300 4301 4304 4305 4311 4313 4316 4317 4319 4320 4321
